experiment_id,experiment_name,contact_strategy,reference_strategy,subaction_index,narration_id,video_id,narration,verb,noun,all_nouns,start_frame_1_based,stop_frame_1_based,clipped_start_frame_0_based,clipped_stop_frame_0_based,candidate_index,frame_0_based,frame_1_based,hand,status,passed_stage,failed_stage,fail_reason,contact_points,ref_idx,ref_frame_1_based,ref_gap,reference_anchor_gap,trajectory_points,missing_trajectory_count,heatmap_mode,sample_score,sample_dir,reference_mode,reference_reason,reference_attempted_refs,reference_reject_reasons,active_hand_visible_at_ref,active_hand_score_at_ref,active_hand_state_at_ref,active_hand_contact_binary_at_ref,any_contact_binary_at_ref,reference_hand_object_iou,reference_hand_object_center_distance,projected_contact_centroid_ref,projected_contact_centroid_in_bounds,strict_ref_idx_shadow,strict_reference_anchor_gap_shadow,reference_anchor_gap_delta_vs_strict,strict_reference_available,fallback_reference_used,fallback_reference_attempted,fallback_reference_in_pre_contact_gap,fallback_ref_before_episode_start,fallback_rescued_from_no_strict_humanless,no_pre_episode_reference_window_not_rescued,rescued_from_no_strict_humanless,crop_bbox_150,crop_hand_overlap_ratio,object_hand_overlap_ratio,fallback_attempted_refs,fallback_reject_reasons,fallback_precheck_homography_min_inlier_ratio,fallback_precheck_homography_min_inliers,fallback_precheck_homography_min_good_matches,pre_contact_window_nonempty,episode_contact_start_frame_0_based,episode_contact_start_frame_1_based,episode_contact_end_frame_0_based,candidate_frame_offset_from_episode_start,reference_anchor_frame_0_based,pre_contact_gap_start_frame_0_based,pre_contact_gap_end_frame_0_based,gap_length_before_episode_start,raw_semantic_window_start_0_based,raw_semantic_window_end_0_based,effective_reference_window_start_0_based,effective_reference_window_end_0_based,max_ref_backtrack,window_truncated_by_max_backtrack,reference_search_window_start_0_based,reference_search_window_end_0_based,ref_before_episode_start,is_candidate_at_episode_start,is_candidate_near_episode_start,episode_contact_run_length,subaction_new_contact_count,candidate_is_episode_representative,episode_id_within_subaction,episode_start_hand,episode_start_reason,reference_object_consistency_pass,reference_object_consistency_reason,reference_object_bbox,reference_object_bbox_score,reference_object_iou,reference_object_center_distance,projected_object_bbox,projected_object_area,projected_contact_to_reference_object_distance,projected_contact_means_inside_reference_object_count,reference_object_candidate_count,is_articulated_object_candidate,articulated_object_policy,episode_decision,episode_final_label,episode_id,episode_reason,episode_object_key,episode_noun_tokens,episode_prev_subaction_index,episode_prev_narration_id,episode_prev_last_contact_frame,episode_gap_start_frame,episode_gap_stop_frame,episode_no_contact_streak,episode_no_hand_streak,episode_raw_candidate_count,episode_filtered_candidate_count,min_ref_frame_idx,reference_frame,label_heatmap_npy,label_heatmap_png,label_heatmap_overlay,vrb_style_affordance,heatmap_shape,arrow_generated,problem3_full_overlay,problem3_crop,homography_pairs,homography_min_inlier_ratio,homography_min_inliers,homography_min_good_matches,homography_fail_reasons,sample_key,in_baseline
E14,E14_closest_clean_pre_contact_reference,first_new_contact_episode_first_timestep,closest_clean_pre_contact_reference,6,P01_109_8,P01_109,pick up potato,pick-up,potato,['potato'],500,622,499,621,0.0,527.0,528.0,right,keep,Cell4_label_heatmap,,,69,511.0,512.0,16.0,16.0,6,0.0,covariance,5.8662093862815885,/Users/huhu/Documents/Code/bishe/vrb/vrbreproduction/outputs/e14/experiments/E14/pipeline_outputs/subaction_06_P01_109_8/episode_01_right/frame_000527_right,closest_clean_pre_contact_humanless,closest_clean_pre_contact_frame,16,{'crop_hand_overlap_above_threshold': 15},False,0.21743205189704895,PORTABLE_OBJECT,0.0,0.0,,,"(264.0584411621094, 150.71871948242188)",True,,,-2.0,False,False,True,False,False,False,False,False,"(189, 76, 339, 226)",0.0,,0,{},0.8231046931407943,63.0,69.0,True,527.0,528.0,592.0,0.0,527.0,483.0,526.0,44.0,483.0,526.0,483.0,526.0,360.0,False,483.0,526.0,True,True,True,66.0,1,True,1.0,right,smoothed_contact_0_to_1,,,,,,,,,,,,False,record_only,new_contact_episode,new_contact_episode,P01_109_sub006_ep01_right,smoothed_contact_run_start_within_subaction,potato,['potato'],,,,,,,,140,1,483.0,/Users/huhu/Documents/Code/bishe/vrb/vrbreproduction/outputs/e14/experiments/E14/pipeline_outputs/subaction_06_P01_109_8/episode_01_right/frame_000527_right/reference_frame.png,/Users/huhu/Documents/Code/bishe/vrb/vrbreproduction/outputs/e14/experiments/E14/pipeline_outputs/subaction_06_P01_109_8/episode_01_right/frame_000527_right/label_heatmap_merged.npy,/Users/huhu/Documents/Code/bishe/vrb/vrbreproduction/outputs/e14/experiments/E14/pipeline_outputs/subaction_06_P01_109_8/episode_01_right/frame_000527_right/label_heatmap_merged.png,/Users/huhu/Documents/Code/bishe/vrb/vrbreproduction/outputs/e14/experiments/E14/pipeline_outputs/subaction_06_P01_109_8/episode_01_right/frame_000527_right/label_heatmap_merged_overlay.png,/Users/huhu/Documents/Code/bishe/vrb/vrbreproduction/outputs/e14/experiments/E14/pipeline_outputs/subaction_06_P01_109_8/episode_01_right/frame_000527_right/vrb_style_affordance.png,"(256, 456)",True,/Users/huhu/Documents/Code/bishe/vrb/vrbreproduction/outputs/e14/experiments/E14/pipeline_outputs/subaction_06_P01_109_8/episode_01_right/frame_000527_right/diagnostics/problem3_ref_full_overlay.png,/Users/huhu/Documents/Code/bishe/vrb/vrbreproduction/outputs/e14/experiments/E14/pipeline_outputs/subaction_06_P01_109_8/episode_01_right/frame_000527_right/diagnostics/problem3_ref_crop.png,111.0,0.8231046931407943,63.0,69.0,,6:527:right,True
E14,E14_closest_clean_pre_contact_reference,first_new_contact_episode_first_timestep,closest_clean_pre_contact_reference,12,P01_109_12,P01_109,open drawer,open,drawer,['drawer'],1045,1123,1044,1122,0.0,1070.0,1071.0,left,keep,Cell4_label_heatmap,,,63,1069.0,1070.0,1.0,1.0,6,0.0,covariance,6.166666666666667,/Users/huhu/Documents/Code/bishe/vrb/vrbreproduction/outputs/e14/experiments/E14/pipeline_outputs/subaction_12_P01_109_12/episode_01_left/frame_001070_left,closest_clean_pre_contact_active_hand_visible,closest_clean_pre_contact_frame,1,{},True,0.7118384838104248,PORTABLE_OBJECT,0.0,1.0,0.0436926427736093,52.03124237060547,"(62.8000373840332, 245.05538940429688)",True,,,,False,False,True,False,False,False,False,False,"(0, 106, 150, 256)",0.03128888888888889,,0,{},0.9838709677419355,183.0,186.0,True,1070.0,1071.0,1141.0,0.0,1070.0,815.0,1069.0,255.0,815.0,1069.0,815.0,1069.0,360.0,False,815.0,1069.0,True,True,True,72.0,1,True,1.0,left,smoothed_contact_0_to_1,,,,,,,,,,,,True,record_only,new_contact_episode,new_contact_episode,P01_109_sub012_ep01_left,smoothed_contact_run_start_within_subaction,drawer,['drawer'],,,,,,,,132,1,815.0,/Users/huhu/Documents/Code/bishe/vrb/vrbreproduction/outputs/e14/experiments/E14/pipeline_outputs/subaction_12_P01_109_12/episode_01_left/frame_001070_left/reference_frame.png,/Users/huhu/Documents/Code/bishe/vrb/vrbreproduction/outputs/e14/experiments/E14/pipeline_outputs/subaction_12_P01_109_12/episode_01_left/frame_001070_left/label_heatmap_merged.npy,/Users/huhu/Documents/Code/bishe/vrb/vrbreproduction/outputs/e14/experiments/E14/pipeline_outputs/subaction_12_P01_109_12/episode_01_left/frame_001070_left/label_heatmap_merged.png,/Users/huhu/Documents/Code/bishe/vrb/vrbreproduction/outputs/e14/experiments/E14/pipeline_outputs/subaction_12_P01_109_12/episode_01_left/frame_001070_left/label_heatmap_merged_overlay.png,/Users/huhu/Documents/Code/bishe/vrb/vrbreproduction/outputs/e14/experiments/E14/pipeline_outputs/subaction_12_P01_109_12/episode_01_left/frame_001070_left/vrb_style_affordance.png,"(256, 456)",True,/Users/huhu/Documents/Code/bishe/vrb/vrbreproduction/outputs/e14/experiments/E14/pipeline_outputs/subaction_12_P01_109_12/episode_01_left/frame_001070_left/diagnostics/problem3_ref_full_overlay.png,/Users/huhu/Documents/Code/bishe/vrb/vrbreproduction/outputs/e14/experiments/E14/pipeline_outputs/subaction_12_P01_109_12/episode_01_left/frame_001070_left/diagnostics/problem3_ref_crop.png,21.0,0.9583333333333334,178.0,183.0,,12:1070:left,False
E14,E14_closest_clean_pre_contact_reference,first_new_contact_episode_first_timestep,closest_clean_pre_contact_reference,17,P01_109_17,P01_109,close freezer,close,freezer,['freezer'],1419,1464,1418,1463,0.0,1422.0,1423.0,left,keep,Cell4_label_heatmap,,,121,1420.0,1421.0,2.0,2.0,6,0.0,covariance,7.31566265060241,/Users/huhu/Documents/Code/bishe/vrb/vrbreproduction/outputs/e14/experiments/E14/pipeline_outputs/subaction_17_P01_109_17/episode_01_left/frame_001422_left,closest_clean_pre_contact_humanless,closest_clean_pre_contact_frame,2,{'crop_hand_overlap_above_threshold': 1},False,0.05042902007699013,PORTABLE_OBJECT,0.0,0.0,,,"(20.992900848388672, 211.58059692382812)",True,,,,False,False,True,False,False,False,False,False,"(0, 106, 150, 256)",0.0,,0,{},0.9578313253012049,159.0,166.0,True,1422.0,1423.0,1456.0,0.0,1422.0,1385.0,1421.0,37.0,1385.0,1421.0,1385.0,1421.0,360.0,False,1385.0,1421.0,True,True,True,35.0,1,True,1.0,left,smoothed_contact_0_to_1,,,,,,,,,,,,True,record_only,new_contact_episode,new_contact_episode,P01_109_sub017_ep01_left,smoothed_contact_run_start_within_subaction,freezer,['freezer'],,,,,,,,35,1,1385.0,/Users/huhu/Documents/Code/bishe/vrb/vrbreproduction/outputs/e14/experiments/E14/pipeline_outputs/subaction_17_P01_109_17/episode_01_left/frame_001422_left/reference_frame.png,/Users/huhu/Documents/Code/bishe/vrb/vrbreproduction/outputs/e14/experiments/E14/pipeline_outputs/subaction_17_P01_109_17/episode_01_left/frame_001422_left/label_heatmap_merged.npy,/Users/huhu/Documents/Code/bishe/vrb/vrbreproduction/outputs/e14/experiments/E14/pipeline_outputs/subaction_17_P01_109_17/episode_01_left/frame_001422_left/label_heatmap_merged.png,/Users/huhu/Documents/Code/bishe/vrb/vrbreproduction/outputs/e14/experiments/E14/pipeline_outputs/subaction_17_P01_109_17/episode_01_left/frame_001422_left/label_heatmap_merged_overlay.png,/Users/huhu/Documents/Code/bishe/vrb/vrbreproduction/outputs/e14/experiments/E14/pipeline_outputs/subaction_17_P01_109_17/episode_01_left/frame_001422_left/vrb_style_affordance.png,"(256, 456)",True,/Users/huhu/Documents/Code/bishe/vrb/vrbreproduction/outputs/e14/experiments/E14/pipeline_outputs/subaction_17_P01_109_17/episode_01_left/frame_001422_left/diagnostics/problem3_ref_full_overlay.png,/Users/huhu/Documents/Code/bishe/vrb/vrbreproduction/outputs/e14/experiments/E14/pipeline_outputs/subaction_17_P01_109_17/episode_01_left/frame_001422_left/diagnostics/problem3_ref_crop.png,27.0,0.9578313253012049,159.0,166.0,,17:1422:left,False
E14,E14_closest_clean_pre_contact_reference,first_new_contact_episode_first_timestep,closest_clean_pre_contact_reference,20,P01_109_20,P01_109,close door,close,door,['door'],1812,1946,1811,1945,0.0,1827.0,1828.0,left,keep,Cell4_label_heatmap,,,296,1818.0,1819.0,9.0,9.0,5,1.0,covariance,9.746955017301039,/Users/huhu/Documents/Code/bishe/vrb/vrbreproduction/outputs/e14/experiments/E14/pipeline_outputs/subaction_20_P01_109_20/episode_01_left/frame_001827_left,closest_clean_pre_contact_humanless,closest_clean_pre_contact_frame,9,{'crop_hand_overlap_above_threshold': 8},False,,,0.0,0.0,,,"(290.12652587890625, 79.3105239868164)",True,,,-20.0,False,False,True,False,False,False,False,False,"(215, 4, 365, 154)",0.03333333333333333,,0,{},0.9584775086505191,103.0,106.0,True,1827.0,1828.0,1830.0,0.0,1827.0,1536.0,1826.0,291.0,1536.0,1826.0,1536.0,1826.0,360.0,False,1536.0,1826.0,True,True,True,4.0,1,True,1.0,left,smoothed_contact_0_to_1,,,,,,,,,,,,True,record_only,new_contact_episode,new_contact_episode,P01_109_sub020_ep01_left,smoothed_contact_run_start_within_subaction,door,['door'],,,,,,,,33,1,1536.0,/Users/huhu/Documents/Code/bishe/vrb/vrbreproduction/outputs/e14/experiments/E14/pipeline_outputs/subaction_20_P01_109_20/episode_01_left/frame_001827_left/reference_frame.png,/Users/huhu/Documents/Code/bishe/vrb/vrbreproduction/outputs/e14/experiments/E14/pipeline_outputs/subaction_20_P01_109_20/episode_01_left/frame_001827_left/label_heatmap_merged.npy,/Users/huhu/Documents/Code/bishe/vrb/vrbreproduction/outputs/e14/experiments/E14/pipeline_outputs/subaction_20_P01_109_20/episode_01_left/frame_001827_left/label_heatmap_merged.png,/Users/huhu/Documents/Code/bishe/vrb/vrbreproduction/outputs/e14/experiments/E14/pipeline_outputs/subaction_20_P01_109_20/episode_01_left/frame_001827_left/label_heatmap_merged_overlay.png,/Users/huhu/Documents/Code/bishe/vrb/vrbreproduction/outputs/e14/experiments/E14/pipeline_outputs/subaction_20_P01_109_20/episode_01_left/frame_001827_left/vrb_style_affordance.png,"(256, 456)",True,/Users/huhu/Documents/Code/bishe/vrb/vrbreproduction/outputs/e14/experiments/E14/pipeline_outputs/subaction_20_P01_109_20/episode_01_left/frame_001827_left/diagnostics/problem3_ref_full_overlay.png,/Users/huhu/Documents/Code/bishe/vrb/vrbreproduction/outputs/e14/experiments/E14/pipeline_outputs/subaction_20_P01_109_20/episode_01_left/frame_001827_left/diagnostics/problem3_ref_crop.png,55.0,0.9584775086505191,103.0,106.0,,20:1827:left,False
E14,E14_closest_clean_pre_contact_reference,first_new_contact_episode_first_timestep,closest_clean_pre_contact_reference,21,P01_109_21,P01_109,pick up cup,pick-up,cup,['cup'],2084,2120,2083,2119,0.0,2088.0,2089.0,left,keep,Cell4_label_heatmap,,,213,2087.0,2088.0,1.0,1.0,3,3.0,covariance,6.189890710382514,/Users/huhu/Documents/Code/bishe/vrb/vrbreproduction/outputs/e14/experiments/E14/pipeline_outputs/subaction_21_P01_109_21/episode_01_left/frame_002088_left,closest_clean_pre_contact_humanless,closest_clean_pre_contact_frame,1,{},False,,,0.0,0.0,,,"(352.8863220214844, 140.18243408203125)",True,,,-11.0,False,False,True,False,False,False,False,False,"(278, 65, 428, 215)",0.0,,0,{},0.9699453551912568,355.0,366.0,True,2088.0,2089.0,2090.0,0.0,2088.0,1842.0,2087.0,246.0,1842.0,2087.0,1842.0,2087.0,360.0,False,1842.0,2087.0,True,True,True,3.0,1,True,1.0,left,smoothed_contact_0_to_1,,,,,,,,,,,,False,record_only,new_contact_episode,new_contact_episode,P01_109_sub021_ep01_left,smoothed_contact_run_start_within_subaction,cup,['cup'],,,,,,,,6,1,1842.0,/Users/huhu/Documents/Code/bishe/vrb/vrbreproduction/outputs/e14/experiments/E14/pipeline_outputs/subaction_21_P01_109_21/episode_01_left/frame_002088_left/reference_frame.png,/Users/huhu/Documents/Code/bishe/vrb/vrbreproduction/outputs/e14/experiments/E14/pipeline_outputs/subaction_21_P01_109_21/episode_01_left/frame_002088_left/label_heatmap_merged.npy,/Users/huhu/Documents/Code/bishe/vrb/vrbreproduction/outputs/e14/experiments/E14/pipeline_outputs/subaction_21_P01_109_21/episode_01_left/frame_002088_left/label_heatmap_merged.png,/Users/huhu/Documents/Code/bishe/vrb/vrbreproduction/outputs/e14/experiments/E14/pipeline_outputs/subaction_21_P01_109_21/episode_01_left/frame_002088_left/label_heatmap_merged_overlay.png,/Users/huhu/Documents/Code/bishe/vrb/vrbreproduction/outputs/e14/experiments/E14/pipeline_outputs/subaction_21_P01_109_21/episode_01_left/frame_002088_left/vrb_style_affordance.png,"(256, 456)",True,/Users/huhu/Documents/Code/bishe/vrb/vrbreproduction/outputs/e14/experiments/E14/pipeline_outputs/subaction_21_P01_109_21/episode_01_left/frame_002088_left/diagnostics/problem3_ref_full_overlay.png,/Users/huhu/Documents/Code/bishe/vrb/vrbreproduction/outputs/e14/experiments/E14/pipeline_outputs/subaction_21_P01_109_21/episode_01_left/frame_002088_left/diagnostics/problem3_ref_crop.png,6.0,0.9699453551912568,331.0,335.0,,21:2088:left,True
E14,E14_closest_clean_pre_contact_reference,first_new_contact_episode_first_timestep,closest_clean_pre_contact_reference,22,P01_109_22,P01_109,put down cup,put-down,cup,['cup'],2132,2193,2131,2192,0.0,2142.0,2143.0,right,keep,Cell4_label_heatmap,,,241,2140.0,2141.0,2.0,2.0,6,0.0,covariance,9.757396449704142,/Users/huhu/Documents/Code/bishe/vrb/vrbreproduction/outputs/e14/experiments/E14/pipeline_outputs/subaction_22_P01_109_22/episode_01_right/frame_002142_right,closest_clean_pre_contact_humanless,closest_clean_pre_contact_frame,2,{'crop_hand_overlap_above_threshold': 1},False,0.1745002120733261,PORTABLE_OBJECT,0.0,0.0,,,"(311.35723876953125, 69.13770294189453)",True,,,0.0,False,False,True,False,False,False,False,False,"(236, 0, 386, 150)",0.0,,0,{},0.978698224852071,827.0,845.0,True,2142.0,2143.0,2160.0,0.0,2142.0,2095.0,2141.0,47.0,2095.0,2141.0,2095.0,2141.0,360.0,False,2095.0,2141.0,True,True,True,19.0,1,True,1.0,right,smoothed_contact_0_to_1,,,,,,,,,,,,False,record_only,new_contact_episode,new_contact_episode,P01_109_sub022_ep01_right,smoothed_contact_run_start_within_subaction,cup,['cup'],,,,,,,,25,1,2095.0,/Users/huhu/Documents/Code/bishe/vrb/vrbreproduction/outputs/e14/experiments/E14/pipeline_outputs/subaction_22_P01_109_22/episode_01_right/frame_002142_right/reference_frame.png,/Users/huhu/Documents/Code/bishe/vrb/vrbreproduction/outputs/e14/experiments/E14/pipeline_outputs/subaction_22_P01_109_22/episode_01_right/frame_002142_right/label_heatmap_merged.npy,/Users/huhu/Documents/Code/bishe/vrb/vrbreproduction/outputs/e14/experiments/E14/pipeline_outputs/subaction_22_P01_109_22/episode_01_right/frame_002142_right/label_heatmap_merged.png,/Users/huhu/Documents/Code/bishe/vrb/vrbreproduction/outputs/e14/experiments/E14/pipeline_outputs/subaction_22_P01_109_22/episode_01_right/frame_002142_right/label_heatmap_merged_overlay.png,/Users/huhu/Documents/Code/bishe/vrb/vrbreproduction/outputs/e14/experiments/E14/pipeline_outputs/subaction_22_P01_109_22/episode_01_right/frame_002142_right/vrb_style_affordance.png,"(256, 456)",True,/Users/huhu/Documents/Code/bishe/vrb/vrbreproduction/outputs/e14/experiments/E14/pipeline_outputs/subaction_22_P01_109_22/episode_01_right/frame_002142_right/diagnostics/problem3_ref_full_overlay.png,/Users/huhu/Documents/Code/bishe/vrb/vrbreproduction/outputs/e14/experiments/E14/pipeline_outputs/subaction_22_P01_109_22/episode_01_right/frame_002142_right/diagnostics/problem3_ref_crop.png,27.0,0.978698224852071,827.0,845.0,,22:2142:right,True
E14,E14_closest_clean_pre_contact_reference,first_new_contact_episode_first_timestep,closest_clean_pre_contact_reference,24,P01_109_24,P01_109,open drawer,open,drawer,['drawer'],2269,2332,2268,2331,0.0,2325.0,2326.0,left,keep,Cell4_label_heatmap,,,73,2311.0,2312.0,14.0,14.0,6,0.0,covariance,6.270437317784257,/Users/huhu/Documents/Code/bishe/vrb/vrbreproduction/outputs/e14/experiments/E14/pipeline_outputs/subaction_24_P01_109_24/episode_01_left/frame_002325_left,closest_clean_pre_contact_humanless,closest_clean_pre_contact_frame,14,{'crop_hand_overlap_above_threshold': 13},False,0.04296738654375076,NO_CONTACT,0.0,0.0,,,"(215.44625854492188, 190.15707397460938)",True,,,-54.0,False,False,True,False,False,False,False,False,"(140, 106, 290, 256)",0.0,,0,{},0.9752186588921283,566.0,575.0,True,2325.0,2326.0,2355.0,0.0,2325.0,2091.0,2324.0,234.0,2091.0,2324.0,2091.0,2324.0,360.0,False,2091.0,2324.0,True,True,True,31.0,1,True,1.0,left,smoothed_contact_0_to_1,,,,,,,,,,,,True,record_only,new_contact_episode,new_contact_episode,P01_109_sub024_ep01_left,smoothed_contact_run_start_within_subaction,drawer,['drawer'],,,,,,,,47,1,2091.0,/Users/huhu/Documents/Code/bishe/vrb/vrbreproduction/outputs/e14/experiments/E14/pipeline_outputs/subaction_24_P01_109_24/episode_01_left/frame_002325_left/reference_frame.png,/Users/huhu/Documents/Code/bishe/vrb/vrbreproduction/outputs/e14/experiments/E14/pipeline_outputs/subaction_24_P01_109_24/episode_01_left/frame_002325_left/label_heatmap_merged.npy,/Users/huhu/Documents/Code/bishe/vrb/vrbreproduction/outputs/e14/experiments/E14/pipeline_outputs/subaction_24_P01_109_24/episode_01_left/frame_002325_left/label_heatmap_merged.png,/Users/huhu/Documents/Code/bishe/vrb/vrbreproduction/outputs/e14/experiments/E14/pipeline_outputs/subaction_24_P01_109_24/episode_01_left/frame_002325_left/label_heatmap_merged_overlay.png,/Users/huhu/Documents/Code/bishe/vrb/vrbreproduction/outputs/e14/experiments/E14/pipeline_outputs/subaction_24_P01_109_24/episode_01_left/frame_002325_left/vrb_style_affordance.png,"(256, 456)",True,/Users/huhu/Documents/Code/bishe/vrb/vrbreproduction/outputs/e14/experiments/E14/pipeline_outputs/subaction_24_P01_109_24/episode_01_left/frame_002325_left/diagnostics/problem3_ref_full_overlay.png,/Users/huhu/Documents/Code/bishe/vrb/vrbreproduction/outputs/e14/experiments/E14/pipeline_outputs/subaction_24_P01_109_24/episode_01_left/frame_002325_left/diagnostics/problem3_ref_crop.png,99.0,0.9752186588921283,566.0,575.0,,24:2325:left,False
E14,E14_closest_clean_pre_contact_reference,first_new_contact_episode_first_timestep,closest_clean_pre_contact_reference,25,P01_109_25,P01_109,put spoon into drawer,put-into,spoon,"['spoon', 'drawer']",2336,2378,2335,2377,0.0,2341.0,2342.0,right,keep,Cell4_label_heatmap,,,183,2338.0,2339.0,3.0,3.0,4,2.0,covariance,6.579685534591195,/Users/huhu/Documents/Code/bishe/vrb/vrbreproduction/outputs/e14/experiments/E14/pipeline_outputs/subaction_25_P01_109_25/episode_01_right/frame_002341_right,closest_clean_pre_contact_humanless,closest_clean_pre_contact_frame,3,{'crop_hand_overlap_above_threshold': 2},False,,,0.0,1.0,,,"(319.20330810546875, 223.11709594726562)",True,,,,False,False,True,False,False,False,False,False,"(244, 106, 394, 256)",0.0,,0,{},0.9748427672955975,310.0,318.0,True,2341.0,2342.0,2341.0,0.0,2341.0,2308.0,2340.0,33.0,2308.0,2340.0,2308.0,2340.0,360.0,False,2308.0,2340.0,True,True,True,1.0,1,True,1.0,right,smoothed_contact_0_to_1,,,,,,,,,,,,True,record_only,new_contact_episode,new_contact_episode,P01_109_sub025_ep01_right,smoothed_contact_run_start_within_subaction,spoon,"['spoon', 'drawer']",,,,,,,,29,1,2308.0,/Users/huhu/Documents/Code/bishe/vrb/vrbreproduction/outputs/e14/experiments/E14/pipeline_outputs/subaction_25_P01_109_25/episode_01_right/frame_002341_right/reference_frame.png,/Users/huhu/Documents/Code/bishe/vrb/vrbreproduction/outputs/e14/experiments/E14/pipeline_outputs/subaction_25_P01_109_25/episode_01_right/frame_002341_right/label_heatmap_merged.npy,/Users/huhu/Documents/Code/bishe/vrb/vrbreproduction/outputs/e14/experiments/E14/pipeline_outputs/subaction_25_P01_109_25/episode_01_right/frame_002341_right/label_heatmap_merged.png,/Users/huhu/Documents/Code/bishe/vrb/vrbreproduction/outputs/e14/experiments/E14/pipeline_outputs/subaction_25_P01_109_25/episode_01_right/frame_002341_right/label_heatmap_merged_overlay.png,/Users/huhu/Documents/Code/bishe/vrb/vrbreproduction/outputs/e14/experiments/E14/pipeline_outputs/subaction_25_P01_109_25/episode_01_right/frame_002341_right/vrb_style_affordance.png,"(256, 456)",True,/Users/huhu/Documents/Code/bishe/vrb/vrbreproduction/outputs/e14/experiments/E14/pipeline_outputs/subaction_25_P01_109_25/episode_01_right/frame_002341_right/diagnostics/problem3_ref_full_overlay.png,/Users/huhu/Documents/Code/bishe/vrb/vrbreproduction/outputs/e14/experiments/E14/pipeline_outputs/subaction_25_P01_109_25/episode_01_right/frame_002341_right/diagnostics/problem3_ref_crop.png,18.0,0.9748427672955975,301.0,303.0,,25:2341:right,False
E14,E14_closest_clean_pre_contact_reference,first_new_contact_episode_first_timestep,closest_clean_pre_contact_reference,27,P01_109_27,P01_109,pour hand wash,pour,wash:hand,['wash:hand'],2466,2505,2465,2504,0.0,2468.0,2469.0,right,keep,Cell4_label_heatmap,,,19,2448.0,2449.0,20.0,20.0,6,0.0,covariance,5.142059620596206,/Users/huhu/Documents/Code/bishe/vrb/vrbreproduction/outputs/e14/experiments/E14/pipeline_outputs/subaction_27_P01_109_27/episode_01_right/frame_002468_right,closest_clean_pre_contact_active_hand_visible,closest_clean_pre_contact_frame,20,{'crop_hand_overlap_above_threshold': 19},True,0.9996422529220581,NO_CONTACT,0.0,0.0,0.0,137.97259521484375,"(324.4477844238281, 35.04481887817383)",True,,,-14.0,False,False,True,False,False,False,False,False,"(249, 0, 399, 150)",0.038,,0,{},0.981029810298103,653.0,664.0,True,2468.0,2469.0,2470.0,0.0,2468.0,2429.0,2467.0,39.0,2429.0,2467.0,2429.0,2467.0,360.0,False,2429.0,2467.0,True,True,True,3.0,1,True,1.0,right,smoothed_contact_0_to_1,,,,,,,,,,,,False,record_only,new_contact_episode,new_contact_episode,P01_109_sub027_ep01_right,smoothed_contact_run_start_within_subaction,wash:hand,['wash:hand'],,,,,,,,10,1,2429.0,/Users/huhu/Documents/Code/bishe/vrb/vrbreproduction/outputs/e14/experiments/E14/pipeline_outputs/subaction_27_P01_109_27/episode_01_right/frame_002468_right/reference_frame.png,/Users/huhu/Documents/Code/bishe/vrb/vrbreproduction/outputs/e14/experiments/E14/pipeline_outputs/subaction_27_P01_109_27/episode_01_right/frame_002468_right/label_heatmap_merged.npy,/Users/huhu/Documents/Code/bishe/vrb/vrbreproduction/outputs/e14/experiments/E14/pipeline_outputs/subaction_27_P01_109_27/episode_01_right/frame_002468_right/label_heatmap_merged.png,/Users/huhu/Documents/Code/bishe/vrb/vrbreproduction/outputs/e14/experiments/E14/pipeline_outputs/subaction_27_P01_109_27/episode_01_right/frame_002468_right/label_heatmap_merged_overlay.png,/Users/huhu/Documents/Code/bishe/vrb/vrbreproduction/outputs/e14/experiments/E14/pipeline_outputs/subaction_27_P01_109_27/episode_01_right/frame_002468_right/vrb_style_affordance.png,"(256, 456)",True,/Users/huhu/Documents/Code/bishe/vrb/vrbreproduction/outputs/e14/experiments/E14/pipeline_outputs/subaction_27_P01_109_27/episode_01_right/frame_002468_right/diagnostics/problem3_ref_full_overlay.png,/Users/huhu/Documents/Code/bishe/vrb/vrbreproduction/outputs/e14/experiments/E14/pipeline_outputs/subaction_27_P01_109_27/episode_01_right/frame_002468_right/diagnostics/problem3_ref_crop.png,135.0,0.981029810298103,653.0,664.0,,27:2468:right,False
E14,E14_closest_clean_pre_contact_reference,first_new_contact_episode_first_timestep,closest_clean_pre_contact_reference,29,P01_109_29,P01_109,turn on tap,turn-on,tap,['tap'],2545,2575,2544,2574,0.0,2550.0,2551.0,right,keep,Cell4_label_heatmap,,,23,2508.0,2509.0,42.0,42.0,6,0.0,covariance,4.998568738229755,/Users/huhu/Documents/Code/bishe/vrb/vrbreproduction/outputs/e14/experiments/E14/pipeline_outputs/subaction_29_P01_109_29/episode_01_right/frame_002550_right,closest_clean_pre_contact_humanless,closest_clean_pre_contact_frame,42,"{'crop_hand_overlap_above_threshold': 32, 'hand_object_iou_above_threshold': 9}",False,,,0.0,0.0,,,"(173.86264038085938, 141.97525024414062)",True,,,,False,False,True,False,False,False,False,False,"(99, 67, 249, 217)",0.04622222222222222,,0,{},0.9792843691148776,451.0,454.0,True,2550.0,2551.0,2562.0,0.0,2550.0,2487.0,2549.0,63.0,2487.0,2549.0,2487.0,2549.0,360.0,False,2487.0,2549.0,True,True,True,13.0,1,True,1.0,right,smoothed_contact_0_to_1,,,,,,,,,,,,False,record_only,new_contact_episode,new_contact_episode,P01_109_sub029_ep01_right,smoothed_contact_run_start_within_subaction,tap,['tap'],,,,,,,,38,1,2487.0,/Users/huhu/Documents/Code/bishe/vrb/vrbreproduction/outputs/e14/experiments/E14/pipeline_outputs/subaction_29_P01_109_29/episode_01_right/frame_002550_right/reference_frame.png,/Users/huhu/Documents/Code/bishe/vrb/vrbreproduction/outputs/e14/experiments/E14/pipeline_outputs/subaction_29_P01_109_29/episode_01_right/frame_002550_right/label_heatmap_merged.npy,/Users/huhu/Documents/Code/bishe/vrb/vrbreproduction/outputs/e14/experiments/E14/pipeline_outputs/subaction_29_P01_109_29/episode_01_right/frame_002550_right/label_heatmap_merged.png,/Users/huhu/Documents/Code/bishe/vrb/vrbreproduction/outputs/e14/experiments/E14/pipeline_outputs/subaction_29_P01_109_29/episode_01_right/frame_002550_right/label_heatmap_merged_overlay.png,/Users/huhu/Documents/Code/bishe/vrb/vrbreproduction/outputs/e14/experiments/E14/pipeline_outputs/subaction_29_P01_109_29/episode_01_right/frame_002550_right/vrb_style_affordance.png,"(256, 456)",True,/Users/huhu/Documents/Code/bishe/vrb/vrbreproduction/outputs/e14/experiments/E14/pipeline_outputs/subaction_29_P01_109_29/episode_01_right/frame_002550_right/diagnostics/problem3_ref_full_overlay.png,/Users/huhu/Documents/Code/bishe/vrb/vrbreproduction/outputs/e14/experiments/E14/pipeline_outputs/subaction_29_P01_109_29/episode_01_right/frame_002550_right/diagnostics/problem3_ref_crop.png,267.0,0.9792843691148776,450.0,454.0,,29:2550:right,False
E14,E14_closest_clean_pre_contact_reference,first_new_contact_episode_first_timestep,closest_clean_pre_contact_reference,30,P01_109_30,P01_109,rinse hands,rinse,hand,['hand'],2579,2963,2578,2962,0.0,2708.0,2709.0,left,keep,Cell4_label_heatmap,,,26,2603.0,2604.0,105.0,105.0,6,0.0,covariance,4.43551724137931,/Users/huhu/Documents/Code/bishe/vrb/vrbreproduction/outputs/e14/experiments/E14/pipeline_outputs/subaction_30_P01_109_30/episode_01_left/frame_002708_left,closest_clean_pre_contact_humanless,closest_clean_pre_contact_frame,105,{'crop_hand_overlap_above_threshold': 104},False,,,0.0,0.0,,,"(207.0257110595703, 124.2642822265625)",True,,,,False,False,True,False,False,False,False,False,"(132, 49, 282, 199)",0.04933333333333333,,0,{},0.9856115107913669,509.0,511.0,True,2708.0,2709.0,2710.0,0.0,2708.0,2563.0,2707.0,145.0,2563.0,2707.0,2563.0,2707.0,360.0,False,2563.0,2707.0,True,True,True,3.0,1,True,1.0,left,smoothed_contact_0_to_1,,,,,,,,,,,,False,record_only,new_contact_episode,new_contact_episode,P01_109_sub030_ep01_left,smoothed_contact_run_start_within_subaction,hand,['hand'],,,,,,,,164,1,2563.0,/Users/huhu/Documents/Code/bishe/vrb/vrbreproduction/outputs/e14/experiments/E14/pipeline_outputs/subaction_30_P01_109_30/episode_01_left/frame_002708_left/reference_frame.png,/Users/huhu/Documents/Code/bishe/vrb/vrbreproduction/outputs/e14/experiments/E14/pipeline_outputs/subaction_30_P01_109_30/episode_01_left/frame_002708_left/label_heatmap_merged.npy,/Users/huhu/Documents/Code/bishe/vrb/vrbreproduction/outputs/e14/experiments/E14/pipeline_outputs/subaction_30_P01_109_30/episode_01_left/frame_002708_left/label_heatmap_merged.png,/Users/huhu/Documents/Code/bishe/vrb/vrbreproduction/outputs/e14/experiments/E14/pipeline_outputs/subaction_30_P01_109_30/episode_01_left/frame_002708_left/label_heatmap_merged_overlay.png,/Users/huhu/Documents/Code/bishe/vrb/vrbreproduction/outputs/e14/experiments/E14/pipeline_outputs/subaction_30_P01_109_30/episode_01_left/frame_002708_left/vrb_style_affordance.png,"(256, 456)",True,/Users/huhu/Documents/Code/bishe/vrb/vrbreproduction/outputs/e14/experiments/E14/pipeline_outputs/subaction_30_P01_109_30/episode_01_left/frame_002708_left/diagnostics/problem3_ref_full_overlay.png,/Users/huhu/Documents/Code/bishe/vrb/vrbreproduction/outputs/e14/experiments/E14/pipeline_outputs/subaction_30_P01_109_30/episode_01_left/frame_002708_left/diagnostics/problem3_ref_crop.png,645.0,0.9827586206896551,509.0,511.0,,30:2708:left,False
E14,E14_closest_clean_pre_contact_reference,first_new_contact_episode_first_timestep,closest_clean_pre_contact_reference,33,P01_109_33,P01_109,pick up cloth,pick-up,cloth,['cloth'],3084,3140,3083,3139,0.0,3088.0,3089.0,left,keep,Cell4_label_heatmap,,,54,3086.0,3087.0,2.0,2.0,6,0.0,covariance,5.935324675324676,/Users/huhu/Documents/Code/bishe/vrb/vrbreproduction/outputs/e14/experiments/E14/pipeline_outputs/subaction_33_P01_109_33/episode_01_left/frame_003088_left,closest_clean_pre_contact_humanless,closest_clean_pre_contact_frame,2,{'crop_hand_overlap_above_threshold': 1},False,,,0.0,0.0,,,"(162.4222412109375, 211.04855346679688)",True,,,,False,False,True,False,False,False,False,False,"(87, 106, 237, 256)",0.0,,0,{},0.9376623376623376,722.0,770.0,True,3088.0,3089.0,3106.0,0.0,3088.0,3052.0,3087.0,36.0,3052.0,3087.0,3052.0,3087.0,360.0,False,3052.0,3087.0,True,True,True,19.0,1,True,1.0,left,smoothed_contact_0_to_1,,,,,,,,,,,,False,record_only,new_contact_episode,new_contact_episode,P01_109_sub033_ep01_left,smoothed_contact_run_start_within_subaction,cloth,['cloth'],,,,,,,,26,1,3052.0,/Users/huhu/Documents/Code/bishe/vrb/vrbreproduction/outputs/e14/experiments/E14/pipeline_outputs/subaction_33_P01_109_33/episode_01_left/frame_003088_left/reference_frame.png,/Users/huhu/Documents/Code/bishe/vrb/vrbreproduction/outputs/e14/experiments/E14/pipeline_outputs/subaction_33_P01_109_33/episode_01_left/frame_003088_left/label_heatmap_merged.npy,/Users/huhu/Documents/Code/bishe/vrb/vrbreproduction/outputs/e14/experiments/E14/pipeline_outputs/subaction_33_P01_109_33/episode_01_left/frame_003088_left/label_heatmap_merged.png,/Users/huhu/Documents/Code/bishe/vrb/vrbreproduction/outputs/e14/experiments/E14/pipeline_outputs/subaction_33_P01_109_33/episode_01_left/frame_003088_left/label_heatmap_merged_overlay.png,/Users/huhu/Documents/Code/bishe/vrb/vrbreproduction/outputs/e14/experiments/E14/pipeline_outputs/subaction_33_P01_109_33/episode_01_left/frame_003088_left/vrb_style_affordance.png,"(256, 456)",True,/Users/huhu/Documents/Code/bishe/vrb/vrbreproduction/outputs/e14/experiments/E14/pipeline_outputs/subaction_33_P01_109_33/episode_01_left/frame_003088_left/diagnostics/problem3_ref_full_overlay.png,/Users/huhu/Documents/Code/bishe/vrb/vrbreproduction/outputs/e14/experiments/E14/pipeline_outputs/subaction_33_P01_109_33/episode_01_left/frame_003088_left/diagnostics/problem3_ref_crop.png,27.0,0.9376623376623376,722.0,770.0,,33:3088:left,False
E14,E14_closest_clean_pre_contact_reference,first_new_contact_episode_first_timestep,closest_clean_pre_contact_reference,35,P01_109_35,P01_109,put down cloth,put-down,cloth,['cloth'],3349,3372,3348,3371,0.0,3356.0,3357.0,left,keep,Cell4_label_heatmap,,,117,3336.0,3337.0,20.0,20.0,6,0.0,covariance,7.102732919254658,/Users/huhu/Documents/Code/bishe/vrb/vrbreproduction/outputs/e14/experiments/E14/pipeline_outputs/subaction_35_P01_109_35/episode_01_left/frame_003356_left,closest_clean_pre_contact_humanless,closest_clean_pre_contact_frame,20,{'crop_hand_overlap_above_threshold': 19},False,0.05283728614449501,PORTABLE_OBJECT,0.0,0.0,,,"(209.49026489257812, 204.8602294921875)",True,,,-6.0,False,False,True,False,False,False,False,False,"(134, 106, 284, 256)",0.0,,0,{},0.9841938883034773,932.0,945.0,True,3356.0,3357.0,3360.0,0.0,3356.0,3221.0,3355.0,135.0,3221.0,3355.0,3221.0,3355.0,360.0,False,3221.0,3355.0,True,True,True,5.0,1,True,1.0,left,smoothed_contact_0_to_1,,,,,,,,,,,,False,record_only,new_contact_episode,new_contact_episode,P01_109_sub035_ep01_left,smoothed_contact_run_start_within_subaction,cloth,['cloth'],,,,,,,,35,1,3221.0,/Users/huhu/Documents/Code/bishe/vrb/vrbreproduction/outputs/e14/experiments/E14/pipeline_outputs/subaction_35_P01_109_35/episode_01_left/frame_003356_left/reference_frame.png,/Users/huhu/Documents/Code/bishe/vrb/vrbreproduction/outputs/e14/experiments/E14/pipeline_outputs/subaction_35_P01_109_35/episode_01_left/frame_003356_left/label_heatmap_merged.npy,/Users/huhu/Documents/Code/bishe/vrb/vrbreproduction/outputs/e14/experiments/E14/pipeline_outputs/subaction_35_P01_109_35/episode_01_left/frame_003356_left/label_heatmap_merged.png,/Users/huhu/Documents/Code/bishe/vrb/vrbreproduction/outputs/e14/experiments/E14/pipeline_outputs/subaction_35_P01_109_35/episode_01_left/frame_003356_left/label_heatmap_merged_overlay.png,/Users/huhu/Documents/Code/bishe/vrb/vrbreproduction/outputs/e14/experiments/E14/pipeline_outputs/subaction_35_P01_109_35/episode_01_left/frame_003356_left/vrb_style_affordance.png,"(256, 456)",True,/Users/huhu/Documents/Code/bishe/vrb/vrbreproduction/outputs/e14/experiments/E14/pipeline_outputs/subaction_35_P01_109_35/episode_01_left/frame_003356_left/diagnostics/problem3_ref_full_overlay.png,/Users/huhu/Documents/Code/bishe/vrb/vrbreproduction/outputs/e14/experiments/E14/pipeline_outputs/subaction_35_P01_109_35/episode_01_left/frame_003356_left/diagnostics/problem3_ref_crop.png,135.0,0.9813664596273292,736.0,749.0,,35:3356:left,False
E14,E14_closest_clean_pre_contact_reference,first_new_contact_episode_first_timestep,closest_clean_pre_contact_reference,47,P01_109_47,P01_109,close cupboard,close,cupboard,['cupboard'],4621,4664,4620,4663,0.0,4648.0,4649.0,left,keep,Cell4_label_heatmap,,,65,4636.0,4637.0,12.0,12.0,6,0.0,covariance,6.09743119266055,/Users/huhu/Documents/Code/bishe/vrb/vrbreproduction/outputs/e14/experiments/E14/pipeline_outputs/subaction_47_P01_109_47/episode_01_left/frame_004648_left,closest_clean_pre_contact_humanless,closest_clean_pre_contact_frame,12,{'crop_hand_overlap_above_threshold': 11},False,0.042531806975603104,PORTABLE_OBJECT,0.0,0.0,,,"(194.22103881835938, 171.60313415527344)",True,,,0.0,False,False,True,False,False,False,False,False,"(119, 97, 269, 247)",0.0,,0,{},0.9753363228699552,427.0,437.0,True,4648.0,4649.0,4658.0,0.0,4648.0,4629.0,4647.0,19.0,4629.0,4647.0,4629.0,4647.0,360.0,False,4629.0,4647.0,True,True,True,11.0,1,True,1.0,left,smoothed_contact_0_to_1,,,,,,,,,,,,True,record_only,new_contact_episode,new_contact_episode,P01_109_sub047_ep01_left,smoothed_contact_run_start_within_subaction,cupboard,['cupboard'],,,,,,,,26,1,4629.0,/Users/huhu/Documents/Code/bishe/vrb/vrbreproduction/outputs/e14/experiments/E14/pipeline_outputs/subaction_47_P01_109_47/episode_01_left/frame_004648_left/reference_frame.png,/Users/huhu/Documents/Code/bishe/vrb/vrbreproduction/outputs/e14/experiments/E14/pipeline_outputs/subaction_47_P01_109_47/episode_01_left/frame_004648_left/label_heatmap_merged.npy,/Users/huhu/Documents/Code/bishe/vrb/vrbreproduction/outputs/e14/experiments/E14/pipeline_outputs/subaction_47_P01_109_47/episode_01_left/frame_004648_left/label_heatmap_merged.png,/Users/huhu/Documents/Code/bishe/vrb/vrbreproduction/outputs/e14/experiments/E14/pipeline_outputs/subaction_47_P01_109_47/episode_01_left/frame_004648_left/label_heatmap_merged_overlay.png,/Users/huhu/Documents/Code/bishe/vrb/vrbreproduction/outputs/e14/experiments/E14/pipeline_outputs/subaction_47_P01_109_47/episode_01_left/frame_004648_left/vrb_style_affordance.png,"(256, 456)",True,/Users/huhu/Documents/Code/bishe/vrb/vrbreproduction/outputs/e14/experiments/E14/pipeline_outputs/subaction_47_P01_109_47/episode_01_left/frame_004648_left/diagnostics/problem3_ref_full_overlay.png,/Users/huhu/Documents/Code/bishe/vrb/vrbreproduction/outputs/e14/experiments/E14/pipeline_outputs/subaction_47_P01_109_47/episode_01_left/frame_004648_left/diagnostics/problem3_ref_crop.png,87.0,0.9587155963302753,427.0,437.0,,47:4648:left,True
E14,E14_closest_clean_pre_contact_reference,first_new_contact_episode_first_timestep,closest_clean_pre_contact_reference,48,P01_109_48,P01_109,put down cutting board,put-down,board:cutting,['board:cutting'],4677,4724,4676,4723,0.0,4692.0,4693.0,left,keep,Cell4_label_heatmap,,,33,4670.0,4671.0,22.0,22.0,6,0.0,covariance,5.332857142857143,/Users/huhu/Documents/Code/bishe/vrb/vrbreproduction/outputs/e14/experiments/E14/pipeline_outputs/subaction_48_P01_109_48/episode_01_left/frame_004692_left,closest_clean_pre_contact_active_hand_visible,closest_clean_pre_contact_frame,22,{'crop_hand_overlap_above_threshold': 21},True,0.9976226687431335,NO_CONTACT,0.0,1.0,0.0,193.2233123779297,"(223.58993530273438, 170.3946533203125)",True,,,,False,False,True,False,False,False,False,False,"(149, 95, 299, 245)",0.04622222222222222,,0,{},0.9464285714285714,146.0,148.0,True,4692.0,4693.0,4705.0,0.0,4692.0,4664.0,4691.0,28.0,4664.0,4691.0,4664.0,4691.0,360.0,False,4664.0,4691.0,True,True,True,14.0,1,True,1.0,left,smoothed_contact_0_to_1,,,,,,,,,,,,False,record_only,new_contact_episode,new_contact_episode,P01_109_sub048_ep01_left,smoothed_contact_run_start_within_subaction,board:cutting,['board:cutting'],,,,,,,,53,1,4664.0,/Users/huhu/Documents/Code/bishe/vrb/vrbreproduction/outputs/e14/experiments/E14/pipeline_outputs/subaction_48_P01_109_48/episode_01_left/frame_004692_left/reference_frame.png,/Users/huhu/Documents/Code/bishe/vrb/vrbreproduction/outputs/e14/experiments/E14/pipeline_outputs/subaction_48_P01_109_48/episode_01_left/frame_004692_left/label_heatmap_merged.npy,/Users/huhu/Documents/Code/bishe/vrb/vrbreproduction/outputs/e14/experiments/E14/pipeline_outputs/subaction_48_P01_109_48/episode_01_left/frame_004692_left/label_heatmap_merged.png,/Users/huhu/Documents/Code/bishe/vrb/vrbreproduction/outputs/e14/experiments/E14/pipeline_outputs/subaction_48_P01_109_48/episode_01_left/frame_004692_left/label_heatmap_merged_overlay.png,/Users/huhu/Documents/Code/bishe/vrb/vrbreproduction/outputs/e14/experiments/E14/pipeline_outputs/subaction_48_P01_109_48/episode_01_left/frame_004692_left/vrb_style_affordance.png,"(256, 456)",True,/Users/huhu/Documents/Code/bishe/vrb/vrbreproduction/outputs/e14/experiments/E14/pipeline_outputs/subaction_48_P01_109_48/episode_01_left/frame_004692_left/diagnostics/problem3_ref_full_overlay.png,/Users/huhu/Documents/Code/bishe/vrb/vrbreproduction/outputs/e14/experiments/E14/pipeline_outputs/subaction_48_P01_109_48/episode_01_left/frame_004692_left/diagnostics/problem3_ref_crop.png,147.0,0.9464285714285714,146.0,148.0,,48:4692:left,False
E14,E14_closest_clean_pre_contact_reference,first_new_contact_episode_first_timestep,closest_clean_pre_contact_reference,50,P01_109_50,P01_109,put down eggs,put-down,egg,['egg'],4794,4827,4793,4826,0.0,4821.0,4822.0,right,keep,Cell4_label_heatmap,,,149,4815.0,4816.0,6.0,6.0,6,0.0,covariance,7.805819521178638,/Users/huhu/Documents/Code/bishe/vrb/vrbreproduction/outputs/e14/experiments/E14/pipeline_outputs/subaction_50_P01_109_50/episode_01_right/frame_004821_right,closest_clean_pre_contact_active_hand_visible,closest_clean_pre_contact_frame,6,{'crop_hand_overlap_above_threshold': 5},True,0.999853253364563,NO_CONTACT,0.0,1.0,0.0,107.0945816040039,"(287.6500549316406, 81.74462127685547)",True,,,,False,False,True,False,False,False,False,False,"(213, 7, 363, 157)",0.0,,0,{},0.9818181818181818,352.0,353.0,True,4821.0,4822.0,4864.0,0.0,4821.0,4813.0,4820.0,8.0,4813.0,4820.0,4813.0,4820.0,360.0,False,4813.0,4820.0,True,True,True,44.0,1,True,1.0,right,smoothed_contact_0_to_1,,,,,,,,,,,,False,record_only,new_contact_episode,new_contact_episode,P01_109_sub050_ep01_right,smoothed_contact_run_start_within_subaction,egg,['egg'],,,,,,,,54,1,4813.0,/Users/huhu/Documents/Code/bishe/vrb/vrbreproduction/outputs/e14/experiments/E14/pipeline_outputs/subaction_50_P01_109_50/episode_01_right/frame_004821_right/reference_frame.png,/Users/huhu/Documents/Code/bishe/vrb/vrbreproduction/outputs/e14/experiments/E14/pipeline_outputs/subaction_50_P01_109_50/episode_01_right/frame_004821_right/label_heatmap_merged.npy,/Users/huhu/Documents/Code/bishe/vrb/vrbreproduction/outputs/e14/experiments/E14/pipeline_outputs/subaction_50_P01_109_50/episode_01_right/frame_004821_right/label_heatmap_merged.png,/Users/huhu/Documents/Code/bishe/vrb/vrbreproduction/outputs/e14/experiments/E14/pipeline_outputs/subaction_50_P01_109_50/episode_01_right/frame_004821_right/label_heatmap_merged_overlay.png,/Users/huhu/Documents/Code/bishe/vrb/vrbreproduction/outputs/e14/experiments/E14/pipeline_outputs/subaction_50_P01_109_50/episode_01_right/frame_004821_right/vrb_style_affordance.png,"(256, 456)",True,/Users/huhu/Documents/Code/bishe/vrb/vrbreproduction/outputs/e14/experiments/E14/pipeline_outputs/subaction_50_P01_109_50/episode_01_right/frame_004821_right/diagnostics/problem3_ref_full_overlay.png,/Users/huhu/Documents/Code/bishe/vrb/vrbreproduction/outputs/e14/experiments/E14/pipeline_outputs/subaction_50_P01_109_50/episode_01_right/frame_004821_right/diagnostics/problem3_ref_crop.png,51.0,0.9429097605893186,352.0,353.0,,50:4821:right,False
E14,E14_closest_clean_pre_contact_reference,first_new_contact_episode_first_timestep,closest_clean_pre_contact_reference,53,P01_109_53,P01_109,pick up peeler,pick-up,peeler,['peeler'],4938,4981,4937,4980,0.0,4947.0,4948.0,right,keep,Cell4_label_heatmap,,,42,4940.0,4941.0,7.0,7.0,6,0.0,covariance,5.7464359351988215,/Users/huhu/Documents/Code/bishe/vrb/vrbreproduction/outputs/e14/experiments/E14/pipeline_outputs/subaction_53_P01_109_53/episode_01_right/frame_004947_right,closest_clean_pre_contact_active_hand_visible,closest_clean_pre_contact_frame,7,{'crop_hand_overlap_above_threshold': 6},True,0.9985515475273132,NO_CONTACT,0.0,0.0,0.0,124.65106201171875,"(202.17715454101562, 170.65184020996094)",True,,,-3.0,False,False,True,False,False,False,False,False,"(127, 96, 277, 246)",0.028666666666666667,,0,{},0.9882179675994109,559.0,562.0,True,4947.0,4948.0,5115.0,0.0,4947.0,4921.0,4946.0,26.0,4921.0,4946.0,4921.0,4946.0,360.0,False,4921.0,4946.0,True,True,True,169.0,1,True,1.0,right,smoothed_contact_0_to_1,,,,,,,,,,,,False,record_only,new_contact_episode,new_contact_episode,P01_109_sub053_ep01_right,smoothed_contact_run_start_within_subaction,peeler,['peeler'],,,,,,,,47,1,4921.0,/Users/huhu/Documents/Code/bishe/vrb/vrbreproduction/outputs/e14/experiments/E14/pipeline_outputs/subaction_53_P01_109_53/episode_01_right/frame_004947_right/reference_frame.png,/Users/huhu/Documents/Code/bishe/vrb/vrbreproduction/outputs/e14/experiments/E14/pipeline_outputs/subaction_53_P01_109_53/episode_01_right/frame_004947_right/label_heatmap_merged.npy,/Users/huhu/Documents/Code/bishe/vrb/vrbreproduction/outputs/e14/experiments/E14/pipeline_outputs/subaction_53_P01_109_53/episode_01_right/frame_004947_right/label_heatmap_merged.png,/Users/huhu/Documents/Code/bishe/vrb/vrbreproduction/outputs/e14/experiments/E14/pipeline_outputs/subaction_53_P01_109_53/episode_01_right/frame_004947_right/label_heatmap_merged_overlay.png,/Users/huhu/Documents/Code/bishe/vrb/vrbreproduction/outputs/e14/experiments/E14/pipeline_outputs/subaction_53_P01_109_53/episode_01_right/frame_004947_right/vrb_style_affordance.png,"(256, 456)",True,/Users/huhu/Documents/Code/bishe/vrb/vrbreproduction/outputs/e14/experiments/E14/pipeline_outputs/subaction_53_P01_109_53/episode_01_right/frame_004947_right/diagnostics/problem3_ref_full_overlay.png,/Users/huhu/Documents/Code/bishe/vrb/vrbreproduction/outputs/e14/experiments/E14/pipeline_outputs/subaction_53_P01_109_53/episode_01_right/frame_004947_right/diagnostics/problem3_ref_crop.png,57.0,0.9882179675994109,559.0,562.0,,53:4947:right,True
E14,E14_closest_clean_pre_contact_reference,first_new_contact_episode_first_timestep,closest_clean_pre_contact_reference,55,P01_109_55,P01_109,move cutting board,move,board:cutting,['board:cutting'],5014,5049,5013,5048,0.0,5019.0,5020.0,left,keep,Cell4_label_heatmap,,,133,4986.0,4987.0,33.0,33.0,6,0.0,covariance,7.279622166246852,/Users/huhu/Documents/Code/bishe/vrb/vrbreproduction/outputs/e14/experiments/E14/pipeline_outputs/subaction_55_P01_109_55/episode_01_left/frame_005019_left,closest_clean_pre_contact_active_hand_visible,closest_clean_pre_contact_frame,33,{'crop_hand_overlap_above_threshold': 32},True,0.9889534711837769,NO_CONTACT,0.0,1.0,0.0,89.92357635498047,"(186.060546875, 133.30502319335938)",True,,,,False,False,True,False,False,False,False,False,"(111, 58, 261, 208)",0.04968888888888889,,0,{},0.9748110831234257,381.0,386.0,True,5019.0,5020.0,5026.0,0.0,5019.0,4982.0,5018.0,37.0,4982.0,5018.0,4982.0,5018.0,360.0,False,4982.0,5018.0,True,True,True,8.0,1,True,1.0,left,smoothed_contact_0_to_1,,,,,,,,,,,,False,record_only,new_contact_episode,new_contact_episode,P01_109_sub055_ep01_left,smoothed_contact_run_start_within_subaction,board:cutting,['board:cutting'],,,,,,,,54,1,4982.0,/Users/huhu/Documents/Code/bishe/vrb/vrbreproduction/outputs/e14/experiments/E14/pipeline_outputs/subaction_55_P01_109_55/episode_01_left/frame_005019_left/reference_frame.png,/Users/huhu/Documents/Code/bishe/vrb/vrbreproduction/outputs/e14/experiments/E14/pipeline_outputs/subaction_55_P01_109_55/episode_01_left/frame_005019_left/label_heatmap_merged.npy,/Users/huhu/Documents/Code/bishe/vrb/vrbreproduction/outputs/e14/experiments/E14/pipeline_outputs/subaction_55_P01_109_55/episode_01_left/frame_005019_left/label_heatmap_merged.png,/Users/huhu/Documents/Code/bishe/vrb/vrbreproduction/outputs/e14/experiments/E14/pipeline_outputs/subaction_55_P01_109_55/episode_01_left/frame_005019_left/label_heatmap_merged_overlay.png,/Users/huhu/Documents/Code/bishe/vrb/vrbreproduction/outputs/e14/experiments/E14/pipeline_outputs/subaction_55_P01_109_55/episode_01_left/frame_005019_left/vrb_style_affordance.png,"(256, 456)",True,/Users/huhu/Documents/Code/bishe/vrb/vrbreproduction/outputs/e14/experiments/E14/pipeline_outputs/subaction_55_P01_109_55/episode_01_left/frame_005019_left/diagnostics/problem3_ref_full_overlay.png,/Users/huhu/Documents/Code/bishe/vrb/vrbreproduction/outputs/e14/experiments/E14/pipeline_outputs/subaction_55_P01_109_55/episode_01_left/frame_005019_left/diagnostics/problem3_ref_crop.png,213.0,0.9748110831234257,365.0,371.0,,55:5019:left,False
E14,E14_closest_clean_pre_contact_reference,first_new_contact_episode_first_timestep,closest_clean_pre_contact_reference,74,P01_109_74,P01_109,pick up potato slices,pick-up,slice:potato,['slice:potato'],12181,12263,12180,12262,0.0,12190.0,12191.0,left,keep,Cell4_label_heatmap,,,83,12181.0,12182.0,9.0,9.0,6,0.0,covariance,6.530244648318043,/Users/huhu/Documents/Code/bishe/vrb/vrbreproduction/outputs/e14/experiments/E14/pipeline_outputs/subaction_74_P01_109_74/episode_01_left/frame_012190_left,closest_clean_pre_contact_active_hand_visible,closest_clean_pre_contact_frame,9,{'crop_hand_overlap_above_threshold': 8},True,0.9996862411499023,NO_CONTACT,0.0,1.0,0.0,85.0323486328125,"(183.07717895507812, 192.77200317382812)",True,,,,False,False,True,False,False,False,False,False,"(108, 106, 258, 256)",0.04231111111111111,,0,{},0.9801223241590215,528.0,531.0,True,12190.0,12191.0,12192.0,0.0,12190.0,12180.0,12189.0,10.0,12180.0,12189.0,12180.0,12189.0,360.0,False,12180.0,12189.0,True,True,True,3.0,1,True,1.0,left,smoothed_contact_0_to_1,,,,,,,,,,,,False,record_only,new_contact_episode,new_contact_episode,P01_109_sub074_ep01_left,smoothed_contact_run_start_within_subaction,slice:potato,['slice:potato'],,,,,,,,131,1,12180.0,/Users/huhu/Documents/Code/bishe/vrb/vrbreproduction/outputs/e14/experiments/E14/pipeline_outputs/subaction_74_P01_109_74/episode_01_left/frame_012190_left/reference_frame.png,/Users/huhu/Documents/Code/bishe/vrb/vrbreproduction/outputs/e14/experiments/E14/pipeline_outputs/subaction_74_P01_109_74/episode_01_left/frame_012190_left/label_heatmap_merged.npy,/Users/huhu/Documents/Code/bishe/vrb/vrbreproduction/outputs/e14/experiments/E14/pipeline_outputs/subaction_74_P01_109_74/episode_01_left/frame_012190_left/label_heatmap_merged.png,/Users/huhu/Documents/Code/bishe/vrb/vrbreproduction/outputs/e14/experiments/E14/pipeline_outputs/subaction_74_P01_109_74/episode_01_left/frame_012190_left/label_heatmap_merged_overlay.png,/Users/huhu/Documents/Code/bishe/vrb/vrbreproduction/outputs/e14/experiments/E14/pipeline_outputs/subaction_74_P01_109_74/episode_01_left/frame_012190_left/vrb_style_affordance.png,"(256, 456)",True,/Users/huhu/Documents/Code/bishe/vrb/vrbreproduction/outputs/e14/experiments/E14/pipeline_outputs/subaction_74_P01_109_74/episode_01_left/frame_012190_left/diagnostics/problem3_ref_full_overlay.png,/Users/huhu/Documents/Code/bishe/vrb/vrbreproduction/outputs/e14/experiments/E14/pipeline_outputs/subaction_74_P01_109_74/episode_01_left/frame_012190_left/diagnostics/problem3_ref_crop.png,69.0,0.9801223241590215,528.0,531.0,,74:12190:left,False
E14,E14_closest_clean_pre_contact_reference,first_new_contact_episode_first_timestep,closest_clean_pre_contact_reference,77,P01_109_78,P01_109,pick up potato slice,pick-up,slice:potato,['slice:potato'],12336,12390,12335,12389,0.0,12335.0,12336.0,left,keep,Cell4_label_heatmap,,,48,12324.0,12325.0,11.0,11.0,6,0.0,covariance,5.837841945288754,/Users/huhu/Documents/Code/bishe/vrb/vrbreproduction/outputs/e14/experiments/E14/pipeline_outputs/subaction_77_P01_109_78/episode_01_left/frame_012335_left,closest_clean_pre_contact_active_hand_visible,closest_clean_pre_contact_frame,11,{'crop_hand_overlap_above_threshold': 10},True,0.9993021488189697,NO_CONTACT,0.0,0.0,0.0,202.41355895996094,"(94.71985626220703, 215.25302124023438)",True,,,,False,False,True,False,False,False,False,False,"(20, 106, 170, 256)",0.04306666666666667,,0,{},0.993920972644377,605.0,608.0,True,12335.0,12336.0,12337.0,0.0,12335.0,12301.0,12334.0,34.0,12301.0,12334.0,12301.0,12334.0,360.0,False,12301.0,12334.0,True,True,True,3.0,1,True,1.0,left,smoothed_contact_0_to_1,,,,,,,,,,,,False,record_only,new_contact_episode,new_contact_episode,P01_109_sub077_ep01_left,smoothed_contact_run_start_within_subaction,slice:potato,['slice:potato'],,,,,,,,60,1,12301.0,/Users/huhu/Documents/Code/bishe/vrb/vrbreproduction/outputs/e14/experiments/E14/pipeline_outputs/subaction_77_P01_109_78/episode_01_left/frame_012335_left/reference_frame.png,/Users/huhu/Documents/Code/bishe/vrb/vrbreproduction/outputs/e14/experiments/E14/pipeline_outputs/subaction_77_P01_109_78/episode_01_left/frame_012335_left/label_heatmap_merged.npy,/Users/huhu/Documents/Code/bishe/vrb/vrbreproduction/outputs/e14/experiments/E14/pipeline_outputs/subaction_77_P01_109_78/episode_01_left/frame_012335_left/label_heatmap_merged.png,/Users/huhu/Documents/Code/bishe/vrb/vrbreproduction/outputs/e14/experiments/E14/pipeline_outputs/subaction_77_P01_109_78/episode_01_left/frame_012335_left/label_heatmap_merged_overlay.png,/Users/huhu/Documents/Code/bishe/vrb/vrbreproduction/outputs/e14/experiments/E14/pipeline_outputs/subaction_77_P01_109_78/episode_01_left/frame_012335_left/vrb_style_affordance.png,"(256, 456)",True,/Users/huhu/Documents/Code/bishe/vrb/vrbreproduction/outputs/e14/experiments/E14/pipeline_outputs/subaction_77_P01_109_78/episode_01_left/frame_012335_left/diagnostics/problem3_ref_full_overlay.png,/Users/huhu/Documents/Code/bishe/vrb/vrbreproduction/outputs/e14/experiments/E14/pipeline_outputs/subaction_77_P01_109_78/episode_01_left/frame_012335_left/diagnostics/problem3_ref_crop.png,81.0,0.993920972644377,605.0,608.0,,77:12335:left,False
