experiment_id,subaction_index,narration_id,narration,verb,noun,start_frame,stop_frame,raw_candidate_count,tried_candidate_count,final_status,final_fail_reason,best_candidate_frame_0_based,best_ref_idx,best_reference_gap,best_projection_source,best_projection_method,best_track_confidence,best_sample_score,best_sample_dir,contact_points,projected_contact_inside_count,reference_hand_overlap_ratio,best_mask_source_contact,best_mask_source_reference,best_tracker_backend,best_final_quality_score,best_affine_inlier_ratio
E9,0,P01_109_0,grab rucksack,grab,rucksack,79,126,48,7,keep,,88.0,87.0,1.0,contact_part_local_affine,contact_part_local_affine,0.34195768265117316,6.321838333262337,/Users/huhu/Documents/Code/bishe/vrb/vrbreproduction/outputs/100subaction-e9/experiments/E9/pipeline_outputs/subaction_00_P01_109_0/candidate_00_frame_000088_left,87,5,0.08355555555555555,grabcut_fallback,bbox_fallback,fallback_lk,0.9963888888888889,0.9722222222222222
E9,1,P01_109_1,open rucksack,open,rucksack,153,226,97,12,keep,,170.0,169.0,1.0,contact_part_local_affine,contact_part_local_affine,0.34195768265117316,6.135515134270984,/Users/huhu/Documents/Code/bishe/vrb/vrbreproduction/outputs/100subaction-e9/experiments/E9/pipeline_outputs/subaction_01_P01_109_1/candidate_04_frame_000170_left,36,5,0.21604444444444446,grabcut_fallback,bbox_fallback,fallback_lk,1.0,1.0
E9,2,P01_109_2,pick up eggs,pick-up,egg,252,319,133,3,discard,contact_points_lt5_after_object_boundary_filter,,,,,,,,,0,0,,,,,,
E9,3,P01_109_3,put down eggs,put-down,egg,319,374,36,9,keep,,363.0,361.0,2.0,contact_part_local_affine,contact_part_local_affine,0.3578192275523229,6.375148638079564,/Users/huhu/Documents/Code/bishe/vrb/vrbreproduction/outputs/100subaction-e9/experiments/E9/pipeline_outputs/subaction_03_P01_109_3/candidate_01_frame_000363_left,100,5,0.016666666666666666,grabcut_fallback,bbox_fallback,fallback_lk,0.9891666666666667,0.9166666666666666
E9,4,P01_109_4,pick up onion and potato,pick-up,onion,424,475,104,4,keep,,423.0,418.0,5.0,contact_part_local_affine,contact_part_local_affine,0.6451351195242122,6.0054536585489915,/Users/huhu/Documents/Code/bishe/vrb/vrbreproduction/outputs/100subaction-e9/experiments/E9/pipeline_outputs/subaction_04_P01_109_4/candidate_02_frame_000423_left,59,5,0.16635555555555556,grabcut_fallback,bbox_fallback,fallback_lk,0.9675,0.75
E9,5,P01_109_5,put down onion and potato,put-down,onion,480,523,31,4,keep,,480.0,456.0,24.0,contact_part_local_affine,contact_part_local_affine,0.6451351195242122,6.160437279522058,/Users/huhu/Documents/Code/bishe/vrb/vrbreproduction/outputs/100subaction-e9/experiments/E9/pipeline_outputs/subaction_05_P01_109_5/candidate_03_frame_000480_left,47,5,0.06648888888888889,grabcut_fallback,bbox_fallback,fallback_lk,0.9881818181818183,0.9090909090909091
E9,6,P01_109_8,pick up potato,pick-up,potato,500,622,140,6,keep,,527.0,516.0,11.0,contact_part_local_affine,contact_part_local_affine,0.5371707625918725,6.015394097460439,/Users/huhu/Documents/Code/bishe/vrb/vrbreproduction/outputs/100subaction-e9/experiments/E9/pipeline_outputs/subaction_06_P01_109_8/candidate_00_frame_000527_right,69,5,0.058355555555555556,grabcut_fallback,bbox_fallback,fallback_lk,0.9891666666666667,0.9166666666666666
E9,7,P01_109_6,pick up potatoes,pick-up,potato,543,579,74,4,keep,,543.0,542.0,1.0,contact_part_local_affine,contact_part_local_affine,0.5371707625918725,5.925182537694771,/Users/huhu/Documents/Code/bishe/vrb/vrbreproduction/outputs/100subaction-e9/experiments/E9/pipeline_outputs/subaction_07_P01_109_6/candidate_03_frame_000543_left,18,4,0.08644444444444445,grabcut_fallback,bbox_fallback,fallback_lk,0.9124999999999999,1.0
E9,8,P01_109_7,put down potatoes,put-down,potato,550,734,190,12,keep,,645.0,644.0,1.0,contact_part_local_affine,contact_part_local_affine,0.5371707625918725,6.252306721202531,/Users/huhu/Documents/Code/bishe/vrb/vrbreproduction/outputs/100subaction-e9/experiments/E9/pipeline_outputs/subaction_08_P01_109_7/candidate_07_frame_000645_left,84,5,0.14475555555555555,grabcut_fallback,bbox_fallback,fallback_lk,1.0,1.0
E9,9,P01_109_9,put down potato,put-down,potato,625,752,136,12,keep,,645.0,644.0,1.0,contact_part_local_affine,contact_part_local_affine,0.5371707625918725,6.252306721202531,/Users/huhu/Documents/Code/bishe/vrb/vrbreproduction/outputs/100subaction-e9/experiments/E9/pipeline_outputs/subaction_09_P01_109_9/candidate_07_frame_000645_left,84,5,0.14475555555555555,grabcut_fallback,bbox_fallback,fallback_lk,1.0,1.0
E9,10,P01_109_10,pick up beers,pick-up,beer,738,845,174,9,keep,,776.0,775.0,1.0,contact_part_local_affine,contact_part_local_affine,0.5371707625918725,5.94620701726675,/Users/huhu/Documents/Code/bishe/vrb/vrbreproduction/outputs/100subaction-e9/experiments/E9/pipeline_outputs/subaction_10_P01_109_10/candidate_02_frame_000776_left,8,4,0.07706666666666667,grabcut_fallback,bbox_fallback,fallback_lk,0.9124999999999999,1.0
E9,11,P01_109_11,open freezer,open,freezer,876,1022,141,6,discard,missing_hand_or_object_bbox,,,,,,,,,0,0,,,,,,
E9,12,P01_109_12,open drawer,open,drawer,1045,1123,132,3,keep,,1070.0,1068.0,2.0,contact_part_local_affine,contact_part_local_affine,0.4161993224435197,6.452785522729158,/Users/huhu/Documents/Code/bishe/vrb/vrbreproduction/outputs/100subaction-e9/experiments/E9/pipeline_outputs/subaction_12_P01_109_12/candidate_00_frame_001070_left,63,5,0.0,grabcut_fallback,bbox_fallback,fallback_lk,1.0,1.0
E9,13,P01_109_13,put beer into drawer,put-into,beer,1139,1353,278,12,keep,,1182.0,1179.0,3.0,contact_part_local_affine,contact_part_local_affine,0.6928464959274072,6.213729479331801,/Users/huhu/Documents/Code/bishe/vrb/vrbreproduction/outputs/100subaction-e9/experiments/E9/pipeline_outputs/subaction_13_P01_109_13/candidate_02_frame_001182_right,26,5,0.09293333333333334,grabcut_fallback,bbox_fallback,fallback_lk,0.9963888888888889,0.9722222222222222
E9,14,P01_109_14,put beer into drawer,put-into,beer,1230,1283,71,12,keep,,1259.0,1257.0,2.0,contact_part_local_affine,contact_part_local_affine,0.4161993224435197,6.4492816001517435,/Users/huhu/Documents/Code/bishe/vrb/vrbreproduction/outputs/100subaction-e9/experiments/E9/pipeline_outputs/subaction_14_P01_109_14/candidate_01_frame_001259_right,139,5,0.0,grabcut_fallback,bbox_fallback,fallback_lk,0.9962857142857143,0.9714285714285714
E9,15,P01_109_15,put beer into drawer,put-into,beer,1298,1335,67,4,keep,,1298.0,1297.0,1.0,contact_part_local_affine,contact_part_local_affine,0.4161993224435197,6.251616405224799,/Users/huhu/Documents/Code/bishe/vrb/vrbreproduction/outputs/100subaction-e9/experiments/E9/pipeline_outputs/subaction_15_P01_109_15/candidate_03_frame_001298_left,76,5,0.15226666666666666,grabcut_fallback,bbox_fallback,fallback_lk,1.0,1.0
E9,16,P01_109_16,close drawer,close,drawer,1345,1401,60,12,keep,,1345.0,1344.0,1.0,contact_part_local_affine,contact_part_local_affine,0.4161993224435197,6.027485592839453,/Users/huhu/Documents/Code/bishe/vrb/vrbreproduction/outputs/100subaction-e9/experiments/E9/pipeline_outputs/subaction_16_P01_109_16/candidate_00_frame_001345_left,101,5,0.2884,grabcut_fallback,bbox_fallback,fallback_lk,0.9963888888888889,0.9722222222222222
E9,17,P01_109_17,close freezer,close,freezer,1419,1464,35,3,keep,,1422.0,1421.0,1.0,contact_part_local_affine,contact_part_local_affine,0.44213657927888206,6.267782210855772,/Users/huhu/Documents/Code/bishe/vrb/vrbreproduction/outputs/100subaction-e9/experiments/E9/pipeline_outputs/subaction_17_P01_109_17/candidate_00_frame_001422_left,121,5,0.11,grabcut_fallback,bbox_fallback,fallback_lk,0.9921212121212122,0.9393939393939394
E9,18,P01_109_18,pick up rucksack,pick-up,rucksack,1485,1527,36,8,keep,,1496.0,1495.0,1.0,contact_part_local_affine,contact_part_local_affine,0.44213657927888206,6.312922738750775,/Users/huhu/Documents/Code/bishe/vrb/vrbreproduction/outputs/100subaction-e9/experiments/E9/pipeline_outputs/subaction_18_P01_109_18/candidate_00_frame_001496_right,252,5,0.10311111111111111,grabcut_fallback,bbox_fallback,fallback_lk,1.0,1.0
E9,19,P01_109_19,put down rucksack,put-down,rucksack,1657,1698,27,2,discard,part_gate_failed,,,,,,,,,0,0,,,,,,
E9,20,P01_109_20,close door,close,door,1812,1946,33,12,keep,,1906.0,1905.0,1.0,contact_part_local_affine,contact_part_local_affine,0.21688926096391722,6.335176250267028,/Users/huhu/Documents/Code/bishe/vrb/vrbreproduction/outputs/100subaction-e9/experiments/E9/pipeline_outputs/subaction_20_P01_109_20/candidate_11_frame_001906_right,52,5,0.09813333333333334,grabcut_fallback,bbox_fallback,fallback_lk,1.0,1.0
E9,21,P01_109_21,pick up cup,pick-up,cup,2084,2120,6,6,discard,missing_hand_or_object_bbox,,,,,,,,,0,0,,,,,,
E9,22,P01_109_22,put down cup,put-down,cup,2132,2193,25,6,discard,track_confidence_below_threshold,,,,,,,,,0,0,,,,,,
E9,23,P01_109_23,pick up spoon,pick-up,spoon,2206,2236,11,3,keep,,2214.0,2212.0,2.0,contact_part_local_affine,contact_part_local_affine,0.19172068432777054,6.019329017541152,/Users/huhu/Documents/Code/bishe/vrb/vrbreproduction/outputs/100subaction-e9/experiments/E9/pipeline_outputs/subaction_23_P01_109_23/candidate_01_frame_002214_right,194,5,0.17555555555555555,grabcut_fallback,bbox_fallback,fallback_lk,0.9706451612903225,0.7741935483870968
E9,24,P01_109_24,open drawer,open,drawer,2269,2332,47,3,discard,track_confidence_below_threshold,,,,,,,,,0,0,,,,,,
E9,25,P01_109_25,put spoon into drawer,put-into,spoon,2336,2378,29,8,discard,track_confidence_below_threshold,,,,,,,,,0,0,,,,,,
E9,26,P01_109_26,close drawer,close,drawer,2377,2410,0,0,discard,no_smoothed_contact_in_subaction,,,,,,,,,0,0,,,,,,
E9,27,P01_109_27,pour hand wash,pour,wash:hand,2466,2505,10,9,keep,,2468.0,2467.0,1.0,contact_part_local_affine,contact_part_local_affine,0.2081649469166817,6.308294990634917,/Users/huhu/Documents/Code/bishe/vrb/vrbreproduction/outputs/100subaction-e9/experiments/E9/pipeline_outputs/subaction_27_P01_109_27/candidate_00_frame_002468_right,19,5,0.0896,grabcut_fallback,bbox_fallback,fallback_lk,1.0,1.0
E9,28,P01_109_28,wash hands,wash,hand,2478,2540,8,5,keep,,2484.0,2483.0,1.0,contact_part_local_affine,contact_part_local_affine,0.2081649469166817,6.319148559379577,/Users/huhu/Documents/Code/bishe/vrb/vrbreproduction/outputs/100subaction-e9/experiments/E9/pipeline_outputs/subaction_28_P01_109_28/candidate_00_frame_002484_right,69,5,0.09013333333333333,grabcut_fallback,bbox_fallback,fallback_lk,1.0,1.0
E9,29,P01_109_29,turn on tap,turn-on,tap,2545,2575,38,7,discard,track_confidence_below_threshold,,,,,,,,,0,0,,,,,,
E9,30,P01_109_30,rinse hands,rinse,hand,2579,2963,164,12,discard,track_confidence_below_threshold,,,,,,,,,0,0,,,,,,
E9,31,P01_109_31,turn off tap,turn-off,tap,2967,2989,10,6,keep,,2968.0,2967.0,1.0,contact_part_local_affine,contact_part_local_affine,0.773420926196382,6.3624099257946005,/Users/huhu/Documents/Code/bishe/vrb/vrbreproduction/outputs/100subaction-e9/experiments/E9/pipeline_outputs/subaction_31_P01_109_31/candidate_00_frame_002968_left,21,5,0.0816,grabcut_fallback,bbox_fallback,fallback_lk,1.0,1.0
E9,32,P01_109_32,shake hands,shake,hand,3001,3072,24,8,keep,,3010.0,2990.0,20.0,contact_part_local_affine,contact_part_local_affine,0.6057073726004573,5.728822525362201,/Users/huhu/Documents/Code/bishe/vrb/vrbreproduction/outputs/100subaction-e9/experiments/E9/pipeline_outputs/subaction_32_P01_109_32/candidate_01_frame_003010_left,212,5,0.09742222222222222,grabcut_fallback,bbox_fallback,fallback_lk,0.935,0.5
E9,33,P01_109_33,pick up cloth,pick-up,cloth,3084,3140,26,9,keep,,3089.0,3087.0,2.0,contact_part_local_affine,contact_part_local_affine,0.2271414305349922,6.356459592882791,/Users/huhu/Documents/Code/bishe/vrb/vrbreproduction/outputs/100subaction-e9/experiments/E9/pipeline_outputs/subaction_33_P01_109_33/candidate_01_frame_003089_left,48,5,0.07262222222222223,grabcut_fallback,bbox_fallback,fallback_lk,1.0,1.0
E9,34,P01_109_34,dry hands,dry,hand,3094,3349,112,12,keep,,3122.0,3119.0,3.0,contact_part_local_affine,contact_part_local_affine,0.2271414305349922,6.362429341981506,/Users/huhu/Documents/Code/bishe/vrb/vrbreproduction/outputs/100subaction-e9/experiments/E9/pipeline_outputs/subaction_34_P01_109_34/candidate_01_frame_003122_left,89,5,0.0,grabcut_fallback,bbox_fallback,fallback_lk,1.0,1.0
E9,35,P01_109_35,put down cloth,put-down,cloth,3349,3372,35,6,discard,track_confidence_below_threshold,,,,,,,,,0,0,,,,,,
E9,36,P01_109_36,pick up potatoes,pick-up,potato,3374,3496,214,7,discard,track_confidence_below_threshold,,,,,,,,,0,0,,,,,,
E9,37,P01_109_37,put down potatoes,put-down,potato,3517,3552,56,2,keep,,3550.0,3548.0,2.0,contact_part_local_affine,contact_part_local_affine,0.4765935695485121,5.93563290186988,/Users/huhu/Documents/Code/bishe/vrb/vrbreproduction/outputs/100subaction-e9/experiments/E9/pipeline_outputs/subaction_37_P01_109_37/candidate_01_frame_003550_left,28,5,0.25626666666666664,grabcut_fallback,bbox_fallback,fallback_lk,0.9819444444444445,0.8611111111111112
E9,38,P01_109_38,move potatoes,move,potato,3640,3706,42,3,keep,,3654.0,3653.0,1.0,contact_part_local_affine,contact_part_local_affine,0.20155983860272014,6.183739474360148,/Users/huhu/Documents/Code/bishe/vrb/vrbreproduction/outputs/100subaction-e9/experiments/E9/pipeline_outputs/subaction_38_P01_109_38/candidate_00_frame_003654_left,49,5,0.20062222222222223,grabcut_fallback,bbox_fallback,fallback_lk,1.0,1.0
E9,39,P01_109_39,open cupboard,open,cupboard,3719,3799,55,12,keep,,3754.0,3753.0,1.0,contact_part_local_affine,contact_part_local_affine,0.20155983860272014,6.07363413515091,/Users/huhu/Documents/Code/bishe/vrb/vrbreproduction/outputs/100subaction-e9/experiments/E9/pipeline_outputs/subaction_39_P01_109_39/candidate_06_frame_003754_left,35,5,0.12506666666666666,grabcut_fallback,bbox_fallback,fallback_lk,0.9610000000000001,0.7
E9,40,P01_109_40,move pans,move,pan,3826,4048,301,12,keep,,3856.0,3854.0,2.0,contact_part_local_affine,contact_part_local_affine,0.20155983860272014,5.907262430597941,/Users/huhu/Documents/Code/bishe/vrb/vrbreproduction/outputs/100subaction-e9/experiments/E9/pipeline_outputs/subaction_40_P01_109_40/candidate_09_frame_003856_right,232,5,0.24782222222222222,grabcut_fallback,bbox_fallback,fallback_lk,0.975625,0.8125
E9,41,P01_109_41,pick up pan,pick-up,pan,4038,4098,122,4,keep,,4037.0,4036.0,1.0,contact_part_local_affine,contact_part_local_affine,0.46268226503345383,5.978262271936733,/Users/huhu/Documents/Code/bishe/vrb/vrbreproduction/outputs/100subaction-e9/experiments/E9/pipeline_outputs/subaction_41_P01_109_41/candidate_00_frame_004037_right,107,5,0.32804444444444447,grabcut_fallback,bbox_fallback,fallback_lk,1.0,1.0
E9,42,P01_109_42,put down pan,put-down,pan,4209,4280,107,3,keep,,4273.0,4271.0,2.0,contact_part_local_affine,contact_part_local_affine,0.941336550625,5.962750721465217,/Users/huhu/Documents/Code/bishe/vrb/vrbreproduction/outputs/100subaction-e9/experiments/E9/pipeline_outputs/subaction_42_P01_109_42/candidate_00_frame_004273_left,194,5,0.24351111111111112,grabcut_fallback,bbox_fallback,fallback_lk,0.9711111111111111,0.7777777777777778
E9,43,P01_109_44,put down pan,put-down,pan,4269,4353,142,3,keep,,4273.0,4271.0,2.0,contact_part_local_affine,contact_part_local_affine,0.941336550625,5.962750721465217,/Users/huhu/Documents/Code/bishe/vrb/vrbreproduction/outputs/100subaction-e9/experiments/E9/pipeline_outputs/subaction_43_P01_109_44/candidate_00_frame_004273_left,194,5,0.24351111111111112,grabcut_fallback,bbox_fallback,fallback_lk,0.9711111111111111,0.7777777777777778
E9,44,P01_109_43,pick up pan,pick-up,pan,4330,4386,36,6,keep,,4381.0,4379.0,2.0,contact_part_local_affine,contact_part_local_affine,0.6957761406082257,6.278568555250902,/Users/huhu/Documents/Code/bishe/vrb/vrbreproduction/outputs/100subaction-e9/experiments/E9/pipeline_outputs/subaction_44_P01_109_43/candidate_03_frame_004381_left,107,5,0.0,grabcut_fallback,bbox_fallback,fallback_lk,0.975,0.8076923076923077
E9,45,P01_109_45,put down pan,put-down,pan,4379,4432,56,9,keep,,4381.0,4379.0,2.0,contact_part_local_affine,contact_part_local_affine,0.6957761406082257,6.278568555250902,/Users/huhu/Documents/Code/bishe/vrb/vrbreproduction/outputs/100subaction-e9/experiments/E9/pipeline_outputs/subaction_45_P01_109_45/candidate_03_frame_004381_left,107,5,0.0,grabcut_fallback,bbox_fallback,fallback_lk,0.975,0.8076923076923077
E9,46,P01_109_46,pick up cutting board,pick-up,board:cutting,4510,4604,70,12,keep,,4539.0,4537.0,2.0,contact_part_local_affine,contact_part_local_affine,0.19014588786486256,6.141589104810291,/Users/huhu/Documents/Code/bishe/vrb/vrbreproduction/outputs/100subaction-e9/experiments/E9/pipeline_outputs/subaction_46_P01_109_46/candidate_07_frame_004539_left,44,5,0.12675555555555557,grabcut_fallback,bbox_fallback,fallback_lk,0.9855555555555556,0.8888888888888888
E9,47,P01_109_47,close cupboard,close,cupboard,4621,4664,26,9,discard,track_confidence_below_threshold,,,,,,,,,0,0,,,,,,
E9,48,P01_109_48,put down cutting board,put-down,board:cutting,4677,4724,53,3,discard,track_confidence_below_threshold,,,,,,,,,0,0,,,,,,
E9,49,P01_109_49,pick up eggs,pick-up,egg,4764,4797,68,4,discard,track_confidence_below_threshold,,,,,,,,,0,0,,,,,,
E9,50,P01_109_50,put down eggs,put-down,egg,4794,4827,54,3,discard,track_confidence_below_threshold,,,,,,,,,0,0,,,,,,
E9,51,P01_109_51,move kettle,move,kettle,4832,4867,35,1,discard,contact_points_lt5_after_object_boundary_filter,,,,,,,,,0,0,,,,,,
E9,52,P01_109_52,open drawer,open,drawer,4904,4942,13,5,discard,contact_points_lt5_after_object_boundary_filter,,,,,,,,,0,0,,,,,,
E9,53,P01_109_53,pick up peeler,pick-up,peeler,4938,4981,47,12,discard,contact_points_lt5_after_object_boundary_filter,,,,,,,,,0,0,,,,,,
E9,54,P01_109_54,close drawer,close,drawer,4977,5004,31,2,discard,contact_points_lt5_after_object_boundary_filter,,,,,,,,,0,0,,,,,,
E9,55,P01_109_55,move cutting board,move,board:cutting,5014,5049,54,9,keep,,5019.0,5018.0,1.0,contact_part_local_affine,contact_part_local_affine,0.2566024181831758,6.319727973182995,/Users/huhu/Documents/Code/bishe/vrb/vrbreproduction/outputs/100subaction-e9/experiments/E9/pipeline_outputs/subaction_55_P01_109_55/candidate_00_frame_005019_left,133,5,0.10444444444444445,grabcut_fallback,bbox_fallback,fallback_lk,1.0,1.0
E9,56,P01_109_56,pick up potato,pick-up,potato,5053,5122,112,12,keep,,5063.0,5062.0,1.0,contact_part_local_affine,contact_part_local_affine,0.2605631758614574,6.249405996846217,/Users/huhu/Documents/Code/bishe/vrb/vrbreproduction/outputs/100subaction-e9/experiments/E9/pipeline_outputs/subaction_56_P01_109_56/candidate_01_frame_005063_left,97,5,0.13155555555555556,grabcut_fallback,bbox_fallback,fallback_lk,0.9923529411764707,0.9411764705882353
E9,57,P01_109_57,move potato,move,potato,5082,5094,24,4,keep,,5082.0,5081.0,1.0,contact_part_local_affine,contact_part_local_affine,0.2605631758614574,5.570524345374106,/Users/huhu/Documents/Code/bishe/vrb/vrbreproduction/outputs/100subaction-e9/experiments/E9/pipeline_outputs/subaction_57_P01_109_57/candidate_03_frame_005082_left,70,4,0.10826666666666666,grabcut_fallback,bbox_fallback,fallback_lk,0.75,1.0
E9,58,P01_109_58,peel potato,peel,potato,5182,9529,8679,12,keep,,7134.0,7133.0,1.0,contact_part_local_affine,contact_part_local_affine,1.0,6.0977930520852395,/Users/huhu/Documents/Code/bishe/vrb/vrbreproduction/outputs/100subaction-e9/experiments/E9/pipeline_outputs/subaction_58_P01_109_58/candidate_02_frame_007134_right,252,5,0.23524444444444445,grabcut_fallback,bbox_fallback,fallback_lk,1.0,1.0
E9,59,P01_109_59,put down potato,put-down,potato,9494,9582,178,4,keep,,9494.0,9493.0,1.0,contact_part_local_affine,contact_part_local_affine,1.0,6.122135246467589,/Users/huhu/Documents/Code/bishe/vrb/vrbreproduction/outputs/100subaction-e9/experiments/E9/pipeline_outputs/subaction_59_P01_109_59/candidate_03_frame_009494_right,131,5,0.24386666666666668,grabcut_fallback,bbox_fallback,fallback_lk,1.0,1.0
E9,60,P01_109_60,put down peeler,put-down,peeler,9586,9607,31,4,keep,,9586.0,9585.0,1.0,contact_part_local_affine,contact_part_local_affine,1.0,6.293857612649599,/Users/huhu/Documents/Code/bishe/vrb/vrbreproduction/outputs/100subaction-e9/experiments/E9/pipeline_outputs/subaction_60_P01_109_60/candidate_03_frame_009586_right,47,5,0.1288888888888889,grabcut_fallback,bbox_fallback,fallback_lk,1.0,1.0
E9,61,P01_109_61,pick up knife,pick-up,knife,9668,9762,3,3,discard,missing_hand_or_object_bbox,,,,,,,,,0,0,,,,,,
E9,62,P01_109_62,grab potato,grab,potato,9805,9835,62,4,discard,track_confidence_below_threshold,,,,,,,,,0,0,,,,,,
E9,63,P01_109_63,cut potato,cut,potato,9831,10125,590,4,discard,track_confidence_below_threshold,,,,,,,,,0,0,,,,,,
E9,64,P01_109_64,pick up potato bit,pick-up,bit:potato,10119,10183,95,7,keep,,10144.0,10143.0,1.0,contact_part_local_affine,contact_part_local_affine,0.955671625,6.279939848486581,/Users/huhu/Documents/Code/bishe/vrb/vrbreproduction/outputs/100subaction-e9/experiments/E9/pipeline_outputs/subaction_64_P01_109_64/candidate_00_frame_010144_left,42,5,0.13995555555555556,grabcut_fallback,bbox_fallback,fallback_lk,1.0,1.0
E9,65,P01_109_65,put down potato bit,put-down,bit:potato,10148,10191,59,7,keep,,10184.0,10183.0,1.0,contact_part_local_affine,contact_part_local_affine,1.0,6.345748383649189,/Users/huhu/Documents/Code/bishe/vrb/vrbreproduction/outputs/100subaction-e9/experiments/E9/pipeline_outputs/subaction_65_P01_109_65/candidate_04_frame_010184_left,153,5,0.0879111111111111,grabcut_fallback,bbox_fallback,fallback_lk,1.0,1.0
E9,66,P01_109_66,move cutting board,move,board:cutting,10196,10232,41,4,keep,,10197.0,10196.0,1.0,contact_part_local_affine,contact_part_local_affine,1.0,6.316707574244339,/Users/huhu/Documents/Code/bishe/vrb/vrbreproduction/outputs/100subaction-e9/experiments/E9/pipeline_outputs/subaction_66_P01_109_66/candidate_00_frame_010197_left,186,5,0.11071111111111111,grabcut_fallback,bbox_fallback,fallback_lk,1.0,1.0
E9,67,P01_109_67,put down knife,put-down,knife,10237,10267,21,2,keep,,10261.0,10260.0,1.0,contact_part_local_affine,contact_part_local_affine,0.941336550625,6.229377412140368,/Users/huhu/Documents/Code/bishe/vrb/vrbreproduction/outputs/100subaction-e9/experiments/E9/pipeline_outputs/subaction_67_P01_109_67/candidate_00_frame_010261_right,92,5,0.17333333333333334,grabcut_fallback,bbox_fallback,fallback_lk,1.0,1.0
E9,68,P01_109_68,pick up knife,pick-up,knife,10264,10300,55,6,keep,,10270.0,10268.0,2.0,contact_part_local_affine,contact_part_local_affine,0.941336550625,6.119765847078959,/Users/huhu/Documents/Code/bishe/vrb/vrbreproduction/outputs/100subaction-e9/experiments/E9/pipeline_outputs/subaction_68_P01_109_68/candidate_01_frame_010270_right,90,5,0.16675555555555555,grabcut_fallback,bbox_fallback,fallback_lk,0.9796875,0.84375
E9,69,P01_109_69,slice potato,slice,potato,10297,11900,3179,12,keep,,10375.0,10374.0,1.0,contact_part_local_affine,contact_part_local_affine,0.941336550625,5.887917721104621,/Users/huhu/Documents/Code/bishe/vrb/vrbreproduction/outputs/100subaction-e9/experiments/E9/pipeline_outputs/subaction_69_P01_109_69/candidate_01_frame_010375_left,56,5,0.38986666666666664,grabcut_fallback,bbox_fallback,fallback_lk,1.0,1.0
E9,70,P01_109_70,put down knife,put-down,knife,11914,11935,37,4,keep,,11914.0,11913.0,1.0,contact_part_local_affine,contact_part_local_affine,0.8996086310076885,6.304057868281999,/Users/huhu/Documents/Code/bishe/vrb/vrbreproduction/outputs/100subaction-e9/experiments/E9/pipeline_outputs/subaction_70_P01_109_70/candidate_03_frame_011914_left,117,5,0.12088888888888889,grabcut_fallback,bbox_fallback,fallback_lk,1.0,1.0
E9,71,P01_109_71,put down potato slices,put-down,slice:potato,11963,11994,23,4,keep,,11983.0,11982.0,1.0,contact_part_local_affine,contact_part_local_affine,0.8996086310076885,6.0864678437683315,/Users/huhu/Documents/Code/bishe/vrb/vrbreproduction/outputs/100subaction-e9/experiments/E9/pipeline_outputs/subaction_71_P01_109_71/candidate_02_frame_011983_right,82,5,0.24906666666666666,grabcut_fallback,bbox_fallback,fallback_lk,0.9963888888888889,0.9722222222222222
E9,72,P01_109_72,pick up potato slices,pick-up,slice:potato,12007,12071,130,4,keep,,12007.0,12006.0,1.0,contact_part_local_affine,contact_part_local_affine,0.5100594460712041,5.974329539084433,/Users/huhu/Documents/Code/bishe/vrb/vrbreproduction/outputs/100subaction-e9/experiments/E9/pipeline_outputs/subaction_72_P01_109_72/candidate_03_frame_012007_right,76,5,0.3384,grabcut_fallback,bbox_fallback,fallback_lk,1.0,1.0
E9,73,P01_109_73,put down potato slices,put-down,slice:potato,12070,12186,194,12,keep,,12104.0,12096.0,8.0,contact_part_local_affine,contact_part_local_affine,0.5100594460712041,5.95670779224593,/Users/huhu/Documents/Code/bishe/vrb/vrbreproduction/outputs/100subaction-e9/experiments/E9/pipeline_outputs/subaction_73_P01_109_73/candidate_00_frame_012104_right,85,5,0.17026666666666668,grabcut_fallback,bbox_fallback,fallback_lk,0.9596551724137932,0.6896551724137931
E9,74,P01_109_74,pick up potato slices,pick-up,slice:potato,12181,12263,131,11,keep,,12199.0,12198.0,1.0,contact_part_local_affine,contact_part_local_affine,0.2092942838098164,6.03704262140218,/Users/huhu/Documents/Code/bishe/vrb/vrbreproduction/outputs/100subaction-e9/experiments/E9/pipeline_outputs/subaction_74_P01_109_74/candidate_03_frame_012199_left,68,5,0.17666666666666667,grabcut_fallback,bbox_fallback,fallback_lk,0.9694117647058824,0.7647058823529411
E9,75,P01_109_75,put down potato slices,put-down,slice:potato,12267,12332,71,6,keep,,12295.0,12286.0,9.0,contact_part_local_affine,contact_part_local_affine,0.2092942838098164,6.125047278638319,/Users/huhu/Documents/Code/bishe/vrb/vrbreproduction/outputs/100subaction-e9/experiments/E9/pipeline_outputs/subaction_75_P01_109_75/candidate_01_frame_012295_right,78,5,0.14186666666666667,grabcut_fallback,bbox_fallback,fallback_lk,0.9881818181818183,0.9090909090909091
E9,76,P01_109_76,pick up potato slice,pick-up,slice:potato,12325,12391,65,12,keep,,12326.0,12324.0,2.0,contact_part_local_affine,contact_part_local_affine,0.2092942838098164,6.236941615805362,/Users/huhu/Documents/Code/bishe/vrb/vrbreproduction/outputs/100subaction-e9/experiments/E9/pipeline_outputs/subaction_76_P01_109_76/candidate_01_frame_012326_right,122,5,0.15253333333333333,grabcut_fallback,bbox_fallback,fallback_lk,0.9963888888888889,0.9722222222222222
E9,77,P01_109_78,pick up potato slice,pick-up,slice:potato,12336,12390,60,12,keep,,12335.0,12334.0,1.0,contact_part_local_affine,contact_part_local_affine,0.2092942838098164,6.184224215539295,/Users/huhu/Documents/Code/bishe/vrb/vrbreproduction/outputs/100subaction-e9/experiments/E9/pipeline_outputs/subaction_77_P01_109_78/candidate_00_frame_012335_left,48,5,0.15431111111111112,grabcut_fallback,bbox_fallback,fallback_lk,1.0,1.0
E9,78,P01_109_79,put down potato slice,put-down,slice:potato,12389,12411,16,2,keep,,12388.0,12387.0,1.0,contact_part_local_affine,contact_part_local_affine,0.2092942838098164,6.17704995717363,/Users/huhu/Documents/Code/bishe/vrb/vrbreproduction/outputs/100subaction-e9/experiments/E9/pipeline_outputs/subaction_78_P01_109_79/candidate_00_frame_012388_right,77,5,0.16635555555555556,grabcut_fallback,bbox_fallback,fallback_lk,0.9886956521739131,0.9130434782608695
E9,79,P01_109_77,put down potato slice,put-down,slice:potato,12390,12417,21,3,keep,,12412.0,12410.0,2.0,contact_part_local_affine,contact_part_local_affine,0.2092942838098164,6.064258066282273,/Users/huhu/Documents/Code/bishe/vrb/vrbreproduction/outputs/100subaction-e9/experiments/E9/pipeline_outputs/subaction_79_P01_109_77/candidate_01_frame_012412_left,110,5,0.2232,grabcut_fallback,bbox_fallback,fallback_lk,1.0,1.0
E9,80,P01_109_80,pick up potato slices,pick-up,slice:potato,12416,12455,54,6,keep,,12425.0,12424.0,1.0,contact_part_local_affine,contact_part_local_affine,0.2092942838098164,6.0398244692961365,/Users/huhu/Documents/Code/bishe/vrb/vrbreproduction/outputs/100subaction-e9/experiments/E9/pipeline_outputs/subaction_80_P01_109_80/candidate_01_frame_012425_right,91,5,0.28835555555555553,grabcut_fallback,bbox_fallback,fallback_lk,1.0,1.0
E9,81,P01_109_81,put down potato slices,put-down,slice:potato,12458,12480,17,3,keep,,12468.0,12467.0,1.0,contact_part_local_affine,contact_part_local_affine,0.27891314817092505,6.312558811680475,/Users/huhu/Documents/Code/bishe/vrb/vrbreproduction/outputs/100subaction-e9/experiments/E9/pipeline_outputs/subaction_81_P01_109_81/candidate_00_frame_012468_right,108,5,0.11448888888888889,grabcut_fallback,bbox_fallback,fallback_lk,1.0,1.0
E9,82,P01_109_82,pick up potato slice,pick-up,slice:potato,12484,12562,143,6,keep,,12493.0,12459.0,34.0,contact_part_local_affine,contact_part_local_affine,0.40697077693865086,5.328310080306938,/Users/huhu/Documents/Code/bishe/vrb/vrbreproduction/outputs/100subaction-e9/experiments/E9/pipeline_outputs/subaction_82_P01_109_82/candidate_00_frame_012493_right,75,5,0.19355555555555556,grabcut_fallback,bbox_fallback,fallback_lk,0.947037037037037,0.5925925925925926
E9,83,P01_109_83,put down potato slice,put-down,slice:potato,12562,12585,45,3,keep,,12578.0,12577.0,1.0,contact_part_local_affine,contact_part_local_affine,0.64744518989815,6.2812750023245805,/Users/huhu/Documents/Code/bishe/vrb/vrbreproduction/outputs/100subaction-e9/experiments/E9/pipeline_outputs/subaction_83_P01_109_83/candidate_00_frame_012578_right,116,5,0.11106666666666666,grabcut_fallback,bbox_fallback,fallback_lk,1.0,1.0
E9,84,P01_109_84,pick up potato slice,pick-up,slice:potato,12634,12667,38,12,keep,,12635.0,12632.0,3.0,contact_part_local_affine,contact_part_local_affine,0.64744518989815,6.240600822591781,/Users/huhu/Documents/Code/bishe/vrb/vrbreproduction/outputs/100subaction-e9/experiments/E9/pipeline_outputs/subaction_84_P01_109_84/candidate_01_frame_012635_right,138,5,0.1484,grabcut_fallback,bbox_fallback,fallback_lk,1.0,1.0
E9,85,P01_109_85,put down potato slice,put-down,slice:potato,12670,12692,21,4,keep,,12680.0,12679.0,1.0,contact_part_local_affine,contact_part_local_affine,0.7363975911830737,6.19665377730131,/Users/huhu/Documents/Code/bishe/vrb/vrbreproduction/outputs/100subaction-e9/experiments/E9/pipeline_outputs/subaction_85_P01_109_85/candidate_01_frame_012680_left,112,5,0.19333333333333333,grabcut_fallback,bbox_fallback,fallback_lk,1.0,1.0
E9,86,P01_109_86,pick up potato slice,pick-up,slice:potato,12723,12753,54,5,keep,,12724.0,12650.0,74.0,contact_part_local_affine,contact_part_local_affine,0.7363975911830737,5.625418642727534,/Users/huhu/Documents/Code/bishe/vrb/vrbreproduction/outputs/100subaction-e9/experiments/E9/pipeline_outputs/subaction_86_P01_109_86/candidate_00_frame_012724_left,34,5,0.13013333333333332,grabcut_fallback,bbox_fallback,fallback_lk,0.9566666666666667,0.6666666666666666
E9,87,P01_109_87,put down potato slice,put-down,slice:potato,12758,12786,30,6,discard,missing_hand_or_object_bbox,,,,,,,,,0,0,,,,,,
E9,88,P01_109_88,pick up knife,pick-up,knife,12876,12926,98,3,keep,,12881.0,12880.0,1.0,contact_part_local_affine,contact_part_local_affine,0.4961090437133778,6.1214837427377695,/Users/huhu/Documents/Code/bishe/vrb/vrbreproduction/outputs/100subaction-e9/experiments/E9/pipeline_outputs/subaction_88_P01_109_88/candidate_02_frame_012881_right,80,5,0.24173333333333333,grabcut_fallback,bbox_fallback,fallback_lk,1.0,1.0
E9,89,P01_109_89,cut potato slice,cut,slice:potato,12915,13036,241,3,keep,,12999.0,12998.0,1.0,contact_part_local_affine,contact_part_local_affine,0.4961090437133778,5.301202668190001,/Users/huhu/Documents/Code/bishe/vrb/vrbreproduction/outputs/100subaction-e9/experiments/E9/pipeline_outputs/subaction_89_P01_109_89/candidate_00_frame_012999_left,33,3,0.21333333333333335,grabcut_fallback,bbox_fallback,fallback_lk,0.825,1.0
E9,90,P01_109_90,put down knife,put-down,knife,13025,13055,58,3,discard,missing_hand_or_object_bbox,,,,,,,,,0,0,,,,,,
E9,91,P01_109_91,put down potato slice,put-down,slice:potato,13065,13090,34,3,keep,,13081.0,13080.0,1.0,contact_part_local_affine,contact_part_local_affine,0.4961090437133778,6.33882459865411,/Users/huhu/Documents/Code/bishe/vrb/vrbreproduction/outputs/100subaction-e9/experiments/E9/pipeline_outputs/subaction_91_P01_109_91/candidate_02_frame_013081_left,73,5,0.09817777777777778,grabcut_fallback,bbox_fallback,fallback_lk,1.0,1.0
E9,92,P01_109_92,pick up potato,pick-up,potato,13096,13121,32,8,keep,,13110.0,13109.0,1.0,contact_part_local_affine,contact_part_local_affine,0.4961090437133778,6.227630944571892,/Users/huhu/Documents/Code/bishe/vrb/vrbreproduction/outputs/100subaction-e9/experiments/E9/pipeline_outputs/subaction_92_P01_109_92/candidate_02_frame_013110_left,37,5,0.1534222222222222,grabcut_fallback,bbox_fallback,fallback_lk,1.0,1.0
E9,93,P01_109_93,pick up peeler,pick-up,peeler,13126,13155,56,3,keep,,13134.0,13133.0,1.0,contact_part_local_affine,contact_part_local_affine,0.6542882604752328,6.303807572110493,/Users/huhu/Documents/Code/bishe/vrb/vrbreproduction/outputs/100subaction-e9/experiments/E9/pipeline_outputs/subaction_93_P01_109_93/candidate_00_frame_013134_right,96,5,0.12017777777777777,grabcut_fallback,bbox_fallback,fallback_lk,1.0,1.0
E9,94,P01_109_94,peel potato,peel,potato,13152,15461,4620,4,keep,,13151.0,13139.0,12.0,contact_part_local_affine,contact_part_local_affine,0.6542882604752328,6.193856528123219,/Users/huhu/Documents/Code/bishe/vrb/vrbreproduction/outputs/100subaction-e9/experiments/E9/pipeline_outputs/subaction_94_P01_109_94/candidate_02_frame_013151_right,125,5,0.14177777777777778,grabcut_fallback,bbox_fallback,fallback_lk,1.0,1.0
E9,95,P01_109_95,put down potato,put-down,potato,15463,15503,80,3,keep,,15464.0,15463.0,1.0,contact_part_local_affine,contact_part_local_affine,1.0,5.867134151780604,/Users/huhu/Documents/Code/bishe/vrb/vrbreproduction/outputs/100subaction-e9/experiments/E9/pipeline_outputs/subaction_95_P01_109_95/candidate_00_frame_015464_right,147,5,0.40973333333333334,grabcut_fallback,bbox_fallback,fallback_lk,1.0,1.0
E9,96,P01_109_96,pick up peeler blade,pick-up,blade:peeler,15508,15575,132,6,discard,contact_points_lt5_after_object_boundary_filter,,,,,,,,,0,0,,,,,,
E9,97,P01_109_97,fix peeler blade,fix,blade:peeler,15574,15772,389,3,keep,,15761.0,15759.0,2.0,contact_part_local_affine,contact_part_local_affine,0.955671625,5.472376883888245,/Users/huhu/Documents/Code/bishe/vrb/vrbreproduction/outputs/100subaction-e9/experiments/E9/pipeline_outputs/subaction_97_P01_109_97/candidate_01_frame_015761_left,134,4,0.21417777777777777,grabcut_fallback,bbox_fallback,fallback_lk,0.797821076711019,1.0
E9,98,P01_109_98,pick up potato,pick-up,potato,15772,15799,56,4,keep,,15771.0,15769.0,2.0,contact_part_local_affine,contact_part_local_affine,0.955671625,6.2686467925906175,/Users/huhu/Documents/Code/bishe/vrb/vrbreproduction/outputs/100subaction-e9/experiments/E9/pipeline_outputs/subaction_98_P01_109_98/candidate_02_frame_015771_left,106,5,0.144,grabcut_fallback,bbox_fallback,fallback_lk,1.0,1.0
E9,99,P01_109_99,peel potato,peel,potato,15883,16103,442,4,keep,,15883.0,15882.0,1.0,contact_part_local_affine,contact_part_local_affine,0.955671625,5.80544410021305,/Users/huhu/Documents/Code/bishe/vrb/vrbreproduction/outputs/100subaction-e9/experiments/E9/pipeline_outputs/subaction_99_P01_109_99/candidate_03_frame_015883_left,97,5,0.45453333333333334,grabcut_fallback,bbox_fallback,fallback_lk,1.0,1.0
