noun_class_key,noun_class,count,percentage
tap,0,3997,5.199
plate,2,2887,3.755
spoon,1,2691,3.5
cupboard,3,2676,3.481
knife,4,2515,3.271
pan,5,2472,3.215
lid,6,1978,2.573
bowl,7,1976,2.57
drawer,8,1883,2.449
glass,10,1692,2.201
sponge,9,1630,2.12
hand,11,1627,2.116
fridge,12,1447,1.882
cup,13,1329,1.729
fork,14,1277,1.661
cloth,17,1114,1.449
bag,19,1070,1.392
bottle,15,1059,1.377
board:chopping,18,1045,1.359
container,21,1000,1.301
onion,16,999,1.299
spatula,20,963,1.253
liquid:washing,22,954,1.241
dough,25,951,1.237
hob,24,946,1.23
box,23,941,1.224
meat,28,844,1.098
water,27,826,1.074
package,26,822,1.069
pot,29,790,1.028
oil,31,712,0.926
cheese,32,683,0.888
potato,30,657,0.855
colander,39,618,0.804
tray,35,616,0.801
salt,38,604,0.786
food,34,599,0.779
bin,36,585,0.761
bread,33,551,0.717
pasta,45,530,0.689
tomato,43,523,0.68
kettle,44,517,0.672
top,42,514,0.669
oven,46,496,0.645
maker:coffee,50,493,0.641
jar,40,493,0.641
carrot,41,476,0.619
paper,49,469,0.61
sauce,47,456,0.593
egg,53,436,0.567
skin,48,430,0.559
rubbish,54,422,0.549
pepper,37,408,0.531
garlic,51,390,0.507
towel,52,380,0.494
chicken,57,378,0.492
rice,55,365,0.475
cutlery,58,365,0.475
sink,63,339,0.441
coffee,59,335,0.436
glove,60,324,0.421
jug,66,311,0.405
milk,64,288,0.375
aubergine,67,279,0.363
leaf,62,277,0.36
mushroom,56,271,0.352
mixture,71,264,0.343
dishwasher,70,260,0.338
heat,65,256,0.333
can,61,253,0.329
courgette,76,240,0.312
flour,75,238,0.31
peach,74,232,0.302
cucumber,72,231,0.3
filter,77,224,0.291
tofu,81,223,0.29
butter,78,216,0.281
scissors,79,216,0.281
salad,68,202,0.263
chopstick,80,193,0.251
chilli,69,189,0.246
clothes,73,186,0.242
mat,84,184,0.239
sausage,86,184,0.239
olive,83,181,0.235
microwave,90,180,0.234
cover,89,179,0.233
napkin,88,176,0.229
yoghurt,98,163,0.212
towel:kitchen,93,163,0.212
peeler:potato,87,162,0.211
spice,85,160,0.208
pizza,91,157,0.204
ladle,97,155,0.202
grater,96,155,0.202
broccoli,101,150,0.195
vegetable,94,146,0.19
button,92,141,0.183
cereal,99,140,0.182
stock,95,137,0.178
blender,82,136,0.177
brush,103,135,0.176
wrap,107,132,0.172
wrap:plastic,100,128,0.166
biscuit,104,121,0.157
rest,109,121,0.157
sugar,102,121,0.157
lemon,105,116,0.151
freezer,113,113,0.147
squash,116,109,0.142
fish,119,108,0.14
lettuce,120,107,0.139
leek,117,106,0.138
rack:drying,110,105,0.137
spreads,115,104,0.135
light,114,102,0.133
scale,108,100,0.13
curry,121,99,0.129
juicer,106,99,0.129
alarm,111,97,0.126
corn,125,88,0.114
nut,133,86,0.112
lighter,130,82,0.107
foil,123,82,0.107
pin:rolling,136,80,0.104
machine:washing,124,77,0.1
tea,132,76,0.099
cap,118,75,0.098
seed,122,74,0.096
burger,139,74,0.096
clip,129,73,0.095
tongs,142,72,0.094
banana,146,71,0.092
ginger,131,68,0.088
salmon,112,67,0.087
pie,137,67,0.087
powder,138,66,0.086
soup,126,66,0.086
vinegar,134,65,0.085
oatmeal,127,65,0.085
processor:food,147,65,0.085
omelette,162,62,0.081
kitchen,157,62,0.081
onion:spring,128,61,0.079
choi:pak,151,61,0.079
floor,159,61,0.079
shell:egg,141,60,0.078
salami,156,59,0.077
liquid,150,58,0.075
teapot,158,57,0.074
oregano,145,57,0.074
paste,148,56,0.073
plug,153,54,0.07
sandwich,164,54,0.07
thermometer,166,53,0.069
basket,168,53,0.069
tuna,160,52,0.068
holder,135,52,0.068
recipe,149,51,0.066
utensil,154,49,0.064
lime,161,49,0.064
presser,172,49,0.064
coriander,173,48,0.062
book,140,47,0.061
cream,143,47,0.061
cooker:slow,152,46,0.06
bacon,163,45,0.059
avocado,176,44,0.057
tablet,171,44,0.057
pork,144,43,0.056
noodle,155,43,0.056
blueberry,178,43,0.056
cake,175,40,0.052
hummus,181,40,0.052
bean:green,185,39,0.051
phone,165,38,0.049
pancake,184,37,0.048
parsley,169,37,0.048
whetstone,212,36,0.047
opener:bottle,174,36,0.047
fan:extractor,179,36,0.047
toaster,186,35,0.046
chocolate,188,35,0.046
juice,183,35,0.046
ice,189,33,0.043
lentil,177,31,0.04
fishcakes,197,30,0.039
knob,190,30,0.039
spinner:salad,170,29,0.038
chair,182,29,0.038
apron,199,29,0.038
yeast,195,29,0.038
handle,191,29,0.038
grape,202,28,0.036
coconut,196,28,0.036
kale,203,27,0.035
raisin,200,27,0.035
orange,167,27,0.035
drink,209,25,0.033
mango,207,25,0.033
apple,187,24,0.031
kiwi,213,23,0.03
finger:lady,216,22,0.029
cabbage,224,22,0.029
blackberry,219,21,0.027
whisk,218,21,0.027
thyme,215,21,0.027
control:remote,221,20,0.026
pea,193,20,0.026
spinach,198,19,0.025
wire,204,19,0.025
slicer,220,19,0.025
turmeric,211,19,0.025
celery,223,19,0.025
beef,217,18,0.023
breadstick,226,18,0.023
paprika,206,18,0.023
label,222,18,0.023
ladder,230,18,0.023
wine,192,18,0.023
cocktail,228,18,0.023
crisp,229,18,0.023
beer,231,17,0.022
battery,233,17,0.022
pan:dust,232,17,0.022
caper,208,16,0.021
roll,227,16,0.021
powder:washing,234,16,0.021
hoover,225,16,0.021
cutter:pizza,237,15,0.02
quorn,240,14,0.018
funnel,241,14,0.018
stalk,210,14,0.018
pear,239,14,0.018
tv,245,13,0.017
almond,244,13,0.017
backpack,235,12,0.016
wall,242,12,0.016
stand,249,12,0.016
straw,248,12,0.016
shelf,247,12,0.016
shrimp,253,11,0.014
cellar:salt,180,11,0.014
fruit,254,11,0.014
guard:hand,252,11,0.014
artichoke,255,10,0.013
pith,194,10,0.013
basil,201,10,0.013
cork,256,10,0.013
stick:crab,260,9,0.012
air,238,9,0.012
sprout,258,9,0.012
pestle,262,9,0.012
mat:sushi,259,9,0.012
cumin,236,9,0.012
cherry,257,9,0.012
ring:onion,261,9,0.012
gin,264,8,0.01
window,263,8,0.01
mint,266,8,0.01
heater,267,7,0.009
machine:sous:vide,250,7,0.009
watch,272,7,0.009
bean,214,7,0.009
grass:lemon,268,7,0.009
scotch:egg,246,7,0.009
breadcrumb,271,7,0.009
strawberry,243,7,0.009
rubber,269,7,0.009
melon,273,6,0.008
cinnamon,274,6,0.008
dumpling,276,6,0.008
asparagus,205,6,0.008
bar,265,6,0.008
rosemary,277,5,0.007
syrup,279,5,0.007
masher,251,5,0.007
candle,280,5,0.007
pineapple,281,5,0.007
raspberry,284,4,0.005
soda,283,4,0.005
power,278,4,0.005
sheets,282,4,0.005
turkey,287,3,0.004
cd,298,2,0.003
face,292,2,0.003
extract:vanilla,299,2,0.003
pen,291,2,0.003
plum,293,2,0.003
airer,285,2,0.003
camera,297,2,0.003
computer,288,2,0.003
door:kitchen,295,2,0.003
