noun,noun_class,count,percentage
tap,0,3931,5.113
plate,2,2539,3.302
knife,4,2391,3.11
spoon,1,2071,2.694
cupboard,3,2039,2.652
drawer,8,1828,2.378
pan,5,1668,2.169
glass,10,1652,2.149
lid,6,1626,2.115
sponge,9,1607,2.09
hand,11,1594,2.073
bowl,7,1554,2.021
fridge,12,1352,1.758
fork,14,1265,1.645
onion,16,933,1.214
spatula,20,929,1.208
cloth,17,910,1.184
container,21,837,1.089
water,27,758,0.986
dough,25,755,0.982
pot,29,747,0.972
meat,28,735,0.956
bottle,15,665,0.865
mug,13,628,0.817
bag,19,605,0.787
salt,38,600,0.78
saucepan,5,563,0.732
cup,13,531,0.691
potato,30,522,0.679
board:chopping,18,520,0.676
kettle,44,496,0.645
oil,31,494,0.643
pasta,45,480,0.624
food,34,453,0.589
board:cutting,18,435,0.566
cheese,32,432,0.562
colander,39,431,0.561
door,3,425,0.553
egg,53,425,0.553
carrot,41,401,0.522
hob,24,386,0.502
tomato,43,382,0.497
tupperware,23,355,0.462
jar,40,347,0.451
rice,55,343,0.446
oven,46,336,0.437
bin,36,335,0.436
garlic,51,329,0.428
sink,63,312,0.406
pepper,37,301,0.391
cutlery,58,300,0.39
liquid:washing:up,22,289,0.376
aubergine,67,277,0.36
mushroom,56,266,0.346
paper,49,264,0.343
teaspoon,1,254,0.33
bread,33,251,0.326
tray,35,242,0.315
spoon:wooden,1,237,0.308
towel:tea,52,232,0.302
coffee,59,231,0.3
flour,75,231,0.3
dish,2,229,0.298
peach,74,226,0.294
box,23,224,0.291
milk,64,223,0.29
courgette,76,214,0.278
sauce,47,213,0.277
scissors,79,212,0.276
tray:baking,35,210,0.273
chicken,57,206,0.268
salad,68,193,0.251
dishwasher,70,191,0.248
chopstick,80,189,0.246
mixture,71,185,0.241
olive,83,180,0.234
butter,78,176,0.229
ball:dough,25,175,0.228
cucumber,72,173,0.225
filter,77,171,0.222
detergent,22,171,0.222
oil:olive,31,169,0.22
cabinet,3,163,0.212
soap,22,159,0.207
rubbish,54,158,0.206
mat:place,84,155,0.202
ladle,97,155,0.202
spice,85,154,0.2
microwave,90,150,0.195
towel,52,141,0.183
vegetable,94,141,0.183
packaging,26,134,0.174
can,61,134,0.174
grater,96,132,0.172
surface,42,130,0.169
yoghurt,98,129,0.168
napkin,88,129,0.168
piece:tofu,81,129,0.168
glove:oven,60,129,0.168
bottle:oil,15,128,0.166
jug,66,128,0.166
thigh:chicken,57,125,0.163
cooker,46,124,0.161
cereal,99,123,0.16
bowl:salad,7,122,0.159
glove,60,122,0.159
pan:frying,5,122,0.159
counter,42,121,0.157
chilli,69,121,0.157
sugar,102,121,0.157
heat,65,118,0.153
cap:burner,24,118,0.153
pizza,91,113,0.147
freezer,113,111,0.144
sausage,86,111,0.144
paper:greaseproof,49,110,0.143
mozzarella,32,109,0.142
package,26,108,0.14
squash,116,108,0.14
degreaser,22,102,0.133
lettuce,120,101,0.131
bottle:milk,15,100,0.13
skin,48,100,0.13
bowl:washing:up,7,99,0.129
cup:coffee,13,99,0.129
rag,17,98,0.127
light,114,98,0.127
leek,117,95,0.124
button,92,95,0.124
clothes,73,94,0.122
stove,24,94,0.122
scale,108,94,0.122
cover,89,93,0.121
lemon,105,90,0.117
bag:plastic,19,90,0.117
lid:saucepan,6,89,0.116
roll:kitchen,93,89,0.116
peeler,87,88,0.114
stock,95,88,0.114
liquid:washing,22,86,0.112
curry,121,86,0.112
broccoli,101,85,0.111
table,42,84,0.109
lighter,130,82,0.107
refrigerator,12,81,0.105
machine:coffee,50,79,0.103
biscuit,104,79,0.103
pin:rolling,136,78,0.101
skin:garlic,48,76,0.099
v60,50,75,0.098
rest:spoon,109,74,0.096
fish,119,74,0.096
top:counter,42,73,0.095
film:cling,100,73,0.095
tofu,81,70,0.091
banana,146,70,0.091
slice:potato,30,69,0.09
tortilla,107,69,0.09
saucer,2,69,0.09
wok,5,68,0.088
leaf,62,68,0.088
leaf:pak:choi,62,67,0.087
peeler:potato,87,67,0.087
peel,48,67,0.087
tub,23,66,0.086
pot:coffee,50,66,0.086
drawer:dishwasher,70,65,0.085
box:lunch,23,65,0.085
slice:bread,33,65,0.085
soup,126,65,0.085
clip,129,64,0.083
pie,137,64,0.083
packet,26,63,0.082
kitchen,157,62,0.081
grid,24,62,0.081
salmon,112,62,0.081
timer,111,62,0.081
maker:coffee,50,61,0.079
bin:food,36,61,0.079
gas,24,59,0.077
floor,159,59,0.077
strainer,39,58,0.075
onion:spring,128,58,0.075
oregano,145,57,0.074
temperature,65,57,0.074
brush,103,57,0.074
silverware,58,56,0.073
choi:pak,151,55,0.072
top,42,55,0.072
trash,54,54,0.07
wrap,107,54,0.07
blender,82,54,0.07
carafe,66,54,0.07
waste,54,53,0.069
ginger,131,53,0.069
bag:flour,19,53,0.069
sandwich,164,53,0.069
nut:pine,133,53,0.069
jug:measuring,66,52,0.068
cap,118,51,0.066
tin,61,51,0.066
oat,127,51,0.066
brush:pastry,103,50,0.065
thermometer,166,49,0.064
cup:measuring,13,49,0.064
sauce:soy,47,49,0.064
plastic,26,49,0.064
bin:garbage,36,49,0.064
ingredient,34,48,0.062
plug,153,48,0.062
mixer,82,47,0.061
garbage,54,47,0.061
omelette,162,47,0.061
bin:trash,36,47,0.061
pesto,47,47,0.061
tongs,142,46,0.06
basket,168,46,0.06
rack:drying,110,46,0.06
utensil,154,45,0.059
bacon,163,45,0.059
bun:bao,33,45,0.059
piece:pepper,37,45,0.059
tomato:cherry,43,45,0.059
lid:rice:cooker,6,45,0.059
switch,92,45,0.059
foil,123,44,0.057
avocado,176,44,0.057
filter:water,66,44,0.057
water:tap,0,44,0.057
liquid,150,44,0.057
instruction,149,43,0.056
cloth:table,17,43,0.056
paper:baking,49,42,0.055
glove:rubber,60,42,0.055
can:trash,36,42,0.055
lime,161,42,0.055
pepper:bell,37,42,0.055
grill,24,41,0.053
curd:cheese,32,41,0.053
processor:food,147,41,0.053
machine:washing,124,40,0.052
bottle:water,15,40,0.052
tomato:sun:dried,43,40,0.052
patty:tuna,139,39,0.051
skin:onion,48,39,0.051
piece:cucumber,72,39,0.051
towel:kitchen,93,39,0.051
noodle,155,39,0.051
lid:tupperware,6,39,0.051
board,18,39,0.051
teapot,158,39,0.051
bean:green,185,39,0.051
milk:soy,64,38,0.049
chorizo,86,38,0.049
tissue,88,37,0.048
parsley,169,37,0.048
ramekin,7,37,0.048
capsule,59,36,0.047
coriander,173,36,0.047
residue:food,54,36,0.047
cube:stock,95,35,0.046
vinegar,134,35,0.046
cafetiere,50,35,0.046
pot:moka,50,35,0.046
breast:chicken,57,35,0.046
tablecloth,17,35,0.046
potato:sweet,30,35,0.046
cream,143,35,0.046
container:food,21,35,0.046
top:stove,24,34,0.044
hummus,181,34,0.044
knife:mincing,4,34,0.044
herb,62,34,0.044
spoon:measuring,1,33,0.043
starter,71,33,0.043
toaster,186,33,0.043
honey,115,33,0.043
blueberry,178,33,0.043
holder:coffee,135,33,0.043
jam,115,32,0.042
bag:tea,132,32,0.042
glass:wine,10,32,0.042
box:cereal,23,32,0.042
cube:ice,189,31,0.04
jar:clip:top,40,31,0.04
piece:pitta,33,31,0.04
piece:lemon:squeezer,106,31,0.04
lid:pan,6,31,0.04
spaghetti,45,31,0.04
tomato:chopped,43,31,0.04
door:oven,46,30,0.039
sieve,39,30,0.039
can:tin,61,30,0.039
piece:carrot,41,30,0.039
yeast,195,29,0.038
strainer:sink,39,29,0.038
tea,132,29,0.038
apron,199,29,0.038
block:chopping,18,29,0.038
dish:oven,35,29,0.038
ham,156,29,0.038
grape,202,28,0.036
stone:olive,122,28,0.036
pod:coffee,59,28,0.036
piece:meat,28,28,0.036
tuna,160,28,0.036
belly:pork,144,28,0.036
finger,11,27,0.035
bun:steamed,33,27,0.035
kale,203,27,0.035
phone,165,27,0.035
chair,182,27,0.035
meat:minced,28,27,0.035
cooker:rice,152,27,0.035
holder:pot,24,27,0.035
chilli:green,69,27,0.035
aeropress,50,27,0.035
bit:food,34,27,0.035
spatula:wooden,20,27,0.035
yogurt,98,27,0.035
bag:coffee,19,27,0.035
raisin,200,26,0.034
oil:sesame,31,26,0.034
mix:meat,28,26,0.034
blender:hand,82,26,0.034
jar:sugar,40,26,0.034
side,42,25,0.033
tong,142,25,0.033
mango,207,25,0.033
knob,190,25,0.033
mould:cake,35,25,0.033
presser:garlic,172,25,0.033
clove:garlic,51,25,0.033
eggshell,141,25,0.033
dog:hot,86,25,0.033
jar:spice,40,24,0.031
corn,125,24,0.031
flame,24,24,0.031
carton:egg,26,24,0.031
bag:cereal,19,24,0.031
leaf:lettuce,62,24,0.031
grinder,50,23,0.03
blade:chopping,4,23,0.03
sock,73,23,0.03
mixture:tuna,160,23,0.03
kiwi,213,23,0.03
piece:onion,16,23,0.03
film,100,23,0.03
support,24,23,0.03
slice:butter,78,22,0.029
foil:aluminium,123,22,0.029
bread:pitta,33,22,0.029
bowl:glass,7,22,0.029
powder,138,22,0.029
bag:mozzarella,19,22,0.029
finger:lady,216,22,0.029
opener:can,174,22,0.029
apple,187,22,0.029
grater:cheese,96,22,0.029
moka,50,21,0.027
cake,175,21,0.027
whisk,218,21,0.027
piece:broccoli,101,21,0.027
blackberry,219,21,0.027
lid:pot,6,21,0.027
leaf:curry,62,21,0.027
peeling,48,21,0.027
cleaner,22,21,0.027
container:milk,21,20,0.026
temperature:water,65,20,0.026
skin:fish,119,20,0.026
packet:cheese,26,20,0.026
shell:egg,141,20,0.026
orange,167,20,0.026
fan:extractor,179,20,0.026
bag:pasta,19,20,0.026
wrap:plastic,100,20,0.026
pea,193,20,0.026
cabbage,224,19,0.025
bowl:rice:cooker,7,19,0.025
roll:paper,93,19,0.025
drawer:freezer,8,19,0.025
celery,223,19,0.025
booklet:instruction,140,19,0.025
holder:filter,50,19,0.025
liquid:dishwashing,22,19,0.025
locker,3,19,0.025
thyme,215,19,0.025
spinach,198,19,0.025
base:pizza,91,19,0.025
skin:potato,48,19,0.025
tap:water,0,19,0.025
paneer,32,19,0.025
container:salt,21,19,0.025
bowl:large,7,18,0.023
tray:oven,35,18,0.023
mitt:oven,60,18,0.023
nutella,115,18,0.023
leftover,34,18,0.023
whetstone,212,18,0.023
piece:chocolate,188,18,0.023
machine,124,18,0.023
pancake:crispy,184,18,0.023
bin:compost,36,18,0.023
drawer:fridge,8,18,0.023
paprika,206,18,0.023
ladder,230,18,0.023
floret,101,17,0.022
tub:tupperware,23,17,0.022
dustpan,232,17,0.022
cleanser,22,17,0.022
box:tea,23,17,0.022
bottle:sauce,15,17,0.022
time,111,17,0.022
bag:pine:nut,19,17,0.022
oven:microwave,90,17,0.022
finger:fish,197,17,0.022
door:cupboard,3,17,0.022
coconut,196,17,0.022
half:lemon,105,17,0.022
shaker,15,17,0.022
paper:filter,77,17,0.022
patty,139,17,0.022
beer,231,16,0.021
battery,233,16,0.021
juice,183,16,0.021
crumb,54,16,0.021
bag:packing,19,16,0.021
bagel,33,16,0.021
cover:plastic,89,16,0.021
sweetcorn,125,16,0.021
tablet,171,16,0.021
cover:food:processor,89,16,0.021
chilli:red,69,16,0.021
bag:cheese,19,16,0.021
caper,208,16,0.021
chickpea,177,16,0.021
parmesan,32,16,0.021
powder:washing,234,16,0.021
package:bread,26,16,0.021
peanut,133,16,0.021
filter:coffee,77,16,0.021
chip,30,16,0.021
hoover:hand:held,225,15,0.02
plate:pasta,2,15,0.02
remote,221,15,0.02
water:hot,27,15,0.02
shirt:t,73,15,0.02
milk:coconut,64,15,0.02
curd:lemon,115,15,0.02
paste:garlic,148,15,0.02
spade,1,15,0.02
pan:baking,35,15,0.02
slicer,220,15,0.02
slice:pizza,91,15,0.02
teabag,132,15,0.02
crisp,229,15,0.02
press:garlic,172,15,0.02
bean:coffee,59,15,0.02
cutter:pizza,237,15,0.02
vinegar:rice,134,15,0.02
bowl:food:processor,7,14,0.018
paper:foil,49,14,0.018
quorn,240,14,0.018
bottle:washing:liquid,15,14,0.018
funnel,241,14,0.018
sachet,26,14,0.018
blade,4,14,0.018
part:juicer,106,14,0.018
burger:tuna,139,14,0.018
bowl:sugar,7,14,0.018
dice:courgette,76,14,0.018
infuser:tea,39,14,0.018
scoop,1,14,0.018
piece:garlic,51,14,0.018
leaf:salad,62,14,0.018
tortellini,45,14,0.018
seal:clip:top:jar,6,14,0.018
liquid:dish:washing,22,14,0.018
slice:cheese,32,14,0.018
temperature:gas,65,14,0.018
rest:pot,109,14,0.018
juicer,106,14,0.018
liquid:cleaning,22,13,0.017
broccoli:tenderstem,101,13,0.017
strainer:tea,39,13,0.017
bit:carrot,41,13,0.017
paste:miso,148,13,0.017
box:egg,23,13,0.017
piece:salad:spinner,170,13,0.017
peel:onion,48,13,0.017
cookie,104,13,0.017
pitcher,66,13,0.017
sauce:fish,47,13,0.017
oil:chilli,31,13,0.017
oatmeal,127,13,0.017
product:cleaning,22,13,0.017
package:cookie,26,13,0.017
remover:spot,22,13,0.017
package:pasta,26,13,0.017
risotto,55,13,0.017
opener:bottle,174,13,0.017
mayonnaise,47,13,0.017
grinder:coffee,50,13,0.017
towel:paper,93,13,0.017
dressing:salad,47,12,0.016
granola,99,12,0.016
rind,48,12,0.016
surface:hob,24,12,0.016
piece:ginger,131,12,0.016
chocolate,188,12,0.016
knife:bread,4,12,0.016
cob:corn,125,12,0.016
sticker,222,12,0.016
bucket,21,12,0.016
dustbin,36,12,0.016
dust,54,12,0.016
straw,248,12,0.016
dirt,54,12,0.016
cracker,104,12,0.016
processor,147,12,0.016
package:cheese,26,12,0.016
flake:chilli,69,12,0.016
pancake,184,12,0.016
door:microwave,90,12,0.016
pan:cast:iron,5,12,0.016
ground:coffee,59,12,0.016
paella,34,12,0.016
whey,150,12,0.016
box:carrot,23,12,0.016
passata,47,12,0.016
holder:teabag,109,12,0.016
book:recipe,140,12,0.016
lentil,177,12,0.016
mesh,39,12,0.016
bowl:plate,7,12,0.016
box:meat,23,12,0.016
tahini,47,11,0.014
almond,244,11,0.014
wine,192,11,0.014
wrapper,26,11,0.014
drainer,110,11,0.014
turmeric,211,11,0.014
desk,42,11,0.014
washing,73,11,0.014
drink:almond,209,11,0.014
fruit,254,11,0.014
granule,138,11,0.014
breadstick,226,11,0.014
mocha,50,11,0.014
boxer,73,11,0.014
pear,239,11,0.014
coaster,84,11,0.014
container:rice,21,11,0.014
mix,71,11,0.014
container:stock,21,11,0.014
seed,122,11,0.014
piece:salami,156,11,0.014
bun,33,11,0.014
mixture:passata,71,11,0.014
bottle:soy:sauce,15,11,0.014
squeezer,106,11,0.014
cooker:slow,152,11,0.014
sauce:spicy:bean,47,11,0.014
powder:coconut,196,11,0.014
rack,110,11,0.014
chunk:pork:belly,144,11,0.014
corn:sweet,125,11,0.014
juicer:lime,106,11,0.014
sauce:black:bean,47,11,0.014
rack:dish,110,11,0.014
salami,156,11,0.014
sauce:pesto,47,11,0.014
bowl:dough,7,11,0.014
toothpick,228,10,0.013
bag:spaghetti,19,10,0.013
water:excess,27,10,0.013
rack:oven,110,10,0.013
floret:broccoli,101,10,0.013
door:washing:machine,124,10,0.013
pack:cheese,26,10,0.013
bottle:passata,15,10,0.013
cylinder,175,10,0.013
scourer,9,10,0.013
artichoke,255,10,0.013
powder:biscuit,104,10,0.013
book,140,10,0.013
pistachio,133,10,0.013
pit,122,10,0.013
packet:coriander,26,10,0.013
loaf:bread,33,10,0.013
squeezer:lime,106,10,0.013
leaf:spinach,62,10,0.013
bit:potato,30,10,0.013
piece:corn,125,10,0.013
bread:toast,33,10,0.013
lid:kettle,6,10,0.013
content,34,10,0.013
end:onion,16,10,0.013
brush:washing:up,103,10,0.013
sink:kitchen,63,10,0.013
bread:white,33,10,0.013
juice:fruit,183,10,0.013
cheese:parmesan,32,9,0.012
strainer:teapot,39,9,0.012
stick:crab,260,9,0.012
packet:crisp,26,9,0.012
beef,217,9,0.012
knife:paring,4,9,0.012
berry,178,9,0.012
cover:plate,89,9,0.012
powder:curry,138,9,0.012
rest:teabag,109,9,0.012
stirrer:wooden,1,9,0.012
ring:onion,261,9,0.012
bag:carrot,19,9,0.012
cilantro,173,9,0.012
wall,242,9,0.012
piece:fish,119,9,0.012
mat:sushi,259,9,0.012
tub:butter,23,9,0.012
tray:steamer,35,9,0.012
pestle,262,9,0.012
grill:hob,24,9,0.012
boiler:water,44,9,0.012
carrot:tail,41,9,0.012
toast,33,9,0.012
pith,194,9,0.012
ball:mozzarella,32,9,0.012
cob,125,9,0.012
bag:rice,19,9,0.012
pot:small,29,9,0.012
tablet:rennet,171,9,0.012
tablespoon,1,9,0.012
supplement,171,9,0.012
holder:napkin,135,9,0.012
bit:onion,16,9,0.012
bone:chicken,57,9,0.012
piece:pizza,91,9,0.012
powder:turmeric,211,8,0.01
pot:tea,158,8,0.01
fan,179,8,0.01
jug:water,66,8,0.01
packaging:pizza,26,8,0.01
grid:hob,24,8,0.01
jar:jam,40,8,0.01
jar:honey,40,8,0.01
stirrer,1,8,0.01
support:pan,24,8,0.01
stick:cocktail,228,8,0.01
steak,217,8,0.01
leaf:mint,62,8,0.01
spinner:salad,170,8,0.01
lever,191,8,0.01
handle:pan,191,8,0.01
shelf,247,8,0.01
milk:soya,64,8,0.01
timer:oven,111,8,0.01
package:mozzarella,26,8,0.01
mint,266,8,0.01
sharpener:knife,212,8,0.01
gochujang,148,8,0.01
seal,6,8,0.01
saucepan:large,5,8,0.01
gin,264,8,0.01
tray:pizza,35,8,0.01
tupperware:butter,23,8,0.01
tupperware:sugar,23,8,0.01
salad:cucumber,72,8,0.01
rusk,33,8,0.01
pack:tortilla,26,8,0.01
drink,209,8,0.01
mat:table,84,8,0.01
curd:bean,81,8,0.01
bag:bread,19,8,0.01
content:pan,5,8,0.01
bag:oregano,19,8,0.01
curd,81,8,0.01
cake:fish,197,8,0.01
cherry,257,8,0.01
box:salt,23,8,0.01
bin:bread,21,8,0.01
box:breadstick,23,8,0.01
backpack,235,8,0.01
half:eggshell,141,7,0.009
strawberry,243,7,0.009
stick:bread,226,7,0.009
powder:cocoa,138,7,0.009
spoon:slotted,1,7,0.009
dish:soap,22,7,0.009
lid:bin,6,7,0.009
slice:courgette,76,7,0.009
peeling:onion,48,7,0.009
skin:courgette,48,7,0.009
skin:carrot,48,7,0.009
skin:banana,48,7,0.009
lid:jar,6,7,0.009
recipe,149,7,0.009
box:plastic,23,7,0.009
lid:tin,6,7,0.009
meat:mince,28,7,0.009
lid:yoghurt,6,7,0.009
container:spice,21,7,0.009
scrap,19,7,0.009
sausage:quorn,86,7,0.009
cup:small,13,7,0.009
rack:cutlery,110,7,0.009
machine:sous:vide,250,7,0.009
pot:mocha,50,7,0.009
rest,109,7,0.009
orange:half,167,7,0.009
leaf:tea,62,7,0.009
topping,34,7,0.009
jar:pepper,40,7,0.009
juice:lemon,183,7,0.009
jeera,236,7,0.009
package:popcorn,26,7,0.009
package:hot:dog,26,7,0.009
trivet,24,7,0.009
package:fish:finger,26,7,0.009
wastewater,27,7,0.009
bag:sugar,19,7,0.009
edge:dough,25,7,0.009
watch,272,7,0.009
water:more,27,7,0.009
chunk:dough,25,7,0.009
wire,204,7,0.009
cheese:feta,32,7,0.009
grass:lemon,268,7,0.009
foil:kitchen,123,7,0.009
handle:saucepan,191,7,0.009
garlic:smashed,51,7,0.009
cover:blender,89,7,0.009
temperature:cooker,65,7,0.009
packaging:cheese,26,7,0.009
bundle,26,6,0.008
mould:ring:cake,35,6,0.008
heater,267,6,0.008
piece:skin,48,6,0.008
foil:transparent,100,6,0.008
peel:lemon,48,6,0.008
melon,273,6,0.008
pack:chicken,26,6,0.008
butter:peanut,115,6,0.008
pack:battery,26,6,0.008
pot:teapot,158,6,0.008
cable,204,6,0.008
onion:chopped,16,6,0.008
pan:cake,184,6,0.008
box:tomato,23,6,0.008
butter:melting,78,6,0.008
cloth:wiping,17,6,0.008
cinnamon,274,6,0.008
piece:lime,161,6,0.008
piece:food:processor,147,6,0.008
packet:cookie,26,6,0.008
packaging:salad,26,6,0.008
fork:soap,14,6,0.008
mixture:lemon:curd,71,6,0.008
griddle,24,6,0.008
brush:dish,103,6,0.008
peel:orange,48,6,0.008
cloth:cleaning,17,6,0.008
phone:mobile,165,6,0.008
peeling:carrot,48,6,0.008
package:sausage,26,6,0.008
cap:sink,39,6,0.008
piece:plastic,54,6,0.008
powder:baking,138,6,0.008
bag:salad,19,6,0.008
smoothie,209,6,0.008
spray:cleaning,22,6,0.008
window,263,6,0.008
vinegar:balsamic,134,6,0.008
label,222,6,0.008
presser,172,6,0.008
bin:recycling,36,6,0.008
bean,214,6,0.008
bag:coffee:bean,19,6,0.008
jar:pesto:sauce,40,6,0.008
knife:chef,4,6,0.008
basil,201,6,0.008
tray:plastic,35,6,0.008
tray:ice:cube,35,6,0.008
tray:cutlery,35,6,0.008
temperature:oven,65,6,0.008
band:rubber,269,6,0.008
lid:box,6,6,0.008
board:draining,18,6,0.008
lid:container,6,6,0.008
filter:sink,77,6,0.008
drawer:vegetable,8,6,0.008
reduction:balsamic,134,6,0.008
residue,54,6,0.008
roll:sausage,227,6,0.008
guard,252,6,0.008
salsa,47,6,0.008
asparagus,205,6,0.008
bottle:vinegar,15,6,0.008
dumpling,276,6,0.008
flap,3,6,0.008
bottle:vanilla:extract,15,6,0.008
bottle:tonic:water,15,6,0.008
seed:mustard,122,6,0.008
door:fridge,12,6,0.008
short:boxer,73,6,0.008
shrimp,253,6,0.008
bottle:cooking:wine,15,6,0.008
end:carrot,41,6,0.008
jar:thyme,40,5,0.007
cork,256,5,0.007
nut,133,5,0.007
ketchup,47,5,0.007
nesquik,138,5,0.007
corncob,125,5,0.007
clip:bag,129,5,0.007
mustard,47,5,0.007
muffin,175,5,0.007
clip:top:jar,40,5,0.007
leaf:bay,62,5,0.007
control:remote,221,5,0.007
mixture:cheese,32,5,0.007
masher,251,5,0.007
condiment,47,5,0.007
container:oil,21,5,0.007
dressing,47,5,0.007
pack,26,5,0.007
stopper,256,5,0.007
sheath,89,5,0.007
shell,141,5,0.007
shreddies,99,5,0.007
skin:salmon,112,5,0.007
slice:carrot,41,5,0.007
slice:peach,74,5,0.007
spoon:tea,1,5,0.007
sprout,258,5,0.007
stalk,210,5,0.007
steam,238,5,0.007
strainer:cafetiere,77,5,0.007
scraper,20,5,0.007
tabasco,47,5,0.007
temperature:milk,65,5,0.007
tin:chopped:tomato,61,5,0.007
tin:coffee:bean,61,5,0.007
tin:condensed:milk,61,5,0.007
bag:rubbish,19,5,0.007
bag:pistachio,19,5,0.007
tray:second,35,5,0.007
bag:compost,19,5,0.007
video,245,5,0.007
seed:cumin,122,5,0.007
saucepan:small,5,5,0.007
cheese:cream,32,5,0.007
paste:shrimp,148,5,0.007
pack:tea,26,5,0.007
package:parsley,26,5,0.007
package:potato,26,5,0.007
package:salad,26,5,0.007
packaging:biscuit,26,5,0.007
packet:peanut,26,5,0.007
packet:tablet,26,5,0.007
cardboard,26,5,0.007
paper:tissue,88,5,0.007
candle,280,5,0.007
peel:banana,48,5,0.007
sauce:tomato,47,5,0.007
piece:bread,33,5,0.007
piece:cutlery,58,5,0.007
piece:mushroom,56,5,0.007
piece:onion:skin,48,5,0.007
piece:paper,49,5,0.007
plate:scale,2,5,0.007
box:bread,23,5,0.007
rag:dish,17,5,0.007
rosemary,277,5,0.007
sauce:soya,47,5,0.007
cover:processor,89,5,0.007
zest:lemon,105,5,0.007
curry:fish,121,5,0.007
fraiche:creme,143,5,0.007
guard:hand,252,5,0.007
fishcakes,197,5,0.007
end:tomato,43,5,0.007
envelope,49,5,0.007
egg:scotch,246,5,0.007
scissor,79,4,0.005
shaker:pepper,180,4,0.005
paste:red:pepper,148,4,0.005
dial,190,4,0.005
packaging:meat,26,4,0.005
paste:spice,148,4,0.005
taco,107,4,0.005
tablet:dishwasher,171,4,0.005
basket:waste,36,4,0.005
leftover:food,54,4,0.005
beaker,66,4,0.005
excess:water,27,4,0.005
cooker:water,44,4,0.005
hand:my,11,4,0.005
bottle:gin,15,4,0.005
package:blueberry,26,4,0.005
flatware,2,4,0.005
tin:yeast,61,4,0.005
saucer:soap,2,4,0.005
plant:basil,201,4,0.005
mirin,192,4,0.005
part:salad:spinner,170,4,0.005
package:parmesan,26,4,0.005
tin:coffee,61,4,0.005
leaf:basil,62,4,0.005
geographic:national,140,4,0.005
part:teapot,158,4,0.005
cellar:salt,180,4,0.005
pineapple,281,4,0.005
core,122,4,0.005
temperature:pie,65,4,0.005
piece:vegetable,94,4,0.005
sheet,282,4,0.005
air,238,4,0.005
measure,1,4,0.005
squeezer:lemon,106,4,0.005
square:paper,49,4,0.005
container:pepper,21,4,0.005
slice:mozzarella,32,4,0.005
slice:pepper,37,4,0.005
piece:baking:paper,49,4,0.005
lid:plastic,6,4,0.005
piece:biscuit,104,4,0.005
fork:wooden,14,4,0.005
piece:hand:blender,82,4,0.005
brusher,103,4,0.005
breadcrumb,271,4,0.005
package:plastic,26,4,0.005
lid:teapot,6,4,0.005
blade:peeler,4,4,0.005
spade:food,1,4,0.005
slice:ham,156,4,0.005
board:cut,18,4,0.005
cloth:dish,17,4,0.005
skinner:carrot,87,4,0.005
strainer:mesh,39,4,0.005
short,73,4,0.005
burner,24,4,0.005
masala,121,4,0.005
stone,212,4,0.005
side:blade,4,4,0.005
packaging:bread,26,4,0.005
boiler,44,4,0.005
pepper:black,37,4,0.005
container:cream:cheese,21,4,0.005
board:serving,18,4,0.005
stem,210,4,0.005
steamer,152,4,0.005
bit:garlic,51,4,0.005
stand:sharpening,249,4,0.005
tomato:peeled,43,4,0.005
broom,103,4,0.005
food:cooked,34,4,0.005
garni:bouquet,62,4,0.005
wastebasket,36,4,0.005
hop,24,4,0.005
wash:hand,22,4,0.005
nozzle,50,4,0.005
remains,54,4,0.005
humus,181,4,0.005
cheese:grated,32,4,0.005
tray:bacon,35,4,0.005
box:milk,23,4,0.005
rind:lemon,48,4,0.005
poster,49,4,0.005
egg:open,53,4,0.005
jar:herb,40,4,0.005
bag:grape,19,4,0.005
edge:omelette,162,4,0.005
glove:second,60,4,0.005
rack:knife,110,4,0.005
bowl:raspberry,7,4,0.005
packet:salami,26,4,0.005
bowl:small,7,4,0.005
water:tonic,27,4,0.005
purse,19,4,0.005
pot:sauce,29,4,0.005
bowl:washing,7,4,0.005
packet:tofu,26,4,0.005
hob:induction,24,4,0.005
prawn,253,4,0.005
powder:garlic,138,4,0.005
pad:scouring,9,4,0.005
alcohol,22,4,0.005
alarm,111,4,0.005
cube:gravy,95,4,0.005
gravy,95,4,0.005
cover:dish,89,4,0.005
towel:cleaning,52,4,0.005
top:salad:spinner,170,4,0.005
pack:meat,26,4,0.005
rucksack,235,4,0.005
pack:pasta,26,4,0.005
cap:bottle,118,4,0.005
bag:onion,19,4,0.005
box:noodle,23,3,0.004
box:pizza,23,3,0.004
slice:lemon,105,3,0.004
pot:right,29,3,0.004
box:recycling,36,3,0.004
mince,28,3,0.004
bottom:leek,117,3,0.004
pot:second,29,3,0.004
cup:soap,13,3,0.004
bowl:processor,7,3,0.004
radish,68,3,0.004
bottom:sink,63,3,0.004
piece:leek,117,3,0.004
container:sauce,21,3,0.004
box:mushroom,23,3,0.004
half:bagel,33,3,0.004
mixture:egg:flour,71,3,0.004
piece:courgette,76,3,0.004
cloth:washing,17,3,0.004
potato:baby,30,3,0.004
mix:spice,85,3,0.004
piece:food,34,3,0.004
bottle:wine,15,3,0.004
filter:aeropress,77,3,0.004
plate:lasagne,2,3,0.004
power,278,3,0.004
mitten,60,3,0.004
clove,51,3,0.004
container:tofu,21,3,0.004
press,172,3,0.004
slice:toast:bread,33,3,0.004
container:sugar,21,3,0.004
mixture:whole,71,3,0.004
raspberry,284,3,0.004
ramekin:peanut,7,3,0.004
meat:mix,28,3,0.004
seed:olive,122,3,0.004
seed:pepper,122,3,0.004
rocket,120,3,0.004
fire,24,3,0.004
package:chicken,26,3,0.004
package:egg,26,3,0.004
package:crispy:pancake,26,3,0.004
sachet:baking:powder,26,3,0.004
roll,227,3,0.004
meat:open,28,3,0.004
mug:coffee,13,3,0.004
roll:cling:film,227,3,0.004
bowl:cheese,7,3,0.004
piece:tomato,43,3,0.004
music,245,3,0.004
mixture:chocolate,71,3,0.004
sink:water,63,3,0.004
sachet:flavour,26,3,0.004
pork,144,3,0.004
mobile,165,3,0.004
milk:condensed,64,3,0.004
piece:pasta,45,3,0.004
pod,59,3,0.004
door:refrigerator,12,3,0.004
mat,84,3,0.004
box:scotch:egg,23,3,0.004
noodle:instant,155,3,0.004
cellar:pepper,180,3,0.004
box:stock:container,23,3,0.004
box:fruit,23,3,0.004
pot:cooking,29,3,0.004
finger:rubber:glove,60,3,0.004
packing:oat,26,3,0.004
sprout:cooked,258,3,0.004
softener,22,3,0.004
packaging:pizza:base,26,3,0.004
heart,28,3,0.004
bag:new,19,3,0.004
cover:pot,89,3,0.004
bag:noodle,19,3,0.004
bag:oatmeal,19,3,0.004
jar:tahini:sauce,40,3,0.004
jean,73,3,0.004
top:kitchen,42,3,0.004
cover:mug,89,3,0.004
jug:cafetiere,66,3,0.004
top:cafetiere,50,3,0.004
can:tomato,61,3,0.004
end:bread,33,3,0.004
bag:sandwich,19,3,0.004
bag:shopping,19,3,0.004
end:cucumber,72,3,0.004
piece:coriander,173,3,0.004
countertop,42,3,0.004
carton:soy:milk,26,3,0.004
knife:fork,58,3,0.004
knife:mezzaluna,4,3,0.004
handle,191,3,0.004
knife:soap,4,3,0.004
packaging:salami,26,3,0.004
tin:baking,35,3,0.004
tray:first,35,3,0.004
tray:ice,35,3,0.004
egg:whisked,53,3,0.004
hole:sink,63,3,0.004
yoghurt:greek,98,3,0.004
cardigan,73,3,0.004
wrap:elastic,107,3,0.004
wool:steel,9,3,0.004
wine:cooking,192,3,0.004
packet:tea,26,3,0.004
bag:bin,19,3,0.004
pak,151,3,0.004
holder:jug,135,3,0.004
water:cold,27,3,0.004
bag:breadstick,19,3,0.004
capsule:coffee,59,3,0.004
bag:glove,19,3,0.004
washer,124,3,0.004
croissant,33,3,0.004
bag:carrot:packing,19,3,0.004
bag:coriander,19,3,0.004
ingredient:pan,34,3,0.004
cap:oil,118,3,0.004
tub:hummus,23,3,0.004
bag:garlic,19,3,0.004
cover:tin,89,3,0.004
carton,26,3,0.004
cover:squeezer,89,3,0.004
time:cooking,111,3,0.004
foil:silver,123,3,0.004
case,23,3,0.004
syrup:maple,279,3,0.004
half:onion,16,3,0.004
lid:salt,6,3,0.004
spoon:sugar,1,3,0.004
film:plastic,100,3,0.004
content:drawer,8,3,0.004
spray,22,3,0.004
lid:milk:bottle,118,3,0.004
extractor,179,3,0.004
bit:pak:choi,151,3,0.004
front:plate,2,3,0.004
peeler:carrot,87,3,0.004
bulb:garlic,51,3,0.004
stock:chicken,95,3,0.004
bit:cheese:packet,26,3,0.004
cucumber:sliced,72,3,0.004
content:bag,19,3,0.004
surface:work,42,3,0.004
tamagoyaki,162,3,0.004
lid:film,6,3,0.004
pepper:chilli,69,3,0.004
temperature:oil,65,3,0.004
end:thermometer,166,3,0.004
bar:cereal,265,3,0.004
leek:extra,117,3,0.004
stone:sharpening,212,3,0.004
spill:coffee,59,3,0.004
basin,63,3,0.004
pastry,137,3,0.004
basket:laundry,168,3,0.004
piece:juicer,106,2,0.003
pan:oil,5,2,0.003
pepperoni,156,2,0.003
pan:small,5,2,0.003
pot:plastic,23,2,0.003
pan:content,5,2,0.003
potato:scoop,30,2,0.003
garlic:more,51,2,0.003
pot:pressure,29,2,0.003
bun:hamburger,33,2,0.003
piece:ice,189,2,0.003
card,49,2,0.003
pot:first,29,2,0.003
form,35,2,0.003
box:food,23,2,0.003
page,49,2,0.003
pot:tupperware,29,2,0.003
piece:butter,78,2,0.003
pot:white,29,2,0.003
pot:yoghurt,98,2,0.003
box:fajitas,23,2,0.003
piece:chicken,57,2,0.003
pot:kettle,44,2,0.003
pen,291,2,0.003
paneer:saag,121,2,0.003
peanut:chopped,133,2,0.003
camera,297,2,0.003
paste,148,2,0.003
paste:nut,148,2,0.003
food:leftover,34,2,0.003
part:pepper:piece,37,2,0.003
part:pepper,37,2,0.003
can:soup,61,2,0.003
plate:salad,2,2,0.003
piece:scotch:egg,246,2,0.003
fry:stir,34,2,0.003
plate:small,2,2,0.003
candy,188,2,0.003
paper:toilet,88,2,0.003
paper:shredded,49,2,0.003
dish:dirty,2,2,0.003
bread:sandwich,33,2,0.003
plug:sink,153,2,0.003
butter:excess,78,2,0.003
plum,293,2,0.003
piece:salad,68,2,0.003
fraiche,143,2,0.003
paper:foiled,49,2,0.003
fragment:fish,119,2,0.003
heat:oven,65,2,0.003
box:yeast,23,2,0.003
box:rice,23,2,0.003
piece:lettuce,120,2,0.003
cap:liquid,118,2,0.003
paper:cooking,49,2,0.003
drawer:washing:machine,124,2,0.003
part:blender,82,2,0.003
heat:hob,65,2,0.003
box:cling:film,23,2,0.003
base:baking:tin,35,2,0.003
stud,77,2,0.003
bin:food:recycling,36,2,0.003
extract:vanilla,299,2,0.003
surface:kitchen,42,2,0.003
basket:cutlery,168,2,0.003
base:coffee:machine,50,2,0.003
base,249,2,0.003
powder:chilli,69,2,0.003
temperature:bowl,65,2,0.003
bar:breakfast,265,2,0.003
temperature:hob,65,2,0.003
temperature:thermometer,65,2,0.003
bao,33,2,0.003
drawer:coffee:machine,50,2,0.003
strip:carrot,41,2,0.003
strainer:pasta,39,2,0.003
drainer:sink,110,2,0.003
fat,28,2,0.003
stool,182,2,0.003
bit:chilli,69,2,0.003
bit:courgette,76,2,0.003
stirrer:coffee,1,2,0.003
stick:chop,80,2,0.003
stick:carrot,41,2,0.003
stereo,245,2,0.003
stand:kettle,249,2,0.003
dough:remaining,25,2,0.003
film:cucumber,100,2,0.003
spoonful:yoghurt,98,2,0.003
spoon:yeast,1,2,0.003
spoon:coffee,1,2,0.003
end:milk:bottle,15,2,0.003
tin:cocoa:powder,61,2,0.003
end:leek,117,2,0.003
bag:food:bin,19,2,0.003
almond:canned,244,2,0.003
wrapping:plastic,26,2,0.003
app,165,2,0.003
wire:kettle,204,2,0.003
drawer:spice,8,2,0.003
drawer:refrigerator,8,2,0.003
water:remaining,27,2,0.003
bag:bread:wrap,19,2,0.003
bag:breadcrumb,19,2,0.003
edge:carrot,41,2,0.003
waffle,175,2,0.003
ventilator,179,2,0.003
bag:fish,19,2,0.003
tupperware:oregano,23,2,0.003
tube,227,2,0.003
end:foil:paper,123,2,0.003
bag:ginger,19,2,0.003
trouser,73,2,0.003
tray:weight,35,2,0.003
bag:kitchen,19,2,0.003
bag:paddleboard,19,2,0.003
top:bread,33,2,0.003
end:aubergine,67,2,0.003
bag:plastic:trash,19,2,0.003
toothbrush,103,2,0.003
toast:melba,104,2,0.003
bag:toast:bread,19,2,0.003
tin:utensil,21,2,0.003
tin:tomato,61,2,0.003
tin:empty,61,2,0.003
bit:plastic,54,2,0.003
bit:processor,147,2,0.003
spice:thyme,215,2,0.003
rice:vegetable,55,2,0.003
bottle:vegetable:oil,15,2,0.003
door:cabinet,3,2,0.003
sauce:tahini,47,2,0.003
sauce:jarred,47,2,0.003
doneness:meat,28,2,0.003
bottom:spring:form,35,2,0.003
bottom:springform:tin,35,2,0.003
rug,52,2,0.003
root:galangal,131,2,0.003
root,210,2,0.003
roll:sesame,31,2,0.003
dispenser:soap,22,2,0.003
bowl:cooker,7,2,0.003
rim:jar,40,2,0.003
rice:cooked,55,2,0.003
door:dishwasher,70,2,0.003
bowl:egg,7,2,0.003
bowl:juicer,106,2,0.003
rest:ladle,109,2,0.003
remnant:salad,68,2,0.003
ramekin:coriander,7,2,0.003
bowl:mushroom,7,2,0.003
bowl:plastic,7,2,0.003
bowl:soup,7,2,0.003
puree:tomato,47,2,0.003
product,22,2,0.003
flow:tap,0,2,0.003
flower,75,2,0.003
box:cheese,23,2,0.003
box:cherry:tomato,23,2,0.003
flame:stove,24,2,0.003
sausage:quorn:cocktail,86,2,0.003
spice:mixed,85,2,0.003
doritos,229,2,0.003
blade:food:processor:chopping,147,2,0.003
soy,47,2,0.003
blind,263,2,0.003
socket,153,2,0.003
soap:dishwasher,22,2,0.003
block:tofu,81,2,0.003
slicer:onion,220,2,0.003
slice:tofu,81,2,0.003
dough:bread,25,2,0.003
sleeve,73,2,0.003
skin:squash,48,2,0.003
board:eating,84,2,0.003
skin:avocado,48,2,0.003
sink:empty,63,2,0.003
door:kitchen,295,2,0.003
scale:measuring,108,2,0.003
shirt,73,2,0.003
shelf:utensil,247,2,0.003
sheet:kitchen:roll,93,2,0.003
pad,18,2,0.003
sharpener,212,2,0.003
bottle:little,15,2,0.003
setting:oven,46,2,0.003
setting,124,2,0.003
seed:squash,122,2,0.003
bottle:nesquik,15,2,0.003
section:coffee:maker,50,2,0.003
bottle:pesto,15,2,0.003
door:freezer,113,2,0.003
scoop:coffee,59,2,0.003
bottle:liquid,15,2,0.003
portion:rennet:tablet,171,2,0.003
margarine,78,2,0.003
colander:soap,39,2,0.003
nozzle:coffee,50,2,0.003
net:rubber,84,2,0.003
mug:glass,13,2,0.003
mouse,288,2,0.003
motor:hand:blender,82,2,0.003
mop,103,2,0.003
closet,3,2,0.003
mixture:egg,71,2,0.003
mincemeat,28,2,0.003
middle:pepper,37,2,0.003
cylinder:paper,49,2,0.003
mezzaluna,4,2,0.003
mat:tea:place,84,2,0.003
container:coffee:ground,21,2,0.003
container:pasta,21,2,0.003
loaf,33,2,0.003
container:soap,21,2,0.003
container:tomato,21,2,0.003
lid:trash:bin,6,2,0.003
lid:steamer,6,2,0.003
ciabatta,33,2,0.003
chunk:rennet:tablet,171,2,0.003
oil:coconut,31,2,0.003
oil:more,31,2,0.003
package:powder,26,2,0.003
package:olive,26,2,0.003
catcher:sink,39,2,0.003
package:mixed:spice,26,2,0.003
package:honey,26,2,0.003
package:fajitas,26,2,0.003
package:cream,26,2,0.003
cd,298,2,0.003
package:butter,26,2,0.003
package:bacon,26,2,0.003
pack:tomato,26,2,0.003
pack:soup,26,2,0.003
pack:salad,26,2,0.003
oven:left,24,2,0.003
onion:remaining,16,2,0.003
onion:cut:spring,128,2,0.003
omelette:rolled,162,2,0.003
chopper:moon,4,2,0.003
oil:truffle,31,2,0.003
lid:scotch:egg:box,6,2,0.003
content:bowl,7,2,0.003
lid:pepper:container,6,2,0.003
cover:can,89,2,0.003
cover:microwave,89,2,0.003
cover:pen,89,2,0.003
jar:spicy:bean:paste,40,2,0.003
jar:salt,40,2,0.003
jar:pesto,40,2,0.003
heart:tomato,43,2,0.003
jar:chilli:flake,40,2,0.003
item:fridge,12,2,0.003
cream:ice,143,2,0.003
cream:milk,143,2,0.003
infuser,39,2,0.003
horse:clothes,285,2,0.003
hood,179,2,0.003
crumb:bread,271,2,0.003
holder:spoon,109,2,0.003
crumbles:chocolate,188,2,0.003
holder:cutlery,135,2,0.003
cube:butter,78,2,0.003
heat:cooker,65,2,0.003
cover:juicer,89,2,0.003
cucumber:chopped,72,2,0.003
lid:oil:container,6,2,0.003
cover:battery,89,2,0.003
lid:milk,118,2,0.003
cumin,236,2,0.003
lid:hummus:tub,6,2,0.003
lid:coffee:tin,6,2,0.003
lid:coffee:machine,6,2,0.003
lid:chopper,6,2,0.003
lid:bottle,118,2,0.003
lever:toaster,186,2,0.003
content:frying:pan,34,2,0.003
lemonade,283,2,0.003
content:plate,2,2,0.003
cucumber:cut,72,2,0.003
leaf:only:curry,62,2,0.003
leaf:more,62,2,0.003
cooker:steam,152,2,0.003
laundry,73,2,0.003
core:apple,187,2,0.003
handful:carrot,41,2,0.003
knife:wash,4,2,0.003
package:salt,26,2,0.003
pepper:cayenne,69,2,0.003
package:wrap,26,2,0.003
packet:yeast,26,2,0.003
packet:chicken,26,2,0.003
dal:urad,177,2,0.003
packaging:butter,26,2,0.003
packaging:iron,26,2,0.003
packet:broccoli,26,2,0.003
packet:beef,26,2,0.003
case:thermometer,23,2,0.003
packaging:open:meat,26,2,0.003
packet:bread,26,2,0.003
hamburger,139,1,0.001
lettuce:chopped,120,1,0.001
strip:coffee:bean:bag,19,1,0.001
strip:opening,26,1,0.001
strip:plastic,26,1,0.001
level:power,278,1,0.001
lengthways:cheese,32,1,0.001
stuff:chopping:board,54,1,0.001
bin:leftover:food,54,1,0.001
bean:kidney,214,1,0.001
content:mug,13,1,0.001
letter,49,1,0.001
beer:more,231,1,0.001
level:water,27,1,0.001
surface:cooking,42,1,0.001
surface:side,42,1,0.001
surface:mixture,42,1,0.001
pepper:more,37,1,0.001
strainer:tea:pot,39,1,0.001
draw,8,1,0.001
lid:blender,6,1,0.001
bit:dust,54,1,0.001
bit:dishwasher,70,1,0.001
bit:cucumber,72,1,0.001
game:board,23,1,0.001
lid:clip:top:jar,6,1,0.001
stock:leftover,95,1,0.001
lid:butter,6,1,0.001
half:second:lemon,105,1,0.001
carton:juice,26,1,0.001
lid:aeropress,6,1,0.001
bin:rolling,136,1,0.001
stove:electronic,24,1,0.001
stove:gas,24,1,0.001
bit:cheese,32,1,0.001
content:fridge,12,1,0.001
device:wooden,142,1,0.001
bit:butter,78,1,0.001
bit:bread,33,1,0.001
depth:water,27,1,0.001
bit:bell:pepper,37,1,0.001
packet:coffee,26,1,0.001
syrup,279,1,0.001
switch:light,92,1,0.001
temperature:curd,65,1,0.001
leaf:more:salad,62,1,0.001
packet:fishcake,26,1,0.001
bar:chocolate,265,1,0.001
teaspoon:honey,1,1,0.001
temp,65,1,0.001
cooker:flame,24,1,0.001
packet:granola,26,1,0.001
temperature:cast:iron:pan,65,1,0.001
leaf:choi,62,1,0.001
temperature:dishwasher,65,1,0.001
tarragon,62,1,0.001
cord:power,204,1,0.001
lead:kettle,204,1,0.001
temperature:liquid,65,1,0.001
lead,204,1,0.001
cap:olive:oil,118,1,0.001
end:spatula,20,1,0.001
lasagne,45,1,0.001
temperature:rice:cooker,65,1,0.001
temperature:tap,65,1,0.001
base:cake:container,35,1,0.001
cap:milk,118,1,0.001
switch:oil,31,1,0.001
hamper,168,1,0.001
syrup:cherry,279,1,0.001
leftover:egg,53,1,0.001
system:weighing,108,1,0.001
envelope:oregano,26,1,0.001
content:sink:strainer,54,1,0.001
table:round,42,1,0.001
basket:washing,168,1,0.001
content:tupperware,23,1,0.001
tablespoon:place,1,1,0.001
leaf:spring:onion,62,1,0.001
tap:hot,0,1,0.001
content:water:boiler,44,1,0.001
tableware,58,1,0.001
carrot:diced,41,1,0.001
tag,73,1,0.001
tag:top,73,1,0.001
tag:washing,73,1,0.001
cooker:electric,152,1,0.001
leaf:oregano,62,1,0.001
base:pie:dish,249,1,0.001
bit:food:processor,147,1,0.001
lid:food:bin,6,1,0.001
bit:garbage,54,1,0.001
lid:spice:container,6,1,0.001
part:tablet,171,1,0.001
spade:plastic,1,1,0.001
half:cherry:tomato,43,1,0.001
lid:sugar,6,1,0.001
spatula:sieve,20,1,0.001
bite,34,1,0.001
bit:white,194,1,0.001
packaging:salmon,26,1,0.001
spice:tamarind,85,1,0.001
spill,150,1,0.001
container:water,21,1,0.001
lid:sesame:oil,118,1,0.001
bit:sink,54,1,0.001
bit:salad,68,1,0.001
part:pot,29,1,0.001
sponge:cleaning,9,1,0.001
sponge:new,9,1,0.001
sponge:soap,9,1,0.001
lid:salt:container,6,1,0.001
packaging:stock,26,1,0.001
blender:coffee,50,1,0.001
source:power,24,1,0.001
lid:curry,6,1,0.001
soap:dish,22,1,0.001
slice:rolled:omelette,162,1,0.001
slice:tamagoyaki,162,1,0.001
line,161,1,0.001
lighting,114,1,0.001
blood,11,1,0.001
packaging:pod,26,1,0.001
slipper,73,1,0.001
light:oven,114,1,0.001
light:hob,114,1,0.001
container:tupperware,23,1,0.001
source:bean,148,1,0.001
soap:more,22,1,0.001
block,18,1,0.001
half:bread,33,1,0.001
soda,283,1,0.001
lid:water:jug,6,1,0.001
soil,38,1,0.001
sort:broccoli,101,1,0.001
lid:vinegar:bottle,118,1,0.001
soup:sauce,126,1,0.001
bit:pepper,37,1,0.001
spoon:mixture,71,1,0.001
spoon:napkin:yoghurt,88,1,0.001
stand:rack,249,1,0.001
bit:leaf,62,1,0.001
stack:sandwich,164,1,0.001
stack:tub,23,1,0.001
stain,39,1,0.001
film:butter,100,1,0.001
stalk:coriander,210,1,0.001
stalk:pepper,210,1,0.001
stand,249,1,0.001
lid:jug,6,1,0.001
part:coffee:pot,50,1,0.001
spoon:plastic,1,1,0.001
bit:hummus,181,1,0.001
lid:jam:jar,6,1,0.001
steak:chop,217,1,0.001
drain,63,1,0.001
lid:glass,6,1,0.001
stem:mint,210,1,0.001
lid:food:processor,6,1,0.001
file,49,1,0.001
temperature:watch,65,1,0.001
packaging:tomato,26,1,0.001
bit:meat,28,1,0.001
squash:more,116,1,0.001
lid:oil,118,1,0.001
spoon:second,1,1,0.001
spoon:sieve,1,1,0.001
dough:excess,25,1,0.001
spoon:soap,1,1,0.001
spoon:soup,1,1,0.001
lid:processor,6,1,0.001
content:box,23,1,0.001
spoon:wood,1,1,0.001
bit:pear,239,1,0.001
packaging:tenderstem:broccoli,26,1,0.001
lid:pepper,6,1,0.001
spout,258,1,0.001
content:cupboard,3,1,0.001
lid:oregano,6,1,0.001
spray:kitchen,22,1,0.001
lid:olive:oil,6,1,0.001
lid:olive,6,1,0.001
square:greaseproof:paper,49,1,0.001
part:onion:piece,16,1,0.001
lamp,114,1,0.001
cap:salt,118,1,0.001
packet:new,26,1,0.001
volume,245,1,0.001
egg:fried,53,1,0.001
packet:pepper,26,1,0.001
egg:breadcrumb,71,1,0.001
drawer:other,8,1,0.001
edge:paper,49,1,0.001
vinegar:chinese,134,1,0.001
vinegar:red:wine,134,1,0.001
bag:coconut,19,1,0.001
vinegar:wine,134,1,0.001
hummus:more,181,1,0.001
utensil:cooking,154,1,0.001
cream:remaining:ice,143,1,0.001
packet:popcorn,26,1,0.001
wash:water,27,1,0.001
hoover,225,1,0.001
bag:carrier,19,1,0.001
bag:capsule,19,1,0.001
hood:kitchen,179,1,0.001
garlic:dice,51,1,0.001
packet:potato,26,1,0.001
pan:cooker,5,1,0.001
bag:crisp,19,1,0.001
water:access,27,1,0.001
cracker:crushed,104,1,0.001
jambalaya,34,1,0.001
tshirt,73,1,0.001
item:kitchen,154,1,0.001
pan:dish:washing,7,1,0.001
iron:cast,5,1,0.001
tub:starter,23,1,0.001
bag:garbage,19,1,0.001
intensity:flame,24,1,0.001
tube:tube,227,1,0.001
bag:folded,19,1,0.001
underside:tuna:burger,139,1,0.001
bag:flower,19,1,0.001
inside:bread,33,1,0.001
tupperware:second,23,1,0.001
pan:cooking,5,1,0.001
turkey:sliced,287,1,0.001
bag:empty,19,1,0.001
tv,245,1,0.001
underside:bowl,7,1,0.001
underside:bread,33,1,0.001
crumb:rennet:tablet,171,1,0.001
water:boil,27,1,0.001
temperature:whey,65,1,0.001
wrapper:bacon,26,1,0.001
holder:bread:knife,135,1,0.001
driver:screw,154,1,0.001
holder,135,1,0.001
cube,95,1,0.001
wrap:bread,107,1,0.001
herb:other,62,1,0.001
wrap:meat,107,1,0.001
angle:blade,4,1,0.001
aluminium,123,1,0.001
wrapper:cheese,26,1,0.001
crust:bread,33,1,0.001
wrapper:oil,26,1,0.001
wrapping,26,1,0.001
wrapping:butter,26,1,0.001
height:oven,46,1,0.001
yeast:can,61,1,0.001
heater:right,267,1,0.001
packing,26,1,0.001
heat:right,65,1,0.001
yolk:egg,53,1,0.001
drum,57,1,0.001
drum:measuring,66,1,0.001
water:boiled,27,1,0.001
water:pot,27,1,0.001
water:boiling,27,1,0.001
holder:tablet,135,1,0.001
water:coriander,27,1,0.001
water:dirty,27,1,0.001
packet:sausage,26,1,0.001
water:filtered,27,1,0.001
crumbles,271,1,0.001
water:kettle,27,1,0.001
drawer:oven,46,1,0.001
garlic:sliced,51,1,0.001
pair:chopstick,80,1,0.001
water:salt,27,1,0.001
bag:bread:plastic,19,1,0.001
water:tap:cover:sink,27,1,0.001
crust,33,1,0.001
water:warm,27,1,0.001
holder:dishwasher:glass,135,1,0.001
holder:dishwasher:cutlery,135,1,0.001
whey:spilt,150,1,0.001
bag:apple,19,1,0.001
cover:thermometer,89,1,0.001
trimming,48,1,0.001
tree:mug,249,1,0.001
tomato:chop,43,1,0.001
counter:sink,63,1,0.001
tiramisu,175,1,0.001
kitkat,188,1,0.001
bag:sweetcorn,19,1,0.001
kettle:electronic,44,1,0.001
cap:sauce,118,1,0.001
bag:spice:plastic,19,1,0.001
handle:knife,4,1,0.001
device:cutting,220,1,0.001
bag:salt,19,1,0.001
corn:salt,125,1,0.001
tomato:fifth,43,1,0.001
tomato:fourth,43,1,0.001
tomato:other,43,1,0.001
cover:bottom,6,1,0.001
tomato:second,43,1,0.001
tomato:seventh,43,1,0.001
tomato:sixth,43,1,0.001
end:chilli,69,1,0.001
tomato:third,43,1,0.001
handle:frying:pan,191,1,0.001
tin:teabag,61,1,0.001
pan:first,5,1,0.001
bag:tortilla,19,1,0.001
board:chipping,18,1,0.001
ball:flour,7,1,0.001
thumb,11,1,0.001
balance,108,1,0.001
tile,242,1,0.001
tile:floor,159,1,0.001
bag:trash,19,1,0.001
knot,204,1,0.001
bag:tortilla:plastic,19,1,0.001
bag:tomato,19,1,0.001
tin:spring:form,35,1,0.001
knob:heat,190,1,0.001
tin:cake,35,1,0.001
core:pepper,37,1,0.001
pancake:oat,184,1,0.001
knife:teaspoon:fork,1,1,0.001
knife:spreading,4,1,0.001
corkscrew,174,1,0.001
handle:drawer,191,1,0.001
tin:mug,61,1,0.001
packet:open:sausage,26,1,0.001
bag:potato,19,1,0.001
juice:orange,183,1,0.001
drawer:open,8,1,0.001
jar:spicy:bean:sauce,40,1,0.001
bag:nut,19,1,0.001
pan:grill,5,1,0.001
towel:second,52,1,0.001
jar:sauce,40,1,0.001
bag:mesh,19,1,0.001
pan:garlic,5,1,0.001
cap:vinegar,118,1,0.001
bag:herb,19,1,0.001
tray:falling,35,1,0.001
juice:lime,183,1,0.001
pan:fry,5,1,0.001
tray:grill,35,1,0.001
jar:pasta:sauce,40,1,0.001
jar:olive,40,1,0.001
bag:grocery,19,1,0.001
cover:salt,6,1,0.001
egg:second,53,1,0.001
jar:coffee,40,1,0.001
jar:coconut,40,1,0.001
pan:hob,5,1,0.001
jar:tahini,40,1,0.001
bag:open:pine:nut,19,1,0.001
eggshell:little,141,1,0.001
handle:wok,191,1,0.001
cover:hob,89,1,0.001
top:burner,24,1,0.001
pan:pizza,5,1,0.001
top:clip,129,1,0.001
top:clip:top:jar,40,1,0.001
packet:open:tofu,26,1,0.001
top:fridge,12,1,0.001
hat,73,1,0.001
top:milk:bottle,15,1,0.001
top:onion,16,1,0.001
top:oven,46,1,0.001
top:pan,5,1,0.001
top:pepper,37,1,0.001
top:pizza,91,1,0.001
top:plastic:bin,36,1,0.001
top:rice:bag,19,1,0.001
head,292,1,0.001
element:rice:cooker:heating,152,1,0.001
blueberry:opening,178,1,0.001
liquid:laundry,22,1,0.001
slice:pineapple,281,1,0.001
onion:new,16,1,0.001
cherry:frozen,257,1,0.001
onion:sliced,16,1,0.001
pot:spaghetti,29,1,0.001
box:folding,23,1,0.001
dish:tortilla,2,1,0.001
pot:third,29,1,0.001
pot:top,29,1,0.001
packaging:cream:cheese,26,1,0.001
onion:open,16,1,0.001
onion:half,16,1,0.001
pot:salt,29,1,0.001
onion:few,16,1,0.001
onion:excess,16,1,0.001
box:empty,23,1,0.001
box:coffee,23,1,0.001
onion:diced,16,1,0.001
dish:meat,2,1,0.001
gown:dressing,73,1,0.001
dishrag,17,1,0.001
chopper:half:moon,4,1,0.001
curd:salted:bean,81,1,0.001
cheese:remaining,32,1,0.001
peel:melon,48,1,0.001
pot:food,29,1,0.001
position:box,23,1,0.001
position:pot,29,1,0.001
position:tonic:water:bottle,15,1,0.001
position:tray,35,1,0.001
glaze,47,1,0.001
pack:bin:cheese,26,1,0.001
box:ice:cream,23,1,0.001
cut:cold,156,1,0.001
curry:potato,121,1,0.001
pot:hob,29,1,0.001
pot:rice:cooker,29,1,0.001
over:left,54,1,0.001
pot:kiwi,29,1,0.001
pot:left,29,1,0.001
food:burned,34,1,0.001
peel:potato,48,1,0.001
pot:other,29,1,0.001
pot:pasta,29,1,0.001
cheese:more,32,1,0.001
cheese:open,32,1,0.001
powder:coconut:milk,138,1,0.001
powder:dishing,138,1,0.001
partition:dough,25,1,0.001
rag:cloth,17,1,0.001
bowl:several,7,1,0.001
rack:draining,110,1,0.001
rack:dry,110,1,0.001
grain:rice,55,1,0.001
chunk:pear,239,1,0.001
packaging:fishcake,26,1,0.001
rack:tray,110,1,0.001
packaging:green:bean,26,1,0.001
curd:cooked:bean,81,1,0.001
flour:more,75,1,0.001
chunk:carrot,41,1,0.001
bowl:onion,7,1,0.001
raisin:more,200,1,0.001
cupboard:strainer,39,1,0.001
number:hob,24,1,0.001
number:bean:curd:source,81,1,0.001
butter:remaining,78,1,0.001
flour:extra,75,1,0.001
recipe:yeast,149,1,0.001
recycling,54,1,0.001
flour:plain,75,1,0.001
butter:more,78,1,0.001
omelette:egg,162,1,0.001
pressure:water,27,1,0.001
dishwater,70,1,0.001
frittata,162,1,0.001
omelet,162,1,0.001
olive:own,83,1,0.001
choppings:carrot,41,1,0.001
box:blueberry,23,1,0.001
press:panini,24,1,0.001
peel:garlic,48,1,0.001
box:blender,23,1,0.001
price,69,1,0.001
oil:fish,31,1,0.001
bowl:yoghurt,7,1,0.001
choppings:onion,16,1,0.001
chopstick:fork,80,1,0.001
bowl:tomato,7,1,0.001
prosciutto,156,1,0.001
protector:wall,242,1,0.001
punnet,26,1,0.001
punnet:raspberry,284,1,0.001
packaging:cucumber,26,1,0.001
cylinder:measuring,66,1,0.001
porridge,127,1,0.001
pack:cookie,26,1,0.001
package:lettuce,26,1,0.001
broccoli:pour,101,1,0.001
package:pak:choi,26,1,0.001
fork:paper,14,1,0.001
breast:turkey,287,1,0.001
package:oat,26,1,0.001
burger,139,1,0.001
burger:chicken,139,1,0.001
piece:kitchen:roll,93,1,0.001
package:meat,26,1,0.001
package:kale,26,1,0.001
broccoli:stem,101,1,0.001
fork:napkin,88,1,0.001
bread:packing,26,1,0.001
fork:knife,4,1,0.001
piece:omelette,162,1,0.001
glass:other,10,1,0.001
dish:tomato,43,1,0.001
food:residual,54,1,0.001
dal:chana,177,1,0.001
box:water,23,1,0.001
fork:spoon,1,1,0.001
package:paprika,26,1,0.001
pack:egg,26,1,0.001
piece:aluminium:foil,123,1,0.001
peppercorn,37,1,0.001
package:softener,26,1,0.001
fragment:cabbage,224,1,0.001
pepper:hot,69,1,0.001
pesto:cheese,32,1,0.001
package:sauce,26,1,0.001
package:tortilla,26,1,0.001
pico,47,1,0.001
bucket:rice:cooker,7,1,0.001
glass:blueberry,10,1,0.001
glass:orange:juice,10,1,0.001
package:quorn,26,1,0.001
glass:milk,10,1,0.001
glass:new,10,1,0.001
piece:cabbage,224,1,0.001
fork:wash,14,1,0.001
piece:cheese,32,1,0.001
package:pizza,26,1,0.001
broth,95,1,0.001
casserole,35,1,0.001
box:washing:powder,23,1,0.001
food:remaining,34,1,0.001
food:more,34,1,0.001
packaging:corn,26,1,0.001
box:pasta,23,1,0.001
plate:broccoli,2,1,0.001
plate:cutting,18,1,0.001
centre:tomato,43,1,0.001
plate:new,2,1,0.001
plate:nut,2,1,0.001
plate:paper,2,1,0.001
box:olive,23,1,0.001
channel,245,1,0.001
glass:water,10,1,0.001
piece:pork,144,1,0.001
plate:soap,2,1,0.001
plate:tomato,2,1,0.001
pack:sugar,26,1,0.001
plug:kettle,153,1,0.001
plug:rice:cooker,153,1,0.001
packaging:cream,26,1,0.001
butter:melted,78,1,0.001
plunger,50,1,0.001
pack:pizza,26,1,0.001
box:pitta:bread,23,1,0.001
package:almond:drink,26,1,0.001
package:avocado,26,1,0.001
pitta,33,1,0.001
package:green:bean,26,1,0.001
package:food,26,1,0.001
glass:wash,10,1,0.001
peeling:veggie,48,1,0.001
piece:shell,141,1,0.001
peeling:vegetable,48,1,0.001
piece:sponge,9,1,0.001
piece:spring:onion,128,1,0.001
box:sausage,23,1,0.001
package:cracker,26,1,0.001
piece:turkey,287,1,0.001
pin,136,1,0.001
food:frozen,34,1,0.001
package:carrot,26,1,0.001
box:salad,23,1,0.001
pit:peach,74,1,0.001
pit:pear,239,1,0.001
packaging:cookie,26,1,0.001
food:empty,34,1,0.001
flour:excess,75,1,0.001
bowl:milk,7,1,0.001
remainder,54,1,0.001
cake:rice,229,1,0.001
sharpness:knife,4,1,0.001
ground,59,1,0.001
sheath:thermometer,166,1,0.001
meat:fish,119,1,0.001
cup:flour,13,1,0.001
measurer:rice,10,1,0.001
shelf:oven,247,1,0.001
shelf:plated,247,1,0.001
container:cake,21,1,0.001
bottle:fallen:oil,15,1,0.001
meat:nasty,28,1,0.001
container:cheese,21,1,0.001
bottle:fabric:conditioner,15,1,0.001
container:coffee,21,1,0.001
mat:floor,84,1,0.001
masala:bean,121,1,0.001
door:washing:washing,124,1,0.001
shrimp:frozen,253,1,0.001
shut:bag,19,1,0.001
paddle:rice,1,1,0.001
compost,54,1,0.001
shape:cylinder,175,1,0.001
bottle:rice:vinegar,15,1,0.001
fish:open,119,1,0.001
scrap:pepper,19,1,0.001
collar:shirt,73,1,0.001
scrubber,9,1,0.001
compartment,8,1,0.001
bottle:olive:oil,15,1,0.001
seasoning,38,1,0.001
packaging:parmesan,26,1,0.001
microwave:inside,90,1,0.001
seed:coriander,122,1,0.001
seed:lemon,122,1,0.001
meat:stirring,28,1,0.001
fish:cooked,119,1,0.001
compartment:battery,233,1,0.001
galangal,148,1,0.001
mesh:steel,39,1,0.001
serviette,88,1,0.001
mesh:orange,19,1,0.001
component:drawer,8,1,0.001
shake,82,1,0.001
grocery,34,1,0.001
container:coffee:bean,21,1,0.001
side:clip,129,1,0.001
side:dough,25,1,0.001
hair,36,1,0.001
skin:spring:onion,48,1,0.001
container:empty,21,1,0.001
container:ground:coffee,21,1,0.001
lods,6,1,0.001
slice:banana,146,1,0.001
slice:bean:curd,81,1,0.001
filter:moka:pot,77,1,0.001
slice:bread:packaging,26,1,0.001
slice:bread:packet,26,1,0.001
filter:fill:water,66,1,0.001
side:fridge,12,1,0.001
board:chop,18,1,0.001
filter:coffee:maker,77,1,0.001
slice:ginger,131,1,0.001
packaging:plastic,26,1,0.001
slice:lasagne,45,1,0.001
can:kidney:bean,61,1,0.001
container:pod,21,1,0.001
slice:onion,16,1,0.001
pepper:salted:chilli,69,1,0.001
filter:more:water,66,1,0.001
board:drying,18,1,0.001
skin:outer,48,1,0.001
skin:orange,48,1,0.001
side:tuna,160,1,0.001
bottle:coke,15,1,0.001
bottle:bean:curd,15,1,0.001
booklet:recipe,140,1,0.001
mandolin,220,1,0.001
packaging:pasta,26,1,0.001
maker,50,1,0.001
skimmer,154,1,0.001
board:white,242,1,0.001
mail,49,1,0.001
filter:v60,77,1,0.001
filter:teapot,77,1,0.001
filter:tap:water,66,1,0.001
skin:egg,141,1,0.001
board:washing,18,1,0.001
machine:washer,124,1,0.001
skin:kiwi:bit,48,1,0.001
skin:leaf,48,1,0.001
guide:sharpening,212,1,0.001
milk:more,64,1,0.001
bottle:something,15,1,0.001
remainder:mixture,71,1,0.001
roll:foil,123,1,0.001
rind:cheese,48,1,0.001
clip:clip:top:jar,40,1,0.001
rind:peach,48,1,0.001
mug:water,13,1,0.001
rise,55,1,0.001
bowl:cherry,7,1,0.001
mug:rice,13,1,0.001
cabbage:cooked,224,1,0.001
clip:laundry,129,1,0.001
roll:foil:paper,123,1,0.001
green,94,1,0.001
cupboard:open,3,1,0.001
bowl:cereal,7,1,0.001
roll:sandwich,227,1,0.001
mozzarella:tomato:sauce,32,1,0.001
mozzarella:more,32,1,0.001
cup:water,13,1,0.001
display:oven,46,1,0.001
rubber,269,1,0.001
bowl:carrot,7,1,0.001
bowl:corn,7,1,0.001
rim,15,1,0.001
bottle:spice,15,1,0.001
clam,129,1,0.001
nose,292,1,0.001
noodle:convenient,155,1,0.001
bowl:meat,7,1,0.001
bowl:lettuce,7,1,0.001
flour:egg,71,1,0.001
bowl:lemon:zest,7,1,0.001
flour:dough,75,1,0.001
rest:broccoli,101,1,0.001
rest:garlic,51,1,0.001
rest:onion:slice,16,1,0.001
national,140,1,0.001
button:timer,111,1,0.001
rest:rice,55,1,0.001
bowl:fruit,7,1,0.001
net,19,1,0.001
rester:teabag,109,1,0.001
bowl:covered,7,1,0.001
cupboard:salt,6,1,0.001
rice:jasmine,55,1,0.001
rice:split,55,1,0.001
rubbish:grape,54,1,0.001
cup:tea,13,1,0.001
clock:microwave:oven,111,1,0.001
mitten:oven,60,1,0.001
bottom:aeropress,50,1,0.001
floor:kitchen,159,1,0.001
packaging:lettuce,26,1,0.001
sauce:spinker,47,1,0.001
mixture:chilli,71,1,0.001
grinder:cheese,96,1,0.001
cup:milk,13,1,0.001
clothe,17,1,0.001
flask:oil,15,1,0.001
mitt:kitchen,60,1,0.001
runner:table,17,1,0.001
flame:cooker,24,1,0.001
sausage:corn,86,1,0.001
mitt,60,1,0.001
coffee:mug,59,1,0.001
bottle:squash,15,1,0.001
scale:kitchen,108,1,0.001
packaging:mushroom,26,1,0.001
scales,108,1,0.001
coke,283,1,0.001
bottom:carrot,41,1,0.001
sauce:more,47,1,0.001
mixture:hand:blender,71,1,0.001
grind:coffee,50,1,0.001
bowl:big,7,1,0.001
boundary:cake:mould,35,1,0.001
cage,3,1,0.001
packaging:leek,26,1,0.001
sachet:open,26,1,0.001
sachet:sugar,26,1,0.001
clock:oven,111,1,0.001
clog,63,1,0.001
salad:more,68,1,0.001
bottom:sponge,9,1,0.001
sale,38,1,0.001
paste:tomato,148,1,0.001
mixture:pistachio,71,1,0.001
bottom:saucepan,5,1,0.001
salt:more,38,1,0.001
bottom:processor,147,1,0.001
bottom:pan,5,1,0.001
bottom:onion,16,1,0.001
sauce:bottle,15,1,0.001
packing:green:bean,26,1,0.001
