verb_class_key,noun_class_key,count,percentage
turn-on,tap,1985,2.582
turn-off,tap,1742,2.266
open,cupboard,1569,2.041
open,drawer,1084,1.41
close,cupboard,1050,1.366
take,spoon,1019,1.325
take,plate,975,1.268
put,plate,915,1.19
take,knife,909,1.182
wash,hand,854,1.111
put,spoon,803,1.044
open,fridge,794,1.033
close,drawer,733,0.953
put,knife,725,0.943
put,lid,695,0.904
wash,plate,653,0.849
take,bowl,628,0.817
close,fridge,604,0.786
put,pan,579,0.753
put,bowl,573,0.745
put,glass,573,0.745
wash,knife,570,0.741
take,sponge,568,0.739
take,glass,567,0.737
take,pan,561,0.73
take,lid,525,0.683
dry,hand,507,0.659
take,fork,479,0.623
wash,spoon,477,0.62
wash,pan,454,0.59
take,cup,431,0.561
put,fork,425,0.553
pour,water,419,0.545
wash,top,408,0.531
put,sponge,405,0.527
wash,sponge,401,0.522
take,cloth,381,0.496
put,cup,372,0.484
take,spatula,361,0.47
put,cloth,345,0.449
wash,glass,337,0.438
cut,onion,321,0.418
take,board:chopping,320,0.416
put,liquid:washing,317,0.412
put,spatula,315,0.41
wash,bowl,307,0.399
put,board:chopping,306,0.398
wash,cup,291,0.378
take,container,289,0.376
mix,food,283,0.368
wash,fork,276,0.359
take,bag,270,0.351
take,bottle,269,0.35
take,liquid:washing,258,0.336
wash,sink,257,0.334
take,box,254,0.33
put,bottle,249,0.324
put,container,248,0.323
wash,board:chopping,245,0.319
open,bin,240,0.312
wash,cloth,234,0.304
put,pot,212,0.276
put,box,208,0.271
take,meat,201,0.261
take,pot,199,0.259
take,tray,197,0.256
turn-on,hob,194,0.252
take,oil,192,0.25
wash,hob,192,0.25
take,colander,188,0.245
close,bin,187,0.243
open,bag,185,0.241
insert,spoon,182,0.237
open,package,182,0.237
put,tray,181,0.235
wash,lid,181,0.235
take,salt,179,0.233
take,onion,176,0.229
put,bag,174,0.226
shake,hand,174,0.226
mix,pasta,174,0.226
take,paper,171,0.222
put,colander,167,0.217
take,package,166,0.216
pour,oil,163,0.212
take,bread,161,0.209
insert,pan,160,0.208
cut,potato,157,0.204
move,pan,154,0.2
take,towel,153,0.199
take,cheese,152,0.198
cut,tomato,152,0.198
put,meat,151,0.196
open,oven,148,0.192
put,salt,145,0.189
put,kettle,143,0.186
mix,pan,142,0.185
throw,rubbish,142,0.185
wash,colander,142,0.185
take,kettle,137,0.178
remove,lid,137,0.178
throw,skin,137,0.178
close,bottle,137,0.178
take,cutlery,136,0.177
move,tap,131,0.17
wash,pot,131,0.17
pour,liquid:washing,130,0.169
take,potato,130,0.169
close,oven,129,0.168
adjust,heat,129,0.168
put,jar,128,0.166
open,bottle,127,0.165
put,oil,126,0.164
adjust,hob,126,0.164
open,box,121,0.157
insert,bowl,121,0.157
squeeze,sponge,120,0.156
put,cutlery,119,0.155
take,jar,119,0.155
open,lid,119,0.155
close,bag,118,0.153
press,button,118,0.153
insert,plate,118,0.153
put,dough,117,0.152
mix,meat,117,0.152
turn-off,hob,116,0.151
put,glove,116,0.151
put,towel,115,0.15
pour,salt,115,0.15
cut,carrot,114,0.148
take,tomato,112,0.146
mix,onion,111,0.144
spray,liquid:washing,110,0.143
close,lid,110,0.143
put,bread,109,0.142
take,dough,108,0.14
put,hob,108,0.14
insert,knife,107,0.139
take,hob,105,0.137
remove,skin,104,0.135
take,carrot,104,0.135
put,cheese,103,0.134
put,onion,101,0.131
wash,spatula,101,0.131
peel,onion,100,0.13
take,rubbish,99,0.129
take,napkin,98,0.127
put,package,98,0.127
take,maker:coffee,97,0.126
wash,container,97,0.126
open,dishwasher,97,0.126
mix,mixture,97,0.126
take,jug,96,0.125
take,egg,95,0.124
take,pepper,94,0.122
close,dishwasher,94,0.122
take,scissors,93,0.121
cut,garlic,92,0.12
mix,egg,91,0.118
take,skin,91,0.118
open,container,90,0.117
take,pasta,90,0.117
close,box,90,0.117
take,glove,90,0.117
take,leaf,90,0.117
put,pepper,88,0.114
close,container,87,0.113
throw,package,86,0.112
cut,cheese,85,0.111
take,aubergine,84,0.109
take,chicken,84,0.109
put,sauce,83,0.108
pour,pasta,83,0.108
put,maker:coffee,81,0.105
unroll,dough,80,0.104
wash,maker:coffee,79,0.103
throw,paper,78,0.101
insert,rubbish,78,0.101
pour,milk,77,0.1
put,potato,76,0.099
put,jug,75,0.098
flip,aubergine,75,0.098
move,plate,74,0.096
move,bowl,74,0.096
take,sauce,73,0.095
put,aubergine,73,0.095
take,mushroom,73,0.095
insert,bag,72,0.094
empty,bowl,72,0.094
take,towel:kitchen,72,0.094
roll,dough,71,0.092
knead,dough,71,0.092
insert,carrot,70,0.091
cut,courgette,70,0.091
take,coffee,70,0.091
close,package,70,0.091
mix,sauce,69,0.09
insert,box,69,0.09
put,pasta,69,0.09
put,paper,68,0.088
press,spatula,67,0.087
pour,sauce,66,0.086
wash,box,66,0.086
open,jar,66,0.086
break,egg,66,0.086
take,mat,65,0.085
take,can,65,0.085
open,microwave,65,0.085
turn-on,kettle,65,0.085
mix,potato,65,0.085
peel,carrot,65,0.085
put,can,65,0.085
peel,potato,64,0.083
flip,meat,63,0.082
adjust,tap,63,0.082
wash,cutlery,63,0.082
close,jar,62,0.081
take,garlic,62,0.081
hold,pan,62,0.081
cut,pepper,62,0.081
take,milk,62,0.081
turn-on,oven,62,0.081
take,chopstick,62,0.081
squeeze,dough,62,0.081
take,ladle,61,0.079
move,board:chopping,61,0.079
put,chopstick,61,0.079
insert,fork,60,0.078
turn-on,light,60,0.078
insert,bin,60,0.078
mix,curry,60,0.078
take,flour,59,0.077
put,scissors,59,0.077
cut,cucumber,59,0.077
insert,bread,59,0.077
insert,cup,59,0.077
put,leaf,58,0.075
squeeze,cloth,58,0.075
insert,onion,57,0.074
put,tomato,56,0.073
mix,vegetable,56,0.073
wash,tray,56,0.073
open,freezer,56,0.073
flip,dough,56,0.073
mix,courgette,56,0.073
put,mat,55,0.072
take,brush,55,0.072
insert,cheese,55,0.072
insert,package,55,0.072
take,peeler:potato,55,0.072
put,peeler:potato,54,0.07
cut,chilli,54,0.07
put,mushroom,54,0.07
take,grater,53,0.069
insert,water,53,0.069
shake,pan,53,0.069
insert,salt,53,0.069
wash,oven,53,0.069
put,ladle,52,0.068
take,clothes,52,0.068
cut,peach,51,0.066
break,chicken,51,0.066
insert,container,51,0.066
insert,tray,51,0.066
take,sausage,51,0.066
take,cucumber,50,0.065
insert,lid,50,0.065
move,glass,50,0.065
shake,pot,49,0.064
put,pizza,49,0.064
take,tofu,49,0.064
set,alarm,49,0.064
mix,salad,49,0.064
fold,dough,49,0.064
put,grater,48,0.062
take,chilli,48,0.062
fold,cheese,48,0.062
sharpen,knife,48,0.062
pour,flour,48,0.062
insert,meat,48,0.062
insert,food,48,0.062
cut,chicken,48,0.062
take,salad,47,0.061
put,chicken,47,0.061
put,peach,47,0.061
fill,kettle,47,0.061
insert,potato,47,0.061
pour,rice,47,0.061
insert,oil,46,0.06
close,freezer,46,0.06
insert,coffee,46,0.06
take,rice,46,0.06
take,olive,46,0.06
peel,peach,46,0.06
open,maker:coffee,46,0.06
take,food,46,0.06
pour,coffee,46,0.06
cut,olive,45,0.059
put,garlic,45,0.059
close,microwave,45,0.059
take,filter,44,0.057
move,meat,44,0.057
take,butter,44,0.057
take,mixture,43,0.056
put,rest,43,0.056
take,sugar,43,0.056
drink,water,43,0.056
take,yoghurt,43,0.056
shake,bottle,42,0.055
take,lighter,42,0.055
water,sponge,42,0.055
open,oil,42,0.055
turn-off,oven,42,0.055
put,yoghurt,42,0.055
wash,filter,42,0.055
throw,bag,41,0.053
insert,bottle,41,0.053
put,brush,41,0.053
cut,mushroom,41,0.053
put,cover,41,0.053
insert,tomato,41,0.053
insert,colander,41,0.053
take,biscuit,41,0.053
move,container,41,0.053
remove,glove,41,0.053
empty,water,41,0.053
insert,glass,40,0.052
insert,board:chopping,40,0.052
wash,tomato,40,0.052
take,pizza,40,0.052
move,tofu,40,0.052
wash,jug,40,0.052
mix,rice,40,0.052
stretch,dough,39,0.051
mix,mushroom,39,0.051
apply,butter,39,0.051
scoop,food,39,0.051
scrub,pan,39,0.051
remove,peach,39,0.051
cut,leek,38,0.049
wash,peeler:potato,38,0.049
insert,tofu,38,0.049
look,recipe,38,0.049
scoop,rice,38,0.049
move,bag,38,0.049
take,rest,38,0.049
apply,liquid:washing,38,0.049
move,box,38,0.049
take,spice,37,0.048
insert,sauce,37,0.048
put,lighter,37,0.048
take,pin:rolling,37,0.048
peel,garlic,37,0.048
put,filter,37,0.048
put,coffee,37,0.048
empty,pan,37,0.048
remove,rubbish,36,0.047
put,egg,36,0.047
fill,bottle,36,0.047
insert,pot,36,0.047
turn,meat,36,0.047
move,cup,36,0.047
take,cereal,36,0.047
dry,pan,36,0.047
transition,kitchen,35,0.046
put,napkin,35,0.046
take,courgette,35,0.046
cut,paper,35,0.046
close,oil,35,0.046
wash,leaf,35,0.046
apply,oil,35,0.046
wash,grater,34,0.044
move,knife,34,0.044
put,top,34,0.044
move,bottle,34,0.044
put,salad,34,0.044
take,water,34,0.044
take,wrap:plastic,34,0.044
remove,seed,33,0.043
move,pot,33,0.043
turn-off,light,33,0.043
take,pie,33,0.043
remove,package,33,0.043
check,heat,33,0.043
put,rice,33,0.043
wear,glove,33,0.043
take,lemon,33,0.043
insert,filter,32,0.042
turn-on,microwave,32,0.042
turn-on,maker:coffee,32,0.042
put,food,32,0.042
put,towel:kitchen,32,0.042
close,maker:coffee,32,0.042
insert,milk,32,0.042
stretch,cheese,32,0.042
put,milk,32,0.042
lift,pan,32,0.042
lift,lid,32,0.042
put,olive,32,0.042
put,butter,31,0.04
hang,clothes,31,0.04
take,peach,31,0.04
cut,lettuce,31,0.04
insert,chicken,31,0.04
empty,sink,31,0.04
take,broccoli,31,0.04
open,kettle,31,0.04
put,wrap:plastic,31,0.04
insert,garlic,30,0.039
pat,spatula,30,0.039
fold,bag,30,0.039
press,dough,30,0.039
scrub,bowl,30,0.039
move,tray,30,0.039
put,spice,30,0.039
move,spoon,30,0.039
take,tongs,30,0.039
insert,pasta,30,0.039
wash,ladle,29,0.038
wash,jar,29,0.038
move,bread,29,0.038
insert,cucumber,29,0.038
fill,glass,29,0.038
dry,knife,29,0.038
take,juicer,28,0.036
pour,cereal,28,0.036
turn,chicken,28,0.036
break,meat,28,0.036
insert,clothes,28,0.036
rub,sponge,28,0.036
put,cereal,28,0.036
remove,cheese,28,0.036
throw,napkin,28,0.036
open,can,28,0.036
wash,scissors,28,0.036
put,nut,28,0.036
put,rack:drying,28,0.036
put,scale,28,0.036
put,water,28,0.036
shake,spoon,28,0.036
hang,cloth,28,0.036
insert,rice,28,0.036
insert,broccoli,27,0.035
put,chilli,27,0.035
put,carrot,27,0.035
cut,ginger,27,0.035
throw,food,27,0.035
move,jar,27,0.035
open,bread,27,0.035
cut,package,27,0.035
close,kettle,27,0.035
cut,dough,27,0.035
cut,sausage,27,0.035
flip,tofu,27,0.035
pour,spice,27,0.035
pat,spoon,27,0.035
peel,skin,27,0.035
insert,dishwasher,27,0.035
take,tuna,26,0.034
fill,cup,26,0.034
cut,pizza,26,0.034
take,tea,26,0.034
fill,pan,26,0.034
take,cover,26,0.034
throw,bin,26,0.034
take,stock,26,0.034
put,biscuit,26,0.034
move,onion,26,0.034
put,mixture,26,0.034
insert,pepper,26,0.034
insert,mixture,25,0.033
open,salt,25,0.033
open,sauce,25,0.033
scoop,yoghurt,25,0.033
scoop,sauce,25,0.033
pour,food,25,0.033
pour,sugar,25,0.033
brush,floor,25,0.033
take,wrap,25,0.033
insert,scissors,25,0.033
wash,can,25,0.033
take,scale,25,0.033
turn,container,25,0.033
put,tongs,25,0.033
insert,dough,25,0.033
put,clip,24,0.031
put,clothes,24,0.031
adjust,oven,24,0.031
remove,pan,24,0.031
put,sausage,24,0.031
wash,juicer,24,0.031
remove,tray,24,0.031
take,rack:drying,24,0.031
mix,coffee,24,0.031
wash,brush,24,0.031
take,spreads,24,0.031
put,cucumber,23,0.03
remove,leaf,23,0.03
pour,pepper,23,0.03
check,water,23,0.03
scrub,plate,23,0.03
cut,banana,23,0.03
dry,bowl,23,0.03
turn-off,blender,23,0.03
put,flour,23,0.03
move,chair,23,0.03
take,lettuce,23,0.03
dry,cup,23,0.03
take,salami,23,0.03
rip,paper,22,0.029
fill,jug,22,0.029
filter,pasta,22,0.029
cut,bread,22,0.029
pour,tomato,22,0.029
pour,stock,22,0.029
squeeze,lemon,22,0.029
insert,jug,22,0.029
insert,leaf,22,0.029
put,juicer,22,0.029
insert,fridge,22,0.029
soak,sponge,22,0.029
put,foil,22,0.029
put,lemon,22,0.029
put,blender,22,0.029
wash,tap,22,0.029
cut,meat,22,0.029
move,lid,22,0.029
wash,rest,21,0.027
dry,plate,21,0.027
scrape,egg,21,0.027
open,milk,21,0.027
press,garlic,21,0.027
wash,cover,21,0.027
take,banana,21,0.027
squeeze,liquid:washing,21,0.027
turn-on,machine:washing,21,0.027
coat,hand,21,0.027
turn-down,hob,21,0.027
form,dough,21,0.027
take,clip,21,0.027
shake,lid,21,0.027
move,dough,21,0.027
move,colander,21,0.027
pour,mushroom,20,0.026
pour,onion,20,0.026
rip,broccoli,20,0.026
wrap,bag,20,0.026
wash,water,20,0.026
remove,tomato,20,0.026
insert,egg,20,0.026
insert,cutlery,20,0.026
filter,plate,20,0.026
feel,heat,20,0.026
turn,knob,20,0.026
wash,microwave,20,0.026
put,cap,20,0.026
wash,mushroom,20,0.026
insert,skin,20,0.026
insert,maker:coffee,20,0.026
mix,stock,20,0.026
move,paper,20,0.026
dry,spoon,20,0.026
put,sugar,20,0.026
move,cutlery,20,0.026
fold,towel,20,0.026
put,salami,20,0.026
cut,tofu,20,0.026
take,blender,20,0.026
mix,cheese,19,0.025
put,broccoli,19,0.025
insert,spatula,19,0.025
flip,burger,19,0.025
break,rice,19,0.025
close,sauce,19,0.025
pour,egg,19,0.025
unroll,cloth,19,0.025
put,bin,19,0.025
pull,dishwasher,19,0.025
pull,drawer,19,0.025
wash,kitchen,19,0.025
put,oregano,19,0.025
insert,liquid:washing,19,0.025
remove,filter,19,0.025
take,teapot,19,0.025
wash,chopstick,19,0.025
turn-on,blender,19,0.025
turn-on,toaster,19,0.025
cut,fish,19,0.025
empty,cup,19,0.025
take,squash,19,0.025
pour,squash,19,0.025
take,powder,18,0.023
cut,aubergine,18,0.023
insert,tea,18,0.023
insert,salad,18,0.023
wash,package,18,0.023
cut,bag,18,0.023
take,foil,18,0.023
wash,chicken,18,0.023
insert,chilli,18,0.023
remove,food,18,0.023
scoop,spreads,18,0.023
mix,soup,18,0.023
pour,liquid,18,0.023
scoop,mixture,18,0.023
insert,cereal,18,0.023
pour,soup,18,0.023
move,cheese,18,0.023
open,pot,18,0.023
take,onion:spring,18,0.023
insert,fish,18,0.023
put,vinegar,17,0.022
wash,potato,17,0.022
eat,bread,17,0.022
put,wrap,17,0.022
add,water,17,0.022
take,salmon,17,0.022
remove,bag,17,0.022
remove,bowl,17,0.022
mix,water,17,0.022
sprinkle,flour,17,0.022
check,meat,17,0.022
wash,courgette,17,0.022
empty,coffee,17,0.022
remove,water,17,0.022
slide,tray,17,0.022
sprinkle,cheese,17,0.022
scoop,soup,17,0.022
turn-on,fan:extractor,17,0.022
press,meat,17,0.022
open,cover,17,0.022
shake,colander,16,0.021
open,machine:washing,16,0.021
open,cheese,16,0.021
pat,egg,16,0.021
scrub,board:chopping,16,0.021
move,bin,16,0.021
move,food,16,0.021
insert,pie,16,0.021
put,pie,16,0.021
pour,meat,16,0.021
take,cream,16,0.021
mix,dough,16,0.021
insert,cupboard,16,0.021
take,opener:bottle,16,0.021
remove,pepper,16,0.021
sprinkle,salt,16,0.021
gather,skin,16,0.021
insert,hob,16,0.021
remove,garlic,16,0.021
insert,wrap,16,0.021
put,utensil,16,0.021
apply,spreads,16,0.021
divide,potato,16,0.021
use,liquid:washing,16,0.021
wash,pepper,16,0.021
cut,squash,16,0.021
apply,cheese,16,0.021
close,machine:washing,16,0.021
wash,rubbish,16,0.021
dry,board:chopping,16,0.021
cut,butter,16,0.021
take,vegetable,16,0.021
take,tablet,16,0.021
take,pancake,15,0.02
take,choi:pak,15,0.02
move,tomato,15,0.02
remove,onion,15,0.02
scrub,knife,15,0.02
close,bread,15,0.02
remove,spoon,15,0.02
wash,rice,15,0.02
remove,scale,15,0.02
crush,pepper,15,0.02
take,sandwich,15,0.02
move,jug,15,0.02
open,basket,15,0.02
move,liquid:washing,15,0.02
wash,bottle,15,0.02
hang,towel,15,0.02
remove,bread,15,0.02
open,cereal,15,0.02
take,bin,15,0.02
take,thermometer,15,0.02
close,cap,15,0.02
shake,glass,15,0.02
mix,chicken,15,0.02
insert,sausage,15,0.02
filter,glass,15,0.02
remove,knife,15,0.02
take,leek,15,0.02
put,seed,15,0.02
turn,sausage,15,0.02
mix,milk,15,0.02
dry,lid,15,0.02
mix,oatmeal,15,0.02
throw,bottle,15,0.02
take,omelette,15,0.02
take,holder,15,0.02
remove,cover,15,0.02
shake,box,15,0.02
put,shell:egg,15,0.02
take,noodle,14,0.018
pour,nut,14,0.018
check,alarm,14,0.018
feel,dough,14,0.018
put,phone,14,0.018
throw,shell:egg,14,0.018
take,vinegar,14,0.018
wash,floor,14,0.018
throw,lid,14,0.018
scrape,food,14,0.018
scrape,spatula,14,0.018
put,pancake,14,0.018
remove,wrap:plastic,14,0.018
put,pin:rolling,14,0.018
throw,water,14,0.018
throw,box,14,0.018
stab,potato,14,0.018
insert,butter,14,0.018
sharpen,tap,14,0.018
put,holder,14,0.018
put,courgette,14,0.018
empty,bottle,14,0.018
eat,rice,14,0.018
move,maker:coffee,14,0.018
move,package,14,0.018
turn-off,heat,14,0.018
move,spatula,14,0.018
wash,lettuce,14,0.018
close,milk,14,0.018
put,corn,14,0.018
scoop,sugar,13,0.017
shake,mat,13,0.017
open,stock,13,0.017
mix,flour,13,0.017
take,burger,13,0.017
turn-off,maker:coffee,13,0.017
fill,bowl,13,0.017
insert,pizza,13,0.017
throw,coffee,13,0.017
sharpen,whetstone,13,0.017
take,oregano,13,0.017
lift,plate,13,0.017
take,lentil,13,0.017
put,fishcakes,13,0.017
wash,cucumber,13,0.017
flip,wrap,13,0.017
cut,lemon,13,0.017
remove,sauce,13,0.017
throw,towel:kitchen,13,0.017
put,onion:spring,13,0.017
put,opener:bottle,13,0.017
move,kettle,13,0.017
move,courgette,13,0.017
cook,chicken,13,0.017
pour,salad,13,0.017
squeeze,water,13,0.017
move,chopstick,13,0.017
remove,meat,13,0.017
throw,onion,13,0.017
cook,egg,13,0.017
increase,heat,13,0.017
check,clothes,13,0.017
put,skin,13,0.017
wrap,pan,13,0.017
take,paste,13,0.017
wash,carrot,13,0.017
put,teapot,13,0.017
peel,dough,13,0.017
check,coffee,13,0.017
empty,colander,13,0.017
pour,cheese,13,0.017
remove,plate,12,0.016
cut,choi:pak,12,0.016
scrub,spoon,12,0.016
coat,bread,12,0.016
search,drawer,12,0.016
take,phone,12,0.016
close,salt,12,0.016
filter,container,12,0.016
cut,chocolate,12,0.016
shake,cup,12,0.016
turn,paper,12,0.016
apply,flour,12,0.016
take,juice,12,0.016
cut,onion:spring,12,0.016
scrape,tomato,12,0.016
mix,spoon,12,0.016
empty,jug,12,0.016
take,pork,12,0.016
move,potato,12,0.016
turn-down,heat,12,0.016
insert,jar,12,0.016
remove,clothes,12,0.016
put,squash,12,0.016
insert,sponge,12,0.016
scoop,coffee,12,0.016
put,powder,12,0.016
squeeze,bag,12,0.016
take,utensil,12,0.016
insert,lettuce,12,0.016
shake,jar,12,0.016
wash,blender,12,0.016
wash,leek,12,0.016
turn-off,fan:extractor,12,0.016
slide,chopstick,12,0.016
insert,oatmeal,12,0.016
wrap,pot,12,0.016
open,top,12,0.016
put,thermometer,12,0.016
scoop,egg,12,0.016
put,stock,12,0.016
fill,water,12,0.016
put,fish,12,0.016
dry,glass,12,0.016
close,basket,12,0.016
take,parsley,12,0.016
cut,leaf,12,0.016
remove,label,11,0.014
sort,dough,11,0.014
turn-on,button,11,0.014
put,salmon,11,0.014
scoop,salt,11,0.014
turn,bread,11,0.014
search,cupboard,11,0.014
move,towel,11,0.014
insert,sugar,11,0.014
pour,bowl,11,0.014
mix,garlic,11,0.014
insert,biscuit,11,0.014
move,chicken,11,0.014
put,banana,11,0.014
wash,tongs,11,0.014
scrub,pot,11,0.014
insert,ice,11,0.014
check,hand,11,0.014
wash,wall,11,0.014
crush,garlic,11,0.014
flip,sausage,11,0.014
hold,bowl,11,0.014
move,rack:drying,11,0.014
empty,filter,11,0.014
insert,shell:egg,11,0.014
turn-on,heat,11,0.014
fold,mat,11,0.014
dry,fork,11,0.014
turn,dough,11,0.014
move,can,11,0.014
move,hob,11,0.014
move,carrot,11,0.014
mix,butter,11,0.014
remove,wrap,11,0.014
take,whetstone,11,0.014
scoop,cucumber,11,0.014
turn-off,kettle,11,0.014
peel,sausage,11,0.014
put,spreads,11,0.014
pour,biscuit,11,0.014
pour,kettle,11,0.014
remove,carrot,11,0.014
wash,towel,11,0.014
dry,container,11,0.014
rub,hand,11,0.014
open,yoghurt,11,0.014
pour,lentil,11,0.014
scrape,dough,11,0.014
crush,spice,11,0.014
throw,cover,11,0.014
fill,jar,11,0.014
insert,vegetable,11,0.014
filter,water,11,0.014
wash,utensil,11,0.014
empty,pot,11,0.014
take,corn,11,0.014
scoop,stock,11,0.014
take,ice,11,0.014
take,hummus,11,0.014
remove,coffee,11,0.014
cut,bean:green,11,0.014
put,lettuce,11,0.014
shake,container,10,0.013
take,presser,10,0.013
grate,cheese,10,0.013
fold,cloth,10,0.013
remove,hand,10,0.013
mix,quorn,10,0.013
cut,coriander,10,0.013
throw,tomato,10,0.013
eat,cheese,10,0.013
coat,dough,10,0.013
shake,bag,10,0.013
mix,coconut,10,0.013
pour,vinegar,10,0.013
throw,sink,10,0.013
take,seed,10,0.013
hold,handle,10,0.013
unroll,wrap:plastic,10,0.013
move,sponge,10,0.013
insert,corn,10,0.013
put,liquid,10,0.013
apply,meat,10,0.013
wait,rice,10,0.013
open,pepper,10,0.013
pour,package,10,0.013
scrape,butter,10,0.013
insert,yoghurt,10,0.013
scoop,vegetable,10,0.013
lower,heat,10,0.013
let-go,pan,10,0.013
rub,flour,10,0.013
open,tap,10,0.013
fill,wrap,10,0.013
wash,onion,10,0.013
insert,towel:kitchen,10,0.013
lift,dough,10,0.013
turn-on,processor:food,10,0.013
sort,bowl,10,0.013
wash,mat,10,0.013
wash,clothes,10,0.013
turn,corn,10,0.013
pour,mixture,10,0.013
throw,carrot,10,0.013
wash,meat,10,0.013
put,sandwich,10,0.013
put,cake,10,0.013
move,cloth,10,0.013
dry,box,10,0.013
put,tofu,10,0.013
flip,book,10,0.013
eat,food,10,0.013
insert,spreads,10,0.013
squeeze,bottle,10,0.013
insert,stock,10,0.013
remove,plug,10,0.013
brush,oil,10,0.013
move,butter,10,0.013
take,cap,10,0.013
take,ginger,10,0.013
open,flour,10,0.013
close,squash,10,0.013
move,pepper,10,0.013
wear,apron,10,0.013
unroll,paper,10,0.013
brush,pot,10,0.013
eat,olive,9,0.012
turn-on,scale,9,0.012
wash,glove,9,0.012
wash,rack:drying,9,0.012
hold,dough,9,0.012
insert,grater,9,0.012
close,cover,9,0.012
cut,avocado,9,0.012
turn,bowl,9,0.012
wash,salad,9,0.012
move,pasta,9,0.012
insert,drawer,9,0.012
shake,bowl,9,0.012
peel,salmon,9,0.012
scoop,chilli,9,0.012
press,maker:coffee,9,0.012
uncover,pot,9,0.012
turn,mat,9,0.012
shake,cloth,9,0.012
insert,blueberry,9,0.012
remove,olive,9,0.012
take,shell:egg,9,0.012
take,avocado,9,0.012
attach,plug,9,0.012
turn-off,alarm,9,0.012
check,pan,9,0.012
close,vinegar,9,0.012
pat,bottle,9,0.012
take,plug,9,0.012
brush,flour,9,0.012
put,book,9,0.012
take,spinner:salad,9,0.012
shake,milk,9,0.012
take,floor,9,0.012
empty,glass,9,0.012
put,turmeric,9,0.012
add,sauce,9,0.012
scrape,rice,9,0.012
open,hummus,9,0.012
scoop,kiwi,9,0.012
fold,filter,9,0.012
pour,powder,9,0.012
pour,potato,9,0.012
cut,vegetable,9,0.012
turn-off,button,9,0.012
take,grape,9,0.012
scrape,knife,9,0.012
add,nut,9,0.012
scrape,garlic,9,0.012
insert,towel,9,0.012
rip,bag,9,0.012
open,squash,9,0.012
open,spice,9,0.012
lower,pan,9,0.012
divide,meat,9,0.012
remove,dough,9,0.012
throw,seed,9,0.012
put,rubbish,9,0.012
hang,cup,9,0.012
take,oatmeal,9,0.012
remove,hob,9,0.012
check,potato,9,0.012
take,chocolate,9,0.012
wash,peach,9,0.012
put,drawer,9,0.012
mix,nut,9,0.012
turn,tap,9,0.012
scoop,paste,9,0.012
cook,bacon,9,0.012
scrub,cup,9,0.012
squeeze,lime,9,0.012
remove,ice,9,0.012
pat,dough,9,0.012
open,coffee,9,0.012
wash,bin,9,0.012
unscrew,cap,9,0.012
fold,paper,9,0.012
gather,food,9,0.012
peel,banana,9,0.012
insert,rack:drying,9,0.012
cut,parsley,9,0.012
take,nut,9,0.012
fold,wrap,9,0.012
form,burger,9,0.012
remove,pasta,8,0.01
put,tuna,8,0.01
remove,container,8,0.01
wash,liquid:washing,8,0.01
dry,pot,8,0.01
apply,olive,8,0.01
put,hummus,8,0.01
insert,cover,8,0.01
look,alarm,8,0.01
put,basket,8,0.01
insert,olive,8,0.01
close,pot,8,0.01
insert,salmon,8,0.01
insert,noodle,8,0.01
mix,oil,8,0.01
scoop,biscuit,8,0.01
roll,egg,8,0.01
mix,lettuce,8,0.01
turn,pasta,8,0.01
shake,filter,8,0.01
insert,presser,8,0.01
squeeze,curry,8,0.01
insert,coriander,8,0.01
put,vegetable,8,0.01
close,spice,8,0.01
take,spinach,8,0.01
close,top,8,0.01
remove,milk,8,0.01
squeeze,burger,8,0.01
press,tofu,8,0.01
move,choi:pak,8,0.01
cook,vegetable,8,0.01
measure,powder,8,0.01
shake,rice,8,0.01
shake,spatula,8,0.01
close,pepper,8,0.01
pat,garlic,8,0.01
scrub,glass,8,0.01
cut,broccoli,8,0.01
remove,potato,8,0.01
take,lime,8,0.01
take,bacon,8,0.01
check,knife,8,0.01
increase,hob,8,0.01
filter,pan,8,0.01
open,rice,8,0.01
move,scale,8,0.01
pour,wine,8,0.01
take,blackberry,8,0.01
take,kale,8,0.01
open,olive,8,0.01
open,liquid:washing,8,0.01
scrape,onion,8,0.01
take,cake,8,0.01
flip,omelette,8,0.01
wash,whisk,8,0.01
take,raisin,8,0.01
open,egg,8,0.01
scrub,colander,8,0.01
scoop,flour,8,0.01
take,cupboard,8,0.01
cut,lime,8,0.01
put,spinner:salad,8,0.01
screw,maker:coffee,8,0.01
gather,rubbish,8,0.01
take,crisp,8,0.01
take,mango,8,0.01
take,coriander,8,0.01
take,yeast,8,0.01
pour,oatmeal,8,0.01
open,wrap,8,0.01
add,salt,8,0.01
remove,pizza,8,0.01
turn,cheese,8,0.01
eat,potato,8,0.01
open,window,8,0.01
remove,pith,8,0.01
insert,chopstick,8,0.01
wash,coffee,8,0.01
put,whetstone,8,0.01
peel,package,8,0.01
put,leek,8,0.01
put,burger,7,0.009
throw,plate,7,0.009
insert,courgette,7,0.009
open,butter,7,0.009
apply,dough,7,0.009
cut,skin,7,0.009
insert,sink,7,0.009
take,fishcakes,7,0.009
check,oven,7,0.009
take,finger:lady,7,0.009
insert,raisin,7,0.009
sort,pan,7,0.009
take,orange,7,0.009
open,filter,7,0.009
take,drink,7,0.009
add,oil,7,0.009
remove,glass,7,0.009
mix,cup,7,0.009
drop,carrot,7,0.009
lift,pin:rolling,7,0.009
dry,hob,7,0.009
pat,water,7,0.009
put,paste,7,0.009
pour,juice,7,0.009
scrape,pan,7,0.009
wrap,bread,7,0.009
divide,plate,7,0.009
throw,garlic,7,0.009
scrape,board:chopping,7,0.009
fill,spoon,7,0.009
lift,blender,7,0.009
lift,bowl,7,0.009
shake,tray,7,0.009
open,presser,7,0.009
throw,leek,7,0.009
open,paste,7,0.009
open,vinegar,7,0.009
throw,lemon,7,0.009
soak,bowl,7,0.009
put,blueberry,7,0.009
put,slicer,7,0.009
remove,fish,7,0.009
scoop,liquid,7,0.009
drink,glass,7,0.009
empty,maker:coffee,7,0.009
measure,spice,7,0.009
cut,wrap:plastic,7,0.009
insert,tablet,7,0.009
flip,bread,7,0.009
mix,broccoli,7,0.009
insert,squash,7,0.009
put,shelf,7,0.009
put,control:remote,7,0.009
turn-off,processor:food,7,0.009
insert,can,7,0.009
scrub,spatula,7,0.009
scoop,butter,7,0.009
hold,cheese,7,0.009
cut,finger:lady,7,0.009
move,control:remote,7,0.009
take,backpack,7,0.009
break,garlic,7,0.009
take,breadstick,7,0.009
pull,dough,7,0.009
empty,bag,7,0.009
remove,burger,7,0.009
put,mango,7,0.009
shake,can,7,0.009
eat,carrot,7,0.009
cut,bacon,7,0.009
remove,salt,7,0.009
remove,box,7,0.009
scrub,top,7,0.009
take,apron,7,0.009
drop,water,7,0.009
close,can,7,0.009
move,salt,7,0.009
move,rice,7,0.009
take,basket,7,0.009
eat,spoon,7,0.009
move,towel:kitchen,7,0.009
insert,hand,7,0.009
hang,glove,7,0.009
put,tea,7,0.009
take,processor:food,7,0.009
remove,clip,7,0.009
move,fork,7,0.009
hold,box,7,0.009
dry,tray,7,0.009
pour,yoghurt,7,0.009
insert,plug,7,0.009
search,spice,7,0.009
scoop,cheese,7,0.009
grate,carrot,7,0.009
move,water,7,0.009
put,finger:lady,7,0.009
press,orange,7,0.009
insert,cloth,7,0.009
insert,oregano,7,0.009
scrub,fork,7,0.009
throw,tea,7,0.009
wash,teapot,7,0.009
dry,maker:coffee,6,0.008
lower,bottle,6,0.008
scoop,powder,6,0.008
peel,squash,6,0.008
close,presser,6,0.008
unroll,bag,6,0.008
wash,basket,6,0.008
wash,aubergine,6,0.008
wash,coriander,6,0.008
open,tomato,6,0.008
move,glove,6,0.008
move,olive,6,0.008
remove,oil,6,0.008
move,oil,6,0.008
apply,water,6,0.008
wash,guard:hand,6,0.008
break,broccoli,6,0.008
remove,corn,6,0.008
look,heat,6,0.008
attach,clip,6,0.008
move,cucumber,6,0.008
unscrew,lid,6,0.008
open,pasta,6,0.008
press,dishwasher,6,0.008
mix,noodle,6,0.008
peel,fish,6,0.008
close,jug,6,0.008
open,jug,6,0.008
unscrew,bottle,6,0.008
peel,courgette,6,0.008
mix,chilli,6,0.008
wash,fish,6,0.008
pour,raisin,6,0.008
remove,tofu,6,0.008
move,yoghurt,6,0.008
wash,blueberry,6,0.008
unwrap,stick:crab,6,0.008
pull,package,6,0.008
pour,yeast,6,0.008
move,thermometer,6,0.008
mix,salt,6,0.008
pour,pan,6,0.008
pour,bottle,6,0.008
shake,water,6,0.008
open,processor:food,6,0.008
remove,lime,6,0.008
open,plate,6,0.008
mix,yoghurt,6,0.008
wash,clip,6,0.008
move,skin,6,0.008
open,mat,6,0.008
pour,pea,6,0.008
peel,ginger,6,0.008
pour,broccoli,6,0.008
turn-on,bottle,6,0.008
pour,pot,6,0.008
pull,rack:drying,6,0.008
wash,cap,6,0.008
set,machine:washing,6,0.008
turn,pan,6,0.008
insert,spice,6,0.008
sprinkle,tomato,6,0.008
close,tap,6,0.008
adjust,blender,6,0.008
insert,crisp,6,0.008
flip,cucumber,6,0.008
squeeze,orange,6,0.008
put,cooker:slow,6,0.008
wash,sauce,6,0.008
insert,brush,6,0.008
empty,kettle,6,0.008
empty,jar,6,0.008
take,fish,6,0.008
adjust,paper,6,0.008
insert,blender,6,0.008
take,apple,6,0.008
adjust,maker:coffee,6,0.008
sprinkle,corn,6,0.008
insert,curry,6,0.008
apply,cream,6,0.008
wrap,plate,6,0.008
turn-down,machine:washing,6,0.008
put,processor:food,6,0.008
insert,mushroom,6,0.008
wrap,bowl,6,0.008
throw,leaf,6,0.008
throw,courgette,6,0.008
wrap,container,6,0.008
wrap,dough,6,0.008
insert,ginger,6,0.008
close,yoghurt,6,0.008
squeeze,cream,6,0.008
cook,tomato,6,0.008
wrap,meat,6,0.008
insert,freezer,6,0.008
insert,flour,6,0.008
wash,processor:food,6,0.008
adjust,aubergine,6,0.008
crush,bottle,6,0.008
take,turmeric,6,0.008
insert,chocolate,6,0.008
take,cocktail,6,0.008
throw,spoon,6,0.008
take,beer,6,0.008
take,cooker:slow,6,0.008
take,control:remote,6,0.008
eat,meat,6,0.008
eat,hand,6,0.008
cut,celery,6,0.008
dry,top,6,0.008
put,choi:pak,6,0.008
dry,juicer,6,0.008
put,cellar:salt,6,0.008
transition,ladder,6,0.008
remove,board:chopping,6,0.008
put,noodle,6,0.008
hang,bag,6,0.008
take,beef,6,0.008
remove,chicken,6,0.008
take,bean:green,6,0.008
cut,pear,6,0.008
eat,pasta,6,0.008
throw,salad,5,0.007
cook,rice,5,0.007
divide,fish,5,0.007
remove,stalk,5,0.007
close,cereal,5,0.007
adjust,towel,5,0.007
insert,grape,5,0.007
open,pizza,5,0.007
fold,foil,5,0.007
wash,presser,5,0.007
scrub,juicer,5,0.007
take,hoover,5,0.007
scrape,spoon,5,0.007
serve,curry,5,0.007
cut,salad,5,0.007
adjust,knife,5,0.007
scrub,lid,5,0.007
put,grape,5,0.007
finish,tv,5,0.007
check,pot,5,0.007
hold,bread,5,0.007
divide,garlic,5,0.007
insert,holder,5,0.007
crush,avocado,5,0.007
wash,food,5,0.007
open,spreads,5,0.007
wash,pin:rolling,5,0.007
cut,knife,5,0.007
mix,spreads,5,0.007
cut,kiwi,5,0.007
insert,ladle,5,0.007
rip,foil,5,0.007
break,bean:green,5,0.007
scrape,bowl,5,0.007
remove,leek,5,0.007
take,celery,5,0.007
pour,oregano,5,0.007
throw,jar,5,0.007
open,salad,5,0.007
open,rubbish,5,0.007
turn-on,dishwasher,5,0.007
put,lime,5,0.007
filter,rack:drying,5,0.007
wait,oil,5,0.007
pour,thyme,5,0.007
unroll,towel,5,0.007
check,package,5,0.007
remove,blueberry,5,0.007
cut,cake,5,0.007
flip,fish,5,0.007
scrape,pepper,5,0.007
insert,choi:pak,5,0.007
remove,salmon,5,0.007
move,lemon,5,0.007
move,rest,5,0.007
put,parsley,5,0.007
throw,pepper,5,0.007
insert,cabbage,5,0.007
insert,burger,5,0.007
take,drawer,5,0.007
move,sandwich,5,0.007
remove,pot,5,0.007
check,pizza,5,0.007
move,napkin,5,0.007
pour,vegetable,5,0.007
move,omelette,5,0.007
take,funnel,5,0.007
remove,paper,5,0.007
cut,sandwich,5,0.007
hold,plate,5,0.007
move,cooker:slow,5,0.007
move,corn,5,0.007
insert,drink,5,0.007
move,cover,5,0.007
take,cutter:pizza,5,0.007
move,cupboard,5,0.007
gather,pepper,5,0.007
move,curry,5,0.007
hold,tray,5,0.007
take,book,5,0.007
check,maker:coffee,5,0.007
wash,cutter:pizza,5,0.007
break,butter,5,0.007
press,rack:drying,5,0.007
open,mushroom,5,0.007
move,fish,5,0.007
adjust,lid,5,0.007
insert,bacon,5,0.007
put,hoover,5,0.007
take,cumin,5,0.007
lift,spatula,5,0.007
move,wrap,5,0.007
empty,spoon,5,0.007
take,roll,5,0.007
eat,soup,5,0.007
attach,knife,5,0.007
rip,skin,5,0.007
insert,teapot,5,0.007
take,top,5,0.007
eat,pepper,5,0.007
scoop,oatmeal,5,0.007
look,package,5,0.007
scoop,carrot,5,0.007
throw,biscuit,5,0.007
mix,cabbage,5,0.007
remove,foil,5,0.007
mix,carrot,5,0.007
squeeze,cheese,5,0.007
mix,chopstick,5,0.007
check,book,5,0.007
insert,sandwich,5,0.007
close,paste,5,0.007
mix,cooker:slow,5,0.007
pull,plug,5,0.007
put,beer,5,0.007
sprinkle,chilli,5,0.007
close,pasta,5,0.007
mix,aubergine,5,0.007
put,presser,5,0.007
feel,bread,5,0.007
sprinkle,onion,5,0.007
put,avocado,5,0.007
wash,lentil,5,0.007
close,sandwich,5,0.007
put,spinach,5,0.007
insert,yeast,5,0.007
rip,towel:kitchen,5,0.007
remove,cup,5,0.007
insert,wrap:plastic,5,0.007
close,sink,5,0.007
wrap,package,5,0.007
put,alarm,5,0.007
wash,blackberry,5,0.007
insert,thermometer,5,0.007
empty,cheese,5,0.007
pull,towel:kitchen,5,0.007
empty,can,5,0.007
let-go,pin:rolling,5,0.007
insert,vinegar,5,0.007
take,whisk,5,0.007
measure,rice,5,0.007
empty,box,5,0.007
attach,kettle,5,0.007
put,coriander,5,0.007
smell,mixture,5,0.007
take,pan:dust,5,0.007
check,bread,5,0.007
close,wrap,5,0.007
lock,processor:food,5,0.007
lift,hob,5,0.007
turn,tray,5,0.007
insert,peeler:potato,5,0.007
put,breadstick,5,0.007
look,book,5,0.007
coat,sponge,5,0.007
throw,cucumber,5,0.007
insert,onion:spring,5,0.007
close,liquid:washing,5,0.007
close,leaf,5,0.007
remove,grape,5,0.007
remove,artichoke,5,0.007
lift,omelette,5,0.007
sort,cucumber,5,0.007
pour,container,5,0.007
turn-off,hoover,5,0.007
throw,filter,5,0.007
sort,mat,5,0.007
lift,towel,5,0.007
take,stalk,5,0.007
insert,pin:rolling,5,0.007
rip,wrap:plastic,5,0.007
wash,choi:pak,5,0.007
throw,can,5,0.007
soak,plate,5,0.007
scoop,powder:washing,5,0.007
mix,fish,5,0.007
close,olive,5,0.007
eat,liquid,5,0.007
put,curry,5,0.007
soak,spoon,5,0.007
roll,bread,5,0.007
insert,rest,5,0.007
pat,colander,5,0.007
insert,powder:washing,5,0.007
dry,spatula,4,0.005
add,chicken,4,0.005
wash,chilli,4,0.005
press,bag,4,0.005
put,omelette,4,0.005
wrap,sandwich,4,0.005
check,rice,4,0.005
take,slicer,4,0.005
eat,mixture,4,0.005
screw,cap,4,0.005
check,flour,4,0.005
screw,lid,4,0.005
scrape,stock,4,0.005
use,cloth,4,0.005
roll,cake,4,0.005
remove,stock,4,0.005
cut,mango,4,0.005
put,straw,4,0.005
peel,wrap:plastic,4,0.005
pour,garlic,4,0.005
put,oatmeal,4,0.005
open,cap,4,0.005
open,bowl,4,0.005
cut,omelette,4,0.005
put,orange,4,0.005
fold,package,4,0.005
rub,oil,4,0.005
scrape,spreads,4,0.005
filter,can,4,0.005
flip,pork,4,0.005
fill,maker:coffee,4,0.005
add,pan,4,0.005
check,knob,4,0.005
open,powder,4,0.005
fill,can,4,0.005
check,aubergine,4,0.005
filter,rice,4,0.005
scrape,coffee,4,0.005
filter,potato,4,0.005
filter,pot,4,0.005
put,roll,4,0.005
pour,noodle,4,0.005
take,mint,4,0.005
remove,apron,4,0.005
pour,kale,4,0.005
throw,egg,4,0.005
scoop,spice,4,0.005
divide,onion,4,0.005
wait,water,4,0.005
put,pork,4,0.005
wash,corn,4,0.005
filter,cup,4,0.005
scoop,spoon,4,0.005
scoop,thyme,4,0.005
wash,apple,4,0.005
take,liquid,4,0.005
filter,cheese,4,0.005
filter,sink,4,0.005
put,plug,4,0.005
take,kiwi,4,0.005
wrap,blender,4,0.005
remove,vegetable,4,0.005
open,hob,4,0.005
check,oil,4,0.005
take,freezer,4,0.005
pour,leaf,4,0.005
brush,rice,4,0.005
adjust,bottle,4,0.005
pour,leek,4,0.005
empty,pan:dust,4,0.005
adjust,board:chopping,4,0.005
flip,chicken,4,0.005
scrape,mixture,4,0.005
use,towel,4,0.005
flip,bowl,4,0.005
pour,plate,4,0.005
put,whisk,4,0.005
pat,hand,4,0.005
flatten,paper,4,0.005
take,paprika,4,0.005
throw,meat,4,0.005
wait,kettle,4,0.005
pat,fork,4,0.005
wash,bean:green,4,0.005
wash,cupboard,4,0.005
divide,choi:pak,4,0.005
throw,pasta,4,0.005
move,pin:rolling,4,0.005
throw,wrap:plastic,4,0.005
insert,paper,4,0.005
close,hummus,4,0.005
turn,pizza,4,0.005
pull,glove,4,0.005
insert,nut,4,0.005
mix,pea,4,0.005
mix,paste,4,0.005
cook,bread,4,0.005
remove,holder,4,0.005
put,cutter:pizza,4,0.005
shake,leek,4,0.005
squeeze,hand,4,0.005
turn,ring:onion,4,0.005
squeeze,garlic,4,0.005
insert,pork,4,0.005
mix,kale,4,0.005
insert,processor:food,4,0.005
shake,hob,4,0.005
close,oregano,4,0.005
turn-off,top,4,0.005
remove,jug,4,0.005
mix,spatula,4,0.005
insert,lime,4,0.005
close,butter,4,0.005
set,hob,4,0.005
close,clip,4,0.005
close,coffee,4,0.005
set,microwave,4,0.005
set,oven,4,0.005
move,biscuit,4,0.005
put,funnel,4,0.005
pull,battery,4,0.005
squeeze,sausage,4,0.005
remove,maker:coffee,4,0.005
insert,juicer,4,0.005
put,fruit,4,0.005
cook,omelette,4,0.005
pull,bread,4,0.005
close,flour,4,0.005
cook,mixture,4,0.005
shake,knife,4,0.005
close,pan,4,0.005
serve,food,4,0.005
put,blackberry,4,0.005
sort,wrap,4,0.005
sort,wire,4,0.005
sort,shell:egg,4,0.005
remove,courgette,4,0.005
soak,pan,4,0.005
look,kitchen,4,0.005
soak,spatula,4,0.005
remove,colander,4,0.005
apply,onion,4,0.005
turn-off,microwave,4,0.005
wash,napkin,4,0.005
lift,foil,4,0.005
wash,mango,4,0.005
lift,handle,4,0.005
lift,maker:coffee,4,0.005
lock,cover,4,0.005
apply,spice,4,0.005
sort,food,4,0.005
wash,onion:spring,4,0.005
put,cocktail,4,0.005
put,bacon,4,0.005
look,thermometer,4,0.005
pull,paper,4,0.005
insert,salami,4,0.005
put,cupboard,4,0.005
shake,oatmeal,4,0.005
put,crisp,4,0.005
shake,package,4,0.005
remove,fridge,4,0.005
shake,peach,4,0.005
shake,potato,4,0.005
pull,tray,4,0.005
remove,egg,4,0.005
apply,hummus,4,0.005
put,apron,4,0.005
sprinkle,leaf,4,0.005
lower,handle,4,0.005
put,coconut,4,0.005
slide,dough,4,0.005
squeeze,towel:kitchen,4,0.005
put,fridge,4,0.005
insert,foil,4,0.005
move,plug,4,0.005
search,oil,4,0.005
remove,butter,4,0.005
turn,can,4,0.005
switch,top,4,0.005
take,alarm,4,0.005
move,mushroom,4,0.005
insert,breadstick,4,0.005
adjust,mat,4,0.005
insert,bean:green,4,0.005
insert,fishcakes,4,0.005
move,peeler:potato,4,0.005
cut,cabbage,4,0.005
move,pizza,4,0.005
press,drawer,4,0.005
take,basil,4,0.005
put,juice,4,0.005
move,rubbish,4,0.005
move,sauce,4,0.005
move,sausage,4,0.005
hold,spoon,4,0.005
hold,paper,4,0.005
wash,slicer,4,0.005
hold,kettle,4,0.005
remove,sausage,4,0.005
wash,spinner:salad,4,0.005
hold,glass,4,0.005
check,sink,4,0.005
cut,foil,4,0.005
wash,fruit,4,0.005
take,cellar:salt,4,0.005
search,onion,4,0.005
let-go,spatula,4,0.005
search,spoon,4,0.005
move,foil,4,0.005
remove,cereal,4,0.005
press,rubbish,4,0.005
turn-on,top,4,0.005
move,hand,4,0.005
turn-on,lid,4,0.005
turn,glass,4,0.005
crush,cheese,4,0.005
move,handle,4,0.005
move,fridge,4,0.005
crush,coffee,4,0.005
search,water,4,0.005
move,holder,4,0.005
stretch,bag,4,0.005
remove,salad,3,0.004
add,liquid:washing,3,0.004
wash,funnel,3,0.004
press,container,3,0.004
put,beef,3,0.004
press,cake,3,0.004
put,battery,3,0.004
pour,glass,3,0.004
put,stand,3,0.004
adjust,salmon,3,0.004
remove,microwave,3,0.004
rip,banana,3,0.004
remove,mixture,3,0.004
pour,coconut,3,0.004
roll,bag,3,0.004
put,watch,3,0.004
adjust,clothes,3,0.004
wash,pestle,3,0.004
wash,lime,3,0.004
put,gin,3,0.004
wrap,towel,3,0.004
adjust,alarm,3,0.004
apply,sauce,3,0.004
press,bottle,3,0.004
apply,tomato,3,0.004
roll,lemon,3,0.004
adjust,top,3,0.004
pour,courgette,3,0.004
attach,blender,3,0.004
apply,salt,3,0.004
put,thyme,3,0.004
remove,bottle,3,0.004
pour,cup,3,0.004
adjust,cup,3,0.004
pour,drink,3,0.004
put,ginger,3,0.004
wash,nut,3,0.004
put,tap,3,0.004
put,tablet,3,0.004
put,mat:sushi,3,0.004
wash,ginger,3,0.004
wrap,processor:food,3,0.004
remove,dumpling,3,0.004
remove,rice,3,0.004
adjust,light,3,0.004
check,bag,3,0.004
pull,cloth,3,0.004
wash,parsley,3,0.004
press,mixture,3,0.004
press,bin,3,0.004
brush,presser,3,0.004
wrap,apron,3,0.004
remove,wire,3,0.004
remove,chopstick,3,0.004
adjust,tray,3,0.004
pull,lid,3,0.004
put,paprika,3,0.004
remove,kettle,3,0.004
remove,can,3,0.004
remove,jar,3,0.004
brush,rubbish,3,0.004
rip,meat,3,0.004
remove,avocado,3,0.004
rip,package,3,0.004
break,chocolate,3,0.004
apply,basil,3,0.004
wrap,lid,3,0.004
brush,hand,3,0.004
put,pan:dust,3,0.004
put,caper,3,0.004
pour,tray,3,0.004
wash,opener:bottle,3,0.004
wash,holder,3,0.004
break,cheese,3,0.004
put,soup,3,0.004
remove,tea,3,0.004
pull,towel,3,0.004
put,sink,3,0.004
pull,spatula,3,0.004
wash,grape,3,0.004
pull,carrot,3,0.004
remove,ginger,3,0.004
put,cream,3,0.004
adjust,bag,3,0.004
remove,processor:food,3,0.004
press,pepper,3,0.004
press,kale,3,0.004
remove,top,3,0.004
remove,broccoli,3,0.004
remove,towel:kitchen,3,0.004
put,oven,3,0.004
take,straw,3,0.004
insert,omelette,3,0.004
cut,stock,3,0.004
mix,beef,3,0.004
mix,bacon,3,0.004
shake,plate,3,0.004
turn-off,machine:washing,3,0.004
measure,salt,3,0.004
cut,top,3,0.004
shake,salmon,3,0.004
flip,corn,3,0.004
shake,sauce,3,0.004
shake,tomato,3,0.004
shake,towel,3,0.004
shake,vegetable,3,0.004
close,powder,3,0.004
slide,bread,3,0.004
throw,pear,3,0.004
take,cork,3,0.004
flip,maker:coffee,3,0.004
flip,pan,3,0.004
smell,sauce,3,0.004
flip,potato,3,0.004
flip,scale,3,0.004
soak,board:chopping,3,0.004
throw,sausage,3,0.004
fold,box,3,0.004
cut,pork,3,0.004
look,label,3,0.004
close,rice,3,0.004
soak,tray,3,0.004
throw,sponge,3,0.004
form,mixture,3,0.004
mix,biscuit,3,0.004
mix,bowl,3,0.004
flip,cheese,3,0.004
shake,maker:coffee,3,0.004
turn-on,lighter,3,0.004
move,coffee,3,0.004
fill,pot,3,0.004
move,clothes,3,0.004
take,mat:sushi,3,0.004
turn-on,heater,3,0.004
move,blender,3,0.004
filter,board:chopping,3,0.004
set,scale,3,0.004
stab,cake,3,0.004
move,aubergine,3,0.004
turn-on,cooker:slow,3,0.004
filter,lid,3,0.004
throw,glove,3,0.004
divide,cucumber,3,0.004
mix,tea,3,0.004
mix,sugar,3,0.004
mix,sprout,3,0.004
shake,chicken,3,0.004
turn-off,water,3,0.004
shake,coffee,3,0.004
mix,powder,3,0.004
divide,bread,3,0.004
close,ladder,3,0.004
shake,courgette,3,0.004
turn-off,scale,3,0.004
turn-off,pot,3,0.004
mix,cream,3,0.004
shake,liquid:washing,3,0.004
cut,orange,3,0.004
take,coconut,3,0.004
move,floor,3,0.004
squeeze,package,3,0.004
take,asparagus,3,0.004
insert,battery,3,0.004
insert,beer,3,0.004
insert,shrimp,3,0.004
insert,scale,3,0.004
turn,button,3,0.004
insert,powder,3,0.004
insert,paste,3,0.004
insert,parsley,3,0.004
insert,pan:dust,3,0.004
cut,beef,3,0.004
take,almond,3,0.004
cook,fish,3,0.004
insert,celery,3,0.004
cut,apple,3,0.004
sort,bread,3,0.004
squeeze,presser,3,0.004
insert,lemon,3,0.004
insert,leek,3,0.004
turn,omelette,3,0.004
crush,salt,3,0.004
insert,glove,3,0.004
turn,maker:coffee,3,0.004
stretch,lid,3,0.004
squeeze,towel,3,0.004
cook,water,3,0.004
crush,bag,3,0.004
turn,knife,3,0.004
turn,cucumber,3,0.004
turn,filter,3,0.004
squeeze,air,3,0.004
increase,oven,3,0.004
insert,toaster,3,0.004
sprinkle,pepper,3,0.004
look,bread,3,0.004
look,box,3,0.004
look,bottle,3,0.004
sort,broccoli,3,0.004
grate,lemon,3,0.004
take,caper,3,0.004
hold,bottle,3,0.004
sort,egg,3,0.004
hold,cup,3,0.004
transition,sink,3,0.004
close,rubbish,3,0.004
turn,board:chopping,3,0.004
sort,paper,3,0.004
hold,lid,3,0.004
lift,chopstick,3,0.004
hold,meat,3,0.004
take,blueberry,3,0.004
sort,tomato,3,0.004
sort,tray,3,0.004
spray,hob,3,0.004
turn-off,heater,3,0.004
turn,bottle,3,0.004
hold,tablet,3,0.004
sprinkle,oil,3,0.004
insert,whisk,3,0.004
insert,utensil,3,0.004
sprinkle,oregano,3,0.004
close,spreads,3,0.004
take,battery,3,0.004
move,egg,3,0.004
filter,bowl,3,0.004
insert,cream,3,0.004
peel,avocado,3,0.004
drop,sponge,3,0.004
dry,jug,3,0.004
scoop,milk,3,0.004
pat,omelette,3,0.004
empty,dishwasher,3,0.004
scrape,rubbish,3,0.004
open,garlic,3,0.004
check,onion,3,0.004
scoop,meat,3,0.004
drop,onion,3,0.004
empty,liquid,3,0.004
scrape,sauce,3,0.004
scrape,skin,3,0.004
open,fan:extractor,3,0.004
open,drink,3,0.004
scoop,leaf,3,0.004
open,cucumber,3,0.004
take,pineapple,3,0.004
open,corn,3,0.004
open,cooker:slow,3,0.004
check,phone,3,0.004
open,chilli,3,0.004
open,carrot,3,0.004
empty,package,3,0.004
scrape,tuna,3,0.004
scoop,garlic,3,0.004
scrape,vegetable,3,0.004
open,ladder,3,0.004
take,recipe,3,0.004
drop,spoon,3,0.004
eat,cucumber,3,0.004
open,wine,3,0.004
scoop,shell:egg,3,0.004
open,tuna,3,0.004
take,sink,3,0.004
open,tablet,3,0.004
scoop,tea,3,0.004
take,scotch:egg,3,0.004
wait,sausage,3,0.004
scrape,broccoli,3,0.004
scrape,carrot,3,0.004
scrape,cheese,3,0.004
scrape,chilli,3,0.004
open,paprika,3,0.004
scoop,oil,3,0.004
open,paper,3,0.004
scrape,lemon,3,0.004
open,oatmeal,3,0.004
scrape,meat,3,0.004
take,thyme,3,0.004
dry,glove,3,0.004
eat,pork,3,0.004
eat,biscuit,3,0.004
dry,colander,3,0.004
take,soup,3,0.004
open,light,3,0.004
take,tap,3,0.004
pat,bread,3,0.004
take,wire,3,0.004
pour,bacon,3,0.004
pour,blueberry,3,0.004
scoop,blueberry,3,0.004
throw,bean:green,3,0.004
scoop,avocado,3,0.004
drop,broccoli,3,0.004
throw,choi:pak,3,0.004
throw,container,3,0.004
pour,bean,3,0.004
dry,rest,3,0.004
move,peach,3,0.004
search,cover,3,0.004
fill,box,3,0.004
search,cup,3,0.004
move,mixture,3,0.004
move,processor:food,3,0.004
move,mat,3,0.004
search,fridge,3,0.004
drink,milk,3,0.004
rub,salt,3,0.004
rub,knife,3,0.004
rub,dough,3,0.004
search,knife,3,0.004
turn-on,water,3,0.004
turn-on,tv,3,0.004
move,grater,3,0.004
pour,chilli,3,0.004
search,oven,3,0.004
wash,caper,3,0.004
open,yeast,3,0.004
move,spice,3,0.004
move,wire,3,0.004
move,utensil,3,0.004
unroll,towel:kitchen,3,0.004
check,fish,3,0.004
take,oven,3,0.004
search,bag,3,0.004
scrub,spinner:salad,3,0.004
peel,cabbage,3,0.004
scrub,teapot,3,0.004
dry,ladle,3,0.004
scrub,can,3,0.004
empty,salt,3,0.004
take,pea,3,0.004
move,scissors,3,0.004
drop,floor,3,0.004
scrub,tray,3,0.004
check,recipe,3,0.004
move,salad,3,0.004
move,vegetable,3,0.004
turn,cake,2,0.003
wash,shrimp,2,0.003
take,strawberry,2,0.003
switch,pot,2,0.003
wrap,wire,2,0.003
take,stand,2,0.003
take,bar,2,0.003
remove,brush,2,0.003
switch,spoon,2,0.003
take,soda,2,0.003
wrap,sauce,2,0.003
wrap,toaster,2,0.003
remove,cap,2,0.003
wash,shelf,2,0.003
wrap,colander,2,0.003
take,toaster,2,0.003
take,gin,2,0.003
throw,pan,2,0.003
wrap,knife,2,0.003
take,hand,2,0.003
remove,banana,2,0.003
throw,cap,2,0.003
wrap,foil,2,0.003
throw,chilli,2,0.003
take,kitchen,2,0.003
take,ladder,2,0.003
wrap,box,2,0.003
take,masher,2,0.003
throw,cork,2,0.003
throw,flour,2,0.003
put,yeast,2,0.003
take,melon,2,0.003
wrap,butter,2,0.003
wrap,cheese,2,0.003
remove,basket,2,0.003
remove,bin,2,0.003
take,breadcrumb,2,0.003
throw,bread,2,0.003
wash,straw,2,0.003
transition,floor,2,0.003
wash,strawberry,2,0.003
take,ring:onion,2,0.003
transition,chair,2,0.003
take,turkey,2,0.003
take,powder:washing,2,0.003
throw,top,2,0.003
throw,cup,2,0.003
take,curry,2,0.003
throw,potato,2,0.003
take,wine,2,0.003
take,fridge,2,0.003
take,fruit,2,0.003
take,pestle,2,0.003
remove,biscuit,2,0.003
throw,bowl,2,0.003
take,watch,2,0.003
roll,pin:rolling,2,0.003
turn,fish,2,0.003
remove,rubber,2,0.003
search,box,2,0.003
search,bowl,2,0.003
remove,rest,2,0.003
unroll,clothes,2,0.003
search,bottle,2,0.003
search,book,2,0.003
unroll,top,2,0.003
unlock,cover,2,0.003
scrub,sink,2,0.003
scrub,cutlery,2,0.003
remove,spice,2,0.003
scrub,box,2,0.003
remove,spreads,2,0.003
screw,package,2,0.003
unlock,processor:food,2,0.003
search,garlic,2,0.003
stab,bread,2,0.003
set,machine:sous:vide,2,0.003
shake,blackberry,2,0.003
turn-on,candle,2,0.003
remove,lettuce,2,0.003
wash,handle,2,0.003
shake,air,2,0.003
set,power,2,0.003
remove,noodle,2,0.003
uncover,cooker:slow,2,0.003
serve,pan,2,0.003
season,food,2,0.003
season,chicken,2,0.003
search,vegetable,2,0.003
search,plate,2,0.003
remove,pancake,2,0.003
remove,tablet,2,0.003
screw,clothes,2,0.003
wash,flour,2,0.003
scoop,nut,2,0.003
scoop,squash,2,0.003
scoop,salmon,2,0.003
scoop,rubbish,2,0.003
scoop,pasta,2,0.003
scoop,pan,2,0.003
scoop,onion,2,0.003
scoop,dough,2,0.003
unwrap,onion,2,0.003
roll,bowl,2,0.003
scoop,cinnamon,2,0.003
scoop,almond,2,0.003
wash,celery,2,0.003
rub,sauce,2,0.003
rub,pan,2,0.003
scoop,tomato,2,0.003
scrape,cream,2,0.003
wait,coffee,2,0.003
use,spoon,2,0.003
use,sponge,2,0.003
rip,bacon,2,0.003
remove,yoghurt,2,0.003
wash,dough,2,0.003
scrape,mushroom,2,0.003
use,knife,2,0.003
scrape,pestle,2,0.003
scrape,pork,2,0.003
scrape,pot,2,0.003
remove,tuna,2,0.003
scrape,salad,2,0.003
wash,egg,2,0.003
unwrap,stock,2,0.003
shake,blender,2,0.003
shake,board:chopping,2,0.003
remove,ladder,2,0.003
sort,salami,2,0.003
squeeze,box,2,0.003
wash,paper,2,0.003
sprinkle,water,2,0.003
sprinkle,package,2,0.003
sprinkle,bacon,2,0.003
spray,top,2,0.003
sort,pot,2,0.003
sort,cutlery,2,0.003
sort,plate,2,0.003
sort,onion,2,0.003
sort,mixture,2,0.003
remove,cooker:slow,2,0.003
sort,leek,2,0.003
sort,glass,2,0.003
turn-off,air,2,0.003
turn-down,oven,2,0.003
turn,thermometer,2,0.003
turn,quorn,2,0.003
squeeze,juice,2,0.003
remove,chilli,2,0.003
turn,potato,2,0.003
wash,pear,2,0.003
squeeze,lettuce,2,0.003
squeeze,maker:coffee,2,0.003
turn,pepper,2,0.003
squeeze,paper,2,0.003
squeeze,paste,2,0.003
squeeze,sauce,2,0.003
squeeze,spreads,2,0.003
turn,lid,2,0.003
turn,handle,2,0.003
remove,coriander,2,0.003
sort,cup,2,0.003
wash,kettle,2,0.003
shake,pasta,2,0.003
remove,cucumber,2,0.003
slide,cake,2,0.003
shake,whetstone,2,0.003
remove,drawer,2,0.003
shake,salt,2,0.003
shake,rest,2,0.003
shake,onion,2,0.003
remove,cork,2,0.003
shake,juice,2,0.003
shake,egg,2,0.003
shake,drink,2,0.003
shake,cover,2,0.003
turn-off,toaster,2,0.003
remove,kale,2,0.003
slide,tomato,2,0.003
smell,bread,2,0.003
remove,cream,2,0.003
smell,towel,2,0.003
soak,can,2,0.003
soak,fork,2,0.003
soak,juicer,2,0.003
soak,knife,2,0.003
wash,liquid,2,0.003
soak,utensil,2,0.003
sort,apple,2,0.003
sort,avocado,2,0.003
sort,bag,2,0.003
roll,package,2,0.003
sort,box,2,0.003
sort,cover,2,0.003
wash,mixture,2,0.003
sort,board:chopping,2,0.003
add,alarm,2,0.003
pat,brush,2,0.003
eat,apple,2,0.003
open,pea,2,0.003
insert,stand,2,0.003
insert,stalk,2,0.003
open,rack:drying,2,0.003
check,machine:washing,2,0.003
insert,sprout,2,0.003
open,roll,2,0.003
insert,spinach,2,0.003
dry,tomato,2,0.003
dry,utensil,2,0.003
open,sausage,2,0.003
insert,strawberry,2,0.003
check,kettle,2,0.003
insert,rubber,2,0.003
open,sink,2,0.003
check,jar,2,0.003
check,hob,2,0.003
open,tea,2,0.003
open,teapot,2,0.003
open,tofu,2,0.003
check,ginger,2,0.003
open,tray,2,0.003
check,microwave,2,0.003
open,pan,2,0.003
open,wrap:plastic,2,0.003
open,foil,2,0.003
check,towel,2,0.003
dry,cloth,2,0.003
check,sauce,2,0.003
check,pork,2,0.003
dry,cucumber,2,0.003
open,chicken,2,0.003
open,coconut,2,0.003
dry,cutlery,2,0.003
let-go,handle,2,0.003
dry,floor,2,0.003
check,plate,2,0.003
check,mixture,2,0.003
dry,lime,2,0.003
open,juice,2,0.003
open,knife,2,0.003
dry,peeler:potato,2,0.003
open,leaf,2,0.003
open,leek,2,0.003
insert,tongs,2,0.003
dry,salami,2,0.003
dry,spinner:salad,2,0.003
insert,tap,2,0.003
check,fridge,2,0.003
lower,hob,2,0.003
open,biscuit,2,0.003
pour,bag,2,0.003
eat,nut,2,0.003
check,bottle,2,0.003
eat,roll,2,0.003
peel,lid,2,0.003
eat,salad,2,0.003
insert,liquid,2,0.003
eat,sausage,2,0.003
eat,scotch:egg,2,0.003
carry,glass,2,0.003
pour,almond,2,0.003
insert,hummus,2,0.003
insert,microwave,2,0.003
carry,bowl,2,0.003
eat,squash,2,0.003
insert,grass:lemon,2,0.003
brush,knife,2,0.003
pour,bin,2,0.003
pour,box,2,0.003
eat,tablet,2,0.003
pour,caper,2,0.003
brush,dough,2,0.003
empty,container,2,0.003
check,box,2,0.003
eat,mushroom,2,0.003
check,food,2,0.003
pat,ladle,2,0.003
check,egg,2,0.003
check,drawer,2,0.003
pat,food,2,0.003
check,dough,2,0.003
insert,pea,2,0.003
insert,paprika,2,0.003
insert,pancake,2,0.003
pat,grater,2,0.003
eat,courgette,2,0.003
pat,knife,2,0.003
check,cupboard,2,0.003
eat,curry,2,0.003
pat,meat,2,0.003
insert,napkin,2,0.003
insert,mint,2,0.003
check,cover,2,0.003
pat,rice,2,0.003
check,cooker:slow,2,0.003
pat,sponge,2,0.003
pat,tofu,2,0.003
eat,cream,2,0.003
check,chicken,2,0.003
dry,apple,2,0.003
open,bacon,2,0.003
break,stock,2,0.003
divide,dough,2,0.003
cut,tablet,2,0.003
cook,food,2,0.003
mix,leaf,2,0.003
coat,pot,2,0.003
divide,blender,2,0.003
coat,carrot,2,0.003
mix,omelette,2,0.003
look,pork,2,0.003
mix,salmon,2,0.003
divide,carrot,2,0.003
close,turmeric,2,0.003
cook,meat,2,0.003
mix,spice,2,0.003
mix,squash,2,0.003
mix,thyme,2,0.003
mix,tofu,2,0.003
mix,tomato,2,0.003
move,airer,2,0.003
close,tablet,2,0.003
move,basket,2,0.003
close,sugar,2,0.003
move,book,2,0.003
cut,stick:crab,2,0.003
mix,juice,2,0.003
divide,onion:spring,2,0.003
measure,paste,2,0.003
cut,corn,2,0.003
measure,butter,2,0.003
cut,container,2,0.003
measure,coconut,2,0.003
cut,caper,2,0.003
cut,grass:lemon,2,0.003
cut,board:chopping,2,0.003
crush,tablet,2,0.003
crush,stock,2,0.003
cut,melon,2,0.003
measure,seed,2,0.003
cut,stalk,2,0.003
look,spoon,2,0.003
measure,water,2,0.003
cut,pith,2,0.003
cut,plate,2,0.003
cut,rubbish,2,0.003
mix,cereal,2,0.003
cut,sauce,2,0.003
cook,sausage,2,0.003
mix,cucumber,2,0.003
cook,pasta,2,0.003
close,stock,2,0.003
close,salami,2,0.003
open,backpack,2,0.003
choose,heat,2,0.003
move,oven,2,0.003
close,almond,2,0.003
move,paste,2,0.003
choose,power,2,0.003
move,recipe,2,0.003
move,salami,2,0.003
choose,oven,2,0.003
move,slicer,2,0.003
drop,leek,2,0.003
lift,holder,2,0.003
move,tablet,2,0.003
drop,courgette,2,0.003
move,teapot,2,0.003
drop,pan,2,0.003
choose,egg,2,0.003
move,vinegar,2,0.003
check,wrap,2,0.003
drop,rubbish,2,0.003
check,tuna,2,0.003
move,yeast,2,0.003
open,almond,2,0.003
open,artichoke,2,0.003
drop,dough,2,0.003
move,machine:washing,2,0.003
move,cereal,2,0.003
close,hob,2,0.003
divide,tofu,2,0.003
look,cupboard,2,0.003
drink,beer,2,0.003
close,phone,2,0.003
drink,gin,2,0.003
look,burger,2,0.003
look,bag,2,0.003
move,clip,2,0.003
close,juice,2,0.003
move,computer,2,0.003
move,filter,2,0.003
close,book,2,0.003
move,flour,2,0.003
close,fan:extractor,2,0.003
lock,bowl,2,0.003
close,drink,2,0.003
lift,tray,2,0.003
close,cup,2,0.003
close,cooker:slow,2,0.003
move,juicer,2,0.003
lift,thermometer,2,0.003
close,bowl,2,0.003
pour,chicken,2,0.003
mark,dough,2,0.003
grate,pepper,2,0.003
put,lentil,2,0.003
finish,maker:coffee,2,0.003
add,olive,2,0.003
adjust,meat,2,0.003
adjust,machine:washing,2,0.003
press,rice,2,0.003
fill,bin,2,0.003
adjust,knob,2,0.003
press,salmon,2,0.003
put,ladder,2,0.003
press,biscuit,2,0.003
put,label,2,0.003
put,kiwi,2,0.003
press,toaster,2,0.003
hold,butter,2,0.003
adjust,glove,2,0.003
put,kale,2,0.003
add,oregano,2,0.003
pull,bin,2,0.003
feel,towel,2,0.003
feel,tofu,2,0.003
finish,processor:food,2,0.003
press,oven,2,0.003
flip,plate,2,0.003
press,bowl,2,0.003
add,flour,2,0.003
add,garlic,2,0.003
adjust,rice,2,0.003
hold,juicer,2,0.003
press,cupboard,2,0.003
press,curry,2,0.003
feel,jar,2,0.003
flatten,bottle,2,0.003
feel,lid,2,0.003
press,glass,2,0.003
adjust,pot,2,0.003
press,lid,2,0.003
feel,thermometer,2,0.003
flip,tray,2,0.003
adjust,pan,2,0.003
adjust,fishcakes,2,0.003
fill,tray,2,0.003
fold,towel:kitchen,2,0.003
pull,oven,2,0.003
filter,corn,2,0.003
put,celery,2,0.003
adjust,box,2,0.003
adjust,bowl,2,0.003
add,potato,2,0.003
put,bean:green,2,0.003
gather,parsley,2,0.003
put,bean,2,0.003
add,vegetable,2,0.003
filter,mushroom,2,0.003
filter,oil,2,0.003
gather,broccoli,2,0.003
put,backpack,2,0.003
put,apple,2,0.003
pull,wire,2,0.003
gather,corn,2,0.003
pull,wrap:plastic,2,0.003
add,pepper,2,0.003
adjust,broccoli,2,0.003
fold,wrap:plastic,2,0.003
pull,microwave,2,0.003
adjust,cooker:slow,2,0.003
pull,box,2,0.003
filter,blueberry,2,0.003
filter,broccoli,2,0.003
add,package,2,0.003
put,drink,2,0.003
hang,cover,2,0.003
insert,cumin,2,0.003
filter,colander,2,0.003
put,dishwasher,2,0.003
pull,cup,2,0.003
grate,ginger,2,0.003
put,cumin,2,0.003
put,cork,2,0.003
put,chocolate,2,0.003
adjust,camera,2,0.003
pull,maker:coffee,2,0.003
hold,pork,2,0.003
press,oatmeal,2,0.003
flatten,box,2,0.003
empty,rack:drying,2,0.003
pour,olive,2,0.003
empty,milk,2,0.003
attach,maker:coffee,2,0.003
insert,cherry,2,0.003
attach,cover,2,0.003
attach,cooker:slow,2,0.003
insert,cap,2,0.003
insert,beef,2,0.003
empty,food,2,0.003
insert,bean,2,0.003
pour,sink,2,0.003
flatten,dough,2,0.003
empty,rice,2,0.003
pour,spoon,2,0.003
pour,spreads,2,0.003
pour,syrup,2,0.003
pour,lettuce,2,0.003
pour,jar,2,0.003
insert,aubergine,2,0.003
add,breadcrumb,2,0.003
break,pasta,2,0.003
put,syrup,2,0.003
put,soda,2,0.003
break,onion,2,0.003
put,sheets,2,0.003
pour,cinnamon,2,0.003
break,fish,2,0.003
pour,cream,2,0.003
add,cheese,2,0.003
bend,book,2,0.003
empty,egg,2,0.003
flip,food,2,0.003
pour,extract:vanilla,2,0.003
bake,potato,2,0.003
insert,coconut,2,0.003
pour,ginger,2,0.003
insert,avocado,2,0.003
empty,plug,2,0.003
put,almond,2,0.003
adjust,water,2,0.003
apply,clothes,2,0.003
empty,vegetable,2,0.003
empty,teapot,2,0.003
hold,tofu,2,0.003
feel,board:chopping,2,0.003
put,powder:washing,2,0.003
add,corn,2,0.003
apply,garlic,2,0.003
increase,tap,2,0.003
put,raisin,2,0.003
apply,mixture,2,0.003
hold,sink,2,0.003
apply,plate,2,0.003
pour,tofu,2,0.003
insert,artichoke,2,0.003
adjust,tv,2,0.003
press,battery,2,0.003
filter,tofu,1,0.001
throw,rice,1,0.001
cut,curry,1,0.001
cut,pineapple,1,0.001
take,guard:hand,1,0.001
throw,wrap,1,0.001
transition,alarm,1,0.001
throw,glass,1,0.001
finish,toaster,1,0.001
divide,maker:coffee,1,0.001
throw,rest,1,0.001
throw,grater,1,0.001
divide,pizza,1,0.001
drink,cup,1,0.001
cut,scotch:egg,1,0.001
flatten,container,1,0.001
throw,rubber,1,0.001
cut,fork,1,0.001
drink,squash,1,0.001
filter,squash,1,0.001
transition,box,1,0.001
divide,tomato,1,0.001
transition,bowl,1,0.001
filter,sauce,1,0.001
filter,tomato,1,0.001
drop,board:chopping,1,0.001
throw,coriander,1,0.001
divide,salami,1,0.001
throw,foil,1,0.001
flatten,top,1,0.001
cut,pasta,1,0.001
finish,fridge,1,0.001
throw,ice,1,0.001
cut,hob,1,0.001
finish,salad,1,0.001
finish,chilli,1,0.001
divide,butter,1,0.001
divide,broccoli,1,0.001
throw,oil,1,0.001
divide,box,1,0.001
throw,onion:spring,1,0.001
throw,tap,1,0.001
finish,onion:spring,1,0.001
throw,sugar,1,0.001
throw,peach,1,0.001
throw,stock,1,0.001
throw,squash,1,0.001
cut,wrap,1,0.001
cut,tuna,1,0.001
throw,pan:dust,1,0.001
finish,food,1,0.001
cut,nut,1,0.001
cut,salami,1,0.001
divide,filter,1,0.001
drop,bottle,1,0.001
cut,liquid:washing,1,0.001
cut,seed,1,0.001
throw,pancake,1,0.001
flatten,spatula,1,0.001
flatten,mixture,1,0.001
throw,kale,1,0.001
throw,pot,1,0.001
cut,shrimp,1,0.001
cut,noodle,1,0.001
filter,tray,1,0.001
filter,vegetable,1,0.001
throw,kettle,1,0.001
divide,glove,1,0.001
throw,towel,1,0.001
take,grass:lemon,1,0.001
cut,mint,1,0.001
divide,hob,1,0.001
take,quorn,1,0.001
throw,colander,1,0.001
empty,tea,1,0.001
empty,tofu,1,0.001
take,shrimp,1,0.001
eat,cherry,1,0.001
eat,broccoli,1,0.001
eat,bean:green,1,0.001
feel,bowl,1,0.001
dry,thermometer,1,0.001
dry,teapot,1,0.001
feel,broccoli,1,0.001
feel,cheese,1,0.001
feel,fridge,1,0.001
feel,hob,1,0.001
dry,stand,1,0.001
dry,sponge,1,0.001
dry,sink,1,0.001
dry,scissors,1,0.001
feel,oil,1,0.001
dry,rack:drying,1,0.001
feel,plate,1,0.001
dry,peach,1,0.001
dry,leek,1,0.001
take,syrup,1,0.001
dry,kitchen,1,0.001
dry,jar,1,0.001
dry,holder,1,0.001
eat,chocolate,1,0.001
empty,spice,1,0.001
dry,food,1,0.001
empty,salmon,1,0.001
empty,chicken,1,0.001
take,raspberry,1,0.001
eat,wrap,1,0.001
eat,tuna,1,0.001
empty,cooker:slow,1,0.001
eat,tofu,1,0.001
empty,corn,1,0.001
empty,courgette,1,0.001
empty,cover,1,0.001
empty,dough,1,0.001
take,rosemary,1,0.001
take,rubber,1,0.001
empty,flour,1,0.001
take,plum,1,0.001
eat,rubbish,1,0.001
empty,holder,1,0.001
eat,pea,1,0.001
empty,mushroom,1,0.001
empty,nut,1,0.001
empty,oil,1,0.001
empty,plate,1,0.001
empty,raisin,1,0.001
take,pear,1,0.001
eat,corn,1,0.001
take,sheets,1,0.001
dry,guard:hand,1,0.001
dry,filter,1,0.001
drop,bowl,1,0.001
take,machine:sous:vide,1,0.001
throw,backpack,1,0.001
drop,guard:hand,1,0.001
drop,grater,1,0.001
drop,fishcakes,1,0.001
drop,egg,1,0.001
filter,coriander,1,0.001
drop,container,1,0.001
drop,colander,1,0.001
throw,broccoli,1,0.001
throw,butter,1,0.001
drop,clothes,1,0.001
drop,cheese,1,0.001
filter,grater,1,0.001
drop,can,1,0.001
filter,liquid,1,0.001
throw,cheese,1,0.001
filter,maker:coffee,1,0.001
filter,package,1,0.001
throw,chicken,1,0.001
drop,brush,1,0.001
drop,bread,1,0.001
throw,cloth,1,0.001
filter,parsley,1,0.001
filter,salad,1,0.001
throw,cocktail,1,0.001
throw,aubergine,1,0.001
throw,apron,1,0.001
feel,towel:kitchen,1,0.001
drop,jar,1,0.001
feel,tray,1,0.001
feel,water,1,0.001
dry,cocktail,1,0.001
dry,clip,1,0.001
dry,book,1,0.001
fill,bread,1,0.001
dry,blender,1,0.001
drop,shell:egg,1,0.001
fill,container,1,0.001
drop,salmon,1,0.001
take,tv,1,0.001
fill,liquid,1,0.001
fill,roll,1,0.001
fill,sandwich,1,0.001
fill,squash,1,0.001
drop,roll,1,0.001
drop,rice,1,0.001
drop,paper,1,0.001
drop,oil,1,0.001
drop,napkin,1,0.001
drop,milk,1,0.001
drop,maker:coffee,1,0.001
filter,choi:pak,1,0.001
drop,lid,1,0.001
drop,knife,1,0.001
put,turkey,1,0.001
turn-off,rubbish,1,0.001
cut,cover,1,0.001
attach,wire,1,0.001
attach,juicer,1,0.001
attach,machine:sous:vide,1,0.001
attach,rack:drying,1,0.001
attach,scissors,1,0.001
attach,teapot,1,0.001
attach,toaster,1,0.001
attach,tray,1,0.001
bake,tray,1,0.001
attach,hob,1,0.001
break,biscuit,1,0.001
break,coriander,1,0.001
break,ginger,1,0.001
break,ice,1,0.001
break,leaf,1,0.001
wash,garlic,1,0.001
break,salmon,1,0.001
attach,holder,1,0.001
attach,food,1,0.001
apply,bread,1,0.001
apply,potato,1,0.001
apply,egg,1,0.001
apply,foil,1,0.001
apply,leaf,1,0.001
wash,oregano,1,0.001
apply,liquid,1,0.001
apply,nut,1,0.001
wash,oil,1,0.001
apply,rubbish,1,0.001
attach,container,1,0.001
apply,tofu,1,0.001
wash,milk,1,0.001
apply,vegetable,1,0.001
attach,bottle,1,0.001
attach,breadstick,1,0.001
wash,masher,1,0.001
attach,can,1,0.001
wash,fridge,1,0.001
break,towel,1,0.001
break,towel:kitchen,1,0.001
wash,bread,1,0.001
check,cocktail,1,0.001
check,cucumber,1,0.001
check,cup,1,0.001
wash,cabbage,1,0.001
wash,butter,1,0.001
check,curry,1,0.001
wash,broccoli,1,0.001
check,dishwasher,1,0.001
brush,brush,1,0.001
check,glass,1,0.001
wash,bag,1,0.001
check,jug,1,0.001
wash,asparagus,1,0.001
check,juicer,1,0.001
wait,stock,1,0.001
check,kiwi,1,0.001
check,cherry,1,0.001
check,butter,1,0.001
check,burger,1,0.001
check,bowl,1,0.001
brush,cover,1,0.001
wash,finger:lady,1,0.001
brush,garlic,1,0.001
brush,sink,1,0.001
carry,bag,1,0.001
carry,clothes,1,0.001
carry,food,1,0.001
carry,jug,1,0.001
carry,milk,1,0.001
carry,oil,1,0.001
wash,cork,1,0.001
check,basil,1,0.001
check,blueberry,1,0.001
check,board:chopping,1,0.001
wash,cocktail,1,0.001
apply,cloth,1,0.001
apply,bowl,1,0.001
transition,rice,1,0.001
wrap,coffee,1,0.001
wrap,hand,1,0.001
wrap,glass,1,0.001
wrap,fork,1,0.001
wrap,food,1,0.001
wrap,flour,1,0.001
wrap,curry,1,0.001
add,sausage,1,0.001
wrap,clothes,1,0.001
wrap,lime,1,0.001
wrap,clip,1,0.001
wrap,chicken,1,0.001
add,spreads,1,0.001
wrap,can,1,0.001
wrap,cake,1,0.001
add,tea,1,0.001
add,thyme,1,0.001
add,onion,1,0.001
wrap,maker:coffee,1,0.001
apply,book,1,0.001
wrap,salt,1,0.001
wrap,wrap:plastic,1,0.001
wrap,tray,1,0.001
wrap,top,1,0.001
add,chilli,1,0.001
wrap,squash,1,0.001
wrap,sausage,1,0.001
add,egg,1,0.001
wrap,salad,1,0.001
wrap,milk,1,0.001
wrap,raisin,1,0.001
add,jug,1,0.001
wrap,pasta,1,0.001
add,meat,1,0.001
add,mixture,1,0.001
wrap,onion,1,0.001
wrap,omelette,1,0.001
add,vinegar,1,0.001
add,yoghurt,1,0.001
adjust,book,1,0.001
adjust,potato,1,0.001
adjust,leaf,1,0.001
adjust,leek,1,0.001
adjust,package,1,0.001
wash,seed,1,0.001
adjust,phone,1,0.001
adjust,plate,1,0.001
adjust,pork,1,0.001
wash,recipe,1,0.001
adjust,bread,1,0.001
wash,raspberry,1,0.001
adjust,sandwich,1,0.001
adjust,scale,1,0.001
adjust,straw,1,0.001
adjust,thermometer,1,0.001
wash,plug,1,0.001
adjust,tofu,1,0.001
wash,spinach,1,0.001
adjust,ladle,1,0.001
adjust,juice,1,0.001
wash,stand,1,0.001
water,mat:sushi,1,0.001
wash,whetstone,1,0.001
adjust,chair,1,0.001
adjust,chopstick,1,0.001
wash,vegetable,1,0.001
adjust,coffee,1,0.001
adjust,colander,1,0.001
wash,towel:kitchen,1,0.001
adjust,container,1,0.001
adjust,fan:extractor,1,0.001
wash,tofu,1,0.001
wash,thermometer,1,0.001
adjust,foil,1,0.001
adjust,fork,1,0.001
adjust,handle,1,0.001
check,leaf,1,0.001
wait,pan,1,0.001
wait,oven,1,0.001
turn-down,fan:extractor,1,0.001
turn-off,bread,1,0.001
close,tea,1,0.001
close,teapot,1,0.001
close,toaster,1,0.001
close,tongs,1,0.001
turn-down,knob,1,0.001
close,wine,1,0.001
turn,water,1,0.001
turn-off,cooker:slow,1,0.001
turn,tv,1,0.001
close,wrap:plastic,1,0.001
turn,tongs,1,0.001
turn,tofu,1,0.001
coat,box,1,0.001
turn,spoon,1,0.001
coat,meat,1,0.001
turn-off,coffee,1,0.001
turn-off,dishwasher,1,0.001
wait,onion,1,0.001
close,paper,1,0.001
close,mat,1,0.001
close,mushroom,1,0.001
flip,carrot,1,0.001
close,oatmeal,1,0.001
close,pancake,1,0.001
turn-off,phone,1,0.001
turn-off,pan,1,0.001
close,paprika,1,0.001
close,scale,1,0.001
close,plate,1,0.001
close,plug,1,0.001
turn-off,lid,1,0.001
turn-off,knob,1,0.001
close,processor:food,1,0.001
close,rosemary,1,0.001
close,salad,1,0.001
coat,oil,1,0.001
cook,bowl,1,0.001
turn,plate,1,0.001
turn,chopstick,1,0.001
crush,maker:coffee,1,0.001
turn,cup,1,0.001
crush,milk,1,0.001
crush,package,1,0.001
turn,cooker:slow,1,0.001
crush,pan,1,0.001
turn,cloth,1,0.001
cut,artichoke,1,0.001
turn,pin:rolling,1,0.001
cut,asparagus,1,0.001
turn,butter,1,0.001
cut,bowl,1,0.001
cut,brush,1,0.001
cut,coffee,1,0.001
turn,blender,1,0.001
transition,top,1,0.001
crush,leaf,1,0.001
crush,can,1,0.001
crush,butter,1,0.001
crush,box,1,0.001
cook,kettle,1,0.001
cook,lettuce,1,0.001
cook,oil,1,0.001
turn,package,1,0.001
turn,onion,1,0.001
cook,oven,1,0.001
cook,pan,1,0.001
cook,ring:onion,1,0.001
cook,sprout,1,0.001
crush,biscuit,1,0.001
turn,kettle,1,0.001
turn,jug,1,0.001
turn,jar,1,0.001
turn,hob,1,0.001
turn,heat,1,0.001
close,holder,1,0.001
turn-on,air,1,0.001
turn-on,alarm,1,0.001
unscrew,knife,1,0.001
unwrap,lime,1,0.001
unwrap,dishwasher,1,0.001
unwrap,bowl,1,0.001
unscrew,spreads,1,0.001
unscrew,sauce,1,0.001
unscrew,maker:coffee,1,0.001
check,plug,1,0.001
unscrew,jar,1,0.001
unroll,foil,1,0.001
unscrew,filter,1,0.001
check,sprout,1,0.001
check,tap,1,0.001
check,teapot,1,0.001
check,top,1,0.001
unroll,package,1,0.001
unroll,omelette,1,0.001
unwrap,salad,1,0.001
check,pie,1,0.001
check,paprika,1,0.001
unwrap,towel:kitchen,1,0.001
check,lid,1,0.001
wait,microwave,1,0.001
wait,cover,1,0.001
check,mango,1,0.001
use,tap,1,0.001
check,milk,1,0.001
use,phone,1,0.001
check,mushroom,1,0.001
check,nut,1,0.001
use,cocktail,1,0.001
check,paper,1,0.001
use,chopstick,1,0.001
unwrap,yoghurt,1,0.001
unwrap,wrap:plastic,1,0.001
unwrap,vegetable,1,0.001
unroll,glove,1,0.001
unroll,egg,1,0.001
close,heat,1,0.001
turn-on,knob,1,0.001
turn-on,pan,1,0.001
turn-on,meat,1,0.001
close,blackberry,1,0.001
close,blender,1,0.001
turn-on,machine:sous:vide,1,0.001
turn-on,liquid:washing,1,0.001
close,blueberry,1,0.001
close,burger,1,0.001
check,watch,1,0.001
turn-on,hoover,1,0.001
close,chilli,1,0.001
close,corn,1,0.001
close,door:kitchen,1,0.001
turn-on,coffee,1,0.001
close,garlic,1,0.001
close,glass,1,0.001
turn-on,phone,1,0.001
turn-on,plate,1,0.001
turn-on,plug,1,0.001
choose,pepper,1,0.001
choose,avocado,1,0.001
choose,can,1,0.001
unlock,juicer,1,0.001
unlock,blender,1,0.001
unfreeze,water,1,0.001
unfreeze,corn,1,0.001
choose,garlic,1,0.001
uncover,lid,1,0.001
uncover,bowl,1,0.001
choose,leaf,1,0.001
choose,machine:washing,1,0.001
choose,mat,1,0.001
turn-on,tomato,1,0.001
choose,onion,1,0.001
choose,pear,1,0.001
flip,board:chopping,1,0.001
insert,bar,1,0.001
flip,colander,1,0.001
scrape,cup,1,0.001
open,onion:spring,1,0.001
scrape,leaf,1,0.001
open,oregano,1,0.001
scrape,hummus,1,0.001
open,pancake,1,0.001
scrape,flour,1,0.001
scrape,fish,1,0.001
open,potato,1,0.001
scrape,colander,1,0.001
move,cd,1,0.001
open,raisin,1,0.001
open,raspberry,1,0.001
scrape,chicken,1,0.001
open,rosemary,1,0.001
open,salami,1,0.001
open,salmon,1,0.001
open,sandwich,1,0.001
open,scissors,1,0.001
scrape,liquid,1,0.001
open,mixture,1,0.001
scrape,milk,1,0.001
open,meat,1,0.001
scrape,tofu,1,0.001
open,courgette,1,0.001
scrape,sponge,1,0.001
scrape,spice,1,0.001
open,door:kitchen,1,0.001
scrape,soup,1,0.001
open,fishcakes,1,0.001
scrape,sink,1,0.001
scrape,sausage,1,0.001
scrape,salmon,1,0.001
open,fork,1,0.001
open,ginger,1,0.001
open,grape,1,0.001
open,heat,1,0.001
open,kale,1,0.001
scrape,pea,1,0.001
open,lettuce,1,0.001
scoop,yeast,1,0.001
scoop,water,1,0.001
open,shrimp,1,0.001
pat,pork,1,0.001
pat,tray,1,0.001
peel,can,1,0.001
peel,cheese,1,0.001
peel,foil,1,0.001
peel,grass:lemon,1,0.001
peel,label,1,0.001
scoop,cream,1,0.001
scoop,corn,1,0.001
scoop,coriander,1,0.001
scoop,container,1,0.001
peel,leaf,1,0.001
peel,melon,1,0.001
scoop,chicken,1,0.001
peel,onion:spring,1,0.001
peel,paper,1,0.001
peel,rice,1,0.001
scoop,burger,1,0.001
scoop,lemon,1,0.001
pat,noodle,1,0.001
scoop,tofu,1,0.001
pat,napkin,1,0.001
open,spinach,1,0.001
open,spoon,1,0.001
open,sugar,1,0.001
open,thyme,1,0.001
open,tongs,1,0.001
open,turmeric,1,0.001
pat,burger,1,0.001
pat,cheese,1,0.001
pat,fish,1,0.001
pat,fridge,1,0.001
scoop,potato,1,0.001
scoop,pork,1,0.001
scoop,pepper,1,0.001
pat,glass,1,0.001
pat,holder,1,0.001
scoop,oregano,1,0.001
pat,lid,1,0.001
open,cake,1,0.001
open,book,1,0.001
open,blueberry,1,0.001
search,towel,1,0.001
search,shell:egg,1,0.001
search,scissors,1,0.001
search,scale,1,0.001
search,salt,1,0.001
search,rice,1,0.001
move,funnel,1,0.001
search,pestle,1,0.001
search,peeler:potato,1,0.001
search,paprika,1,0.001
search,package,1,0.001
move,garlic,1,0.001
move,kale,1,0.001
search,mixture,1,0.001
search,light,1,0.001
search,ladle,1,0.001
move,ladle,1,0.001
search,kiwi,1,0.001
search,tea,1,0.001
move,drawer,1,0.001
search,hand,1,0.001
search,yoghurt,1,0.001
set,filter,1,0.001
serve,soup,1,0.001
serve,rice,1,0.001
serve,plate,1,0.001
serve,pasta,1,0.001
move,cherry,1,0.001
serve,milk,1,0.001
move,chilli,1,0.001
move,chocolate,1,0.001
serve,coffee,1,0.001
serve,biscuit,1,0.001
season,tuna,1,0.001
season,tea,1,0.001
season,rubbish,1,0.001
season,pasta,1,0.001
move,cocktail,1,0.001
season,avocado,1,0.001
search,hob,1,0.001
move,lime,1,0.001
screw,bag,1,0.001
move,strawberry,1,0.001
scrub,maker:coffee,1,0.001
move,top,1,0.001
scrub,jug,1,0.001
scrub,guard:hand,1,0.001
scrub,grater,1,0.001
move,tuna,1,0.001
move,wine,1,0.001
move,wrap:plastic,1,0.001
scrub,container,1,0.001
open,avocado,1,0.001
screw,pot,1,0.001
open,battery,1,0.001
open,blackberry,1,0.001
screw,cloth,1,0.001
open,blender,1,0.001
screw,bowl,1,0.001
screw,bottle,1,0.001
move,sugar,1,0.001
move,stock,1,0.001
search,flour,1,0.001
scrub,rest,1,0.001
move,milk,1,0.001
move,opener:bottle,1,0.001
search,cucumber,1,0.001
search,container,1,0.001
search,coconut,1,0.001
move,pen,1,0.001
move,pie,1,0.001
move,pork,1,0.001
move,presser,1,0.001
search,board:chopping,1,0.001
move,sheets,1,0.001
move,shelf,1,0.001
move,shrimp,1,0.001
move,spinner:salad,1,0.001
scrub,slicer,1,0.001
move,stand,1,0.001
scrub,scissors,1,0.001
pour,aubergine,1,0.001
pour,bean:green,1,0.001
rub,water,1,0.001
pull,coffee,1,0.001
pull,cucumber,1,0.001
pull,foil,1,0.001
pull,garlic,1,0.001
pull,jug,1,0.001
pull,label,1,0.001
pull,mixture,1,0.001
pull,pan,1,0.001
pull,peeler:potato,1,0.001
pull,pot,1,0.001
pull,sausage,1,0.001
pull,scissors,1,0.001
pull,shell:egg,1,0.001
pull,spoon,1,0.001
remove,flour,1,0.001
remove,floor,1,0.001
remove,fishcakes,1,0.001
pull,stand,1,0.001
pull,container,1,0.001
pull,clothes,1,0.001
pull,tuna,1,0.001
pull,chair,1,0.001
press,paste,1,0.001
press,pot,1,0.001
remove,oregano,1,0.001
remove,opener:bottle,1,0.001
remove,onion:spring,1,0.001
press,sandwich,1,0.001
remove,oatmeal,1,0.001
press,towel:kitchen,1,0.001
press,tray,1,0.001
press,wrap,1,0.001
pull,bag,1,0.001
pull,beef,1,0.001
remove,mat,1,0.001
remove,machine:washing,1,0.001
pull,bowl,1,0.001
remove,light,1,0.001
pull,broccoli,1,0.001
pull,tomato,1,0.001
remove,dishwasher,1,0.001
remove,paprika,1,0.001
put,mint,1,0.001
remove,blender,1,0.001
put,pear,1,0.001
put,pen,1,0.001
remove,bean:green,1,0.001
put,pestle,1,0.001
put,pineapple,1,0.001
put,plum,1,0.001
remove,aubergine,1,0.001
put,quorn,1,0.001
remove,apple,1,0.001
put,recipe,1,0.001
put,ring:onion,1,0.001
put,rosemary,1,0.001
put,rubber,1,0.001
put,wine,1,0.001
put,scotch:egg,1,0.001
put,sprout,1,0.001
put,pea,1,0.001
put,melon,1,0.001
remove,cupboard,1,0.001
put,masher,1,0.001
put,bar,1,0.001
put,basil,1,0.001
put,cabbage,1,0.001
put,candle,1,0.001
put,chair,1,0.001
remove,cocktail,1,0.001
remove,choi:pak,1,0.001
put,dumpling,1,0.001
put,floor,1,0.001
remove,cherry,1,0.001
put,freezer,1,0.001
put,guard:hand,1,0.001
put,heater,1,0.001
put,light,1,0.001
remove,breadstick,1,0.001
put,machine:sous:vide,1,0.001
put,machine:washing,1,0.001
press,pasta,1,0.001
press,parsley,1,0.001
rub,towel:kitchen,1,0.001
roll,knife,1,0.001
roll,chopstick,1,0.001
roll,carrot,1,0.001
pour,fishcakes,1,0.001
pour,gin,1,0.001
pour,grass:lemon,1,0.001
rip,sponge,1,0.001
pour,lemon,1,0.001
rip,pork,1,0.001
pour,omelette,1,0.001
pour,onion:spring,1,0.001
rip,dough,1,0.001
pour,pan:dust,1,0.001
pour,paprika,1,0.001
pour,parsley,1,0.001
pour,powder:washing,1,0.001
pour,raspberry,1,0.001
remove,yeast,1,0.001
pour,curry,1,0.001
pour,corn,1,0.001
pour,sausage,1,0.001
roll,omelette,1,0.001
pour,beer,1,0.001
rub,spatula,1,0.001
rub,recipe,1,0.001
pour,butter,1,0.001
rub,lid,1,0.001
rub,leaf,1,0.001
pour,carrot,1,0.001
pour,celery,1,0.001
pour,cherry,1,0.001
rub,face,1,0.001
rub,cooker:slow,1,0.001
rub,choi:pak,1,0.001
rub,board:chopping,1,0.001
roll,wrap:plastic,1,0.001
roll,wrap,1,0.001
roll,tray,1,0.001
pour,chocolate,1,0.001
pour,rubbish,1,0.001
pour,seed,1,0.001
press,package,1,0.001
remove,sponge,1,0.001
press,alarm,1,0.001
remove,shell:egg,1,0.001
remove,shelf,1,0.001
remove,scissors,1,0.001
press,bread,1,0.001
press,broccoli,1,0.001
press,carrot,1,0.001
press,chicken,1,0.001
press,chopstick,1,0.001
press,coriander,1,0.001
press,food,1,0.001
remove,raisin,1,0.001
press,jug,1,0.001
press,leek,1,0.001
press,omelette,1,0.001
press,onion,1,0.001
remove,phone,1,0.001
remove,spinach,1,0.001
press,air,1,0.001
remove,wine,1,0.001
prepare,tomato,1,0.001
remove,whisk,1,0.001
remove,whetstone,1,0.001
remove,watch,1,0.001
add,banana,1,0.001
remove,towel,1,0.001
pour,tea,1,0.001
pour,towel,1,0.001
remove,toaster,1,0.001
remove,thermometer,1,0.001
pour,towel:kitchen,1,0.001
prepare,box,1,0.001
remove,sugar,1,0.001
remove,straw,1,0.001
prepare,coffee,1,0.001
remove,stick:crab,1,0.001
prepare,foil,1,0.001
remove,sprout,1,0.001
set,heat,1,0.001
set,knob,1,0.001
flip,cooker:slow,1,0.001
insert,ring:onion,1,0.001
insert,mat:sushi,1,0.001
squeeze,napkin,1,0.001
squeeze,mixture,1,0.001
squeeze,mat:sushi,1,0.001
squeeze,liquid,1,0.001
insert,opener:bottle,1,0.001
insert,oven,1,0.001
insert,phone,1,0.001
insert,roll,1,0.001
move,brush,1,0.001
insert,seed,1,0.001
insert,shelf,1,0.001
squeeze,caper,1,0.001
squeeze,can,1,0.001
squeeze,butter,1,0.001
squeeze,bread,1,0.001
insert,spinner:salad,1,0.001
sprinkle,tuna,1,0.001
insert,mango,1,0.001
squeeze,pasta,1,0.001
insert,machine:sous:vide,1,0.001
squeeze,pepper,1,0.001
insert,cooker:slow,1,0.001
stab,meat,1,0.001
stab,hand,1,0.001
stab,egg,1,0.001
insert,cutter:pizza,1,0.001
squeeze,wrap:plastic,1,0.001
squeeze,wrap,1,0.001
insert,dumpling,1,0.001
squeeze,tuna,1,0.001
insert,fruit,1,0.001
insert,funnel,1,0.001
squeeze,tomato,1,0.001
squeeze,spoon,1,0.001
insert,juice,1,0.001
insert,kale,1,0.001
squeeze,salt,1,0.001
squeeze,rice,1,0.001
sprinkle,towel,1,0.001
sprinkle,stock,1,0.001
sprinkle,sauce,1,0.001
lift,bag,1,0.001
lift,bottle,1,0.001
sort,towel,1,0.001
lift,box,1,0.001
sort,tofu,1,0.001
sort,tap,1,0.001
sort,spoon,1,0.001
lift,bread,1,0.001
sort,sandwich,1,0.001
lift,cake,1,0.001
lift,cheese,1,0.001
lift,cover,1,0.001
sort,pizza,1,0.001
sort,pepper,1,0.001
lift,dishwasher,1,0.001
lift,jar,1,0.001
lift,mixture,1,0.001
sort,meat,1,0.001
lift,bin,1,0.001
let-go,spoon,1,0.001
insert,thyme,1,0.001
let-go,sponge,1,0.001
sprinkle,rosemary,1,0.001
insert,top,1,0.001
insert,turmeric,1,0.001
insert,wall,1,0.001
sprinkle,olive,1,0.001
insert,wire,1,0.001
knead,bowl,1,0.001
knead,hand,1,0.001
sprinkle,cover,1,0.001
knead,paste,1,0.001
sprinkle,coriander,1,0.001
sprinkle,coconut,1,0.001
let-go,dough,1,0.001
sprinkle,basil,1,0.001
let-go,paper,1,0.001
let-go,pot,1,0.001
spray,oil,1,0.001
stab,sink,1,0.001
stab,wrap:plastic,1,0.001
insert,cocktail,1,0.001
form,juicer,1,0.001
gather,board:chopping,1,0.001
gather,cabbage,1,0.001
gather,egg,1,0.001
gather,fish,1,0.001
gather,flour,1,0.001
gather,garlic,1,0.001
gather,liquid:washing,1,0.001
gather,meat,1,0.001
gather,mixture,1,0.001
gather,potato,1,0.001
gather,seed,1,0.001
gather,spoon,1,0.001
gather,tomato,1,0.001
grate,pasta,1,0.001
take,cherry,1,0.001
hang,hand,1,0.001
take,chair,1,0.001
form,wrap:plastic,1,0.001
form,bowl,1,0.001
hang,spatula,1,0.001
fold,yeast,1,0.001
flip,cover,1,0.001
flip,fridge,1,0.001
flip,glove,1,0.001
flip,lid,1,0.001
flip,oatmeal,1,0.001
flip,package,1,0.001
flip,pancake,1,0.001
flip,pizza,1,0.001
flip,recipe,1,0.001
flip,tongs,1,0.001
fold,bar,1,0.001
fold,board:chopping,1,0.001
fold,book,1,0.001
take,dishwasher,1,0.001
fold,bread,1,0.001
fold,napkin,1,0.001
fold,salami,1,0.001
hang,pot,1,0.001
hang,sponge,1,0.001
insert,clip,1,0.001
hold,tap,1,0.001
hold,towel,1,0.001
hold,wrap,1,0.001
increase,water,1,0.001
insert,apple,1,0.001
insert,asparagus,1,0.001
insert,banana,1,0.001
put,toaster,1,0.001
insert,basket,1,0.001
insert,breadcrumb,1,0.001
insert,caper,1,0.001
insert,cellar:salt,1,0.001
switch,dough,1,0.001
switch,cupboard,1,0.001
switch,bag,1,0.001
stretch,towel,1,0.001
insert,cinnamon,1,0.001
stretch,hand,1,0.001
hold,tomato,1,0.001
hold,presser,1,0.001
take,cd,1,0.001
hold,package,1,0.001
hold,bag,1,0.001
hold,blender,1,0.001
take,candle,1,0.001
hold,cap,1,0.001
hold,carrot,1,0.001
take,cabbage,1,0.001
hold,chicken,1,0.001
hold,colander,1,0.001
hold,cucumber,1,0.001
hold,egg,1,0.001
hold,glove,1,0.001
hold,hand,1,0.001
hold,jar,1,0.001
hold,jug,1,0.001
hold,knife,1,0.001
hold,oil,1,0.001
hold,oven,1,0.001
lift,rack:drying,1,0.001
sort,maker:coffee,1,0.001
sort,lime,1,0.001
shake,slicer,1,0.001
shake,scissors,1,0.001
measure,onion,1,0.001
measure,pan,1,0.001
measure,paprika,1,0.001
shake,salad,1,0.001
shake,rubbish,1,0.001
measure,pasta,1,0.001
shake,rack:drying,1,0.001
measure,sauce,1,0.001
measure,thyme,1,0.001
shake,pepper,1,0.001
shake,peeler:potato,1,0.001
measure,wine,1,0.001
mix,blueberry,1,0.001
mix,bread,1,0.001
shake,opener:bottle,1,0.001
mix,breadcrumb,1,0.001
shake,shrimp,1,0.001
measure,nut,1,0.001
mix,cinnamon,1,0.001
shake,spinner:salad,1,0.001
slide,garlic,1,0.001
slide,drawer,1,0.001
look,top,1,0.001
slide,dishwasher,1,0.001
slide,cucumber,1,0.001
look,water,1,0.001
lower,lid,1,0.001
mark,tray,1,0.001
measure,breadcrumb,1,0.001
measure,chilli,1,0.001
measure,dough,1,0.001
measure,flour,1,0.001
measure,ginger,1,0.001
shake,thermometer,1,0.001
shake,straw,1,0.001
shake,stand,1,0.001
measure,heat,1,0.001
mix,cherry,1,0.001
mix,coriander,1,0.001
slide,knife,1,0.001
mix,onion:spring,1,0.001
shake,coriander,1,0.001
mix,pepper,1,0.001
mix,pot,1,0.001
mix,sausage,1,0.001
shake,chopstick,1,0.001
mix,shrimp,1,0.001
shake,cheese,1,0.001
shake,caper,1,0.001
shake,brush,1,0.001
mix,spinach,1,0.001
mix,tuna,1,0.001
shake,apple,1,0.001
move,bar,1,0.001
set,tv,1,0.001
move,battery,1,0.001
move,blueberry,1,0.001
move,broccoli,1,0.001
shake,corn,1,0.001
shake,cucumber,1,0.001
mix,corn,1,0.001
mix,maker:coffee,1,0.001
shake,liquid,1,0.001
mix,drink,1,0.001
mix,dumpling,1,0.001
mix,fridge,1,0.001
shake,jug,1,0.001
mix,ginger,1,0.001
mix,heat,1,0.001
shake,grater,1,0.001
shake,glove,1,0.001
mix,knife,1,0.001
shake,fork,1,0.001
shake,food,1,0.001
shake,fish,1,0.001
mix,leek,1,0.001
mix,liquid,1,0.001
shake,dough,1,0.001
shake,cutlery,1,0.001
slide,kettle,1,0.001
slide,milk,1,0.001
lift,recipe,1,0.001
sort,chopstick,1,0.001
look,cabbage,1,0.001
look,can,1,0.001
sort,bottle,1,0.001
look,carrot,1,0.001
sort,bin,1,0.001
sort,bean:green,1,0.001
look,cup,1,0.001
look,dough,1,0.001
look,drawer,1,0.001
look,floor,1,0.001
look,fridge,1,0.001
look,hand,1,0.001
look,hob,1,0.001
look,kettle,1,0.001
soak,peeler:potato,1,0.001
look,meat,1,0.001
soak,masher,1,0.001
sort,carrot,1,0.001
sort,coffee,1,0.001
look,oven,1,0.001
sort,coriander,1,0.001
sort,leaf,1,0.001
sort,kiwi,1,0.001
sort,kitchen,1,0.001
sort,kettle,1,0.001
sort,jug,1,0.001
sort,jar,1,0.001
sort,glove,1,0.001
lift,spoon,1,0.001
sort,garlic,1,0.001
sort,fridge,1,0.001
sort,fork,1,0.001
lift,tofu,1,0.001
sort,drawer,1,0.001
sort,cupboard,1,0.001
lock,container,1,0.001
lock,filter,1,0.001
lock,lid,1,0.001
soak,lid,1,0.001
look,pan,1,0.001
slide,nut,1,0.001
smell,glove,1,0.001
smell,dough,1,0.001
smell,cup,1,0.001
smell,cream,1,0.001
smell,cereal,1,0.001
smell,candle,1,0.001
look,spice,1,0.001
smell,box,1,0.001
smell,bottle,1,0.001
look,sponge,1,0.001
slide,skin,1,0.001
slide,potato,1,0.001
slide,plate,1,0.001
slide,pepper,1,0.001
slide,paper,1,0.001
slide,pan,1,0.001
slide,onion,1,0.001
slide,omelette,1,0.001
smell,face,1,0.001
smell,hand,1,0.001
soak,grater,1,0.001
smell,hummus,1,0.001
soak,glass,1,0.001
look,paper,1,0.001
soak,cheese,1,0.001
soak,cereal,1,0.001
look,pepper,1,0.001
soak,box,1,0.001
look,phone,1,0.001
soak,bag,1,0.001
smell,yoghurt,1,0.001
smell,water,1,0.001
look,powder:washing,1,0.001
smell,tea,1,0.001
look,salad,1,0.001
smell,oil,1,0.001
smell,noodle,1,0.001
look,sauce,1,0.001
smell,leaf,1,0.001
wrap,yoghurt,1,0.001
