experiment_id,experiment_name,subaction_index,narration_id,narration,verb,noun,all_nouns,frames_1_based,subaction_new_contact_count,candidates,cell2_pass,ref_found,homography_available,geometry_pass,heatmap_pass,final_samples,best_frame_0_based,best_ref_idx,best_score,best_sample_dir,best_episode_contact_start_frame_0_based,best_candidate_frame_offset_from_episode_start,main_failure,episode_decision,episode_final_label,episode_id,episode_reason
E13,E13_engineered_homography_projection,0,P01_109_0,grab rucksack,grab,rucksack,['rucksack'],79-126,3,7,6,3,3,3,3,3,90.0,87.0,7.9754545454545465,/Users/huhu/Documents/Code/bishe/vrb/vrbreproduction/outputs/e13_engineered_homography_100subaction/experiments/E13/pipeline_outputs/subaction_00_P01_109_0/episode_01_left/frame_000090_left,88.0,2.0,no_pre_episode_reference_window,new_contact_episode,new_contact_episode,,smoothed_contact_run_start_within_subaction
E13,E13_engineered_homography_projection,1,P01_109_1,open rucksack,open,rucksack,['rucksack'],153-226,8,20,19,9,9,8,8,8,177.0,174.0,7.624285714285715,/Users/huhu/Documents/Code/bishe/vrb/vrbreproduction/outputs/e13_engineered_homography_100subaction/experiments/E13/pipeline_outputs/subaction_01_P01_109_1/episode_04_left/frame_000177_left,175.0,2.0,no_pre_episode_reference_window,new_contact_episode,new_contact_episode,,smoothed_contact_run_start_within_subaction
E13,E13_engineered_homography_projection,2,P01_109_2,pick up eggs,pick-up,egg,['egg'],252-319,1,3,0,0,0,0,0,0,,,,,,,contact_points_lt5_after_object_boundary_filter,new_contact_episode,new_contact_episode,,smoothed_contact_run_start_within_subaction
E13,E13_engineered_homography_projection,3,P01_109_3,put down eggs,put-down,egg,['egg'],319-374,3,9,9,6,6,2,2,2,370.0,368.0,8.328292682926831,/Users/huhu/Documents/Code/bishe/vrb/vrbreproduction/outputs/e13_engineered_homography_100subaction/experiments/E13/pipeline_outputs/subaction_03_P01_109_3/episode_02_left/frame_000370_left,369.0,1.0,no_reference_object_bbox,new_contact_episode,new_contact_episode,,smoothed_contact_run_start_within_subaction
E13,E13_engineered_homography_projection,4,P01_109_4,pick up onion and potato,pick-up,onion,"['onion', 'potato']",424-475,0,1,0,0,0,0,0,0,,,,,,,continuation_contact_run,continuation_contact_run,continuation_contact_run,,contact_present_but_run_started_before_subaction
E13,E13_engineered_homography_projection,5,P01_109_5,put down onion and potato,put-down,onion,"['onion', 'potato']",480-523,0,1,0,0,0,0,0,0,,,,,,,continuation_contact_run,continuation_contact_run,continuation_contact_run,,contact_present_but_run_started_before_subaction
E13,E13_engineered_homography_projection,6,P01_109_8,pick up potato,pick-up,potato,['potato'],500-622,2,6,6,3,3,0,0,0,,,,,,,no_reference_object_bbox,new_contact_episode,new_contact_episode,,smoothed_contact_run_start_within_subaction
E13,E13_engineered_homography_projection,7,P01_109_6,pick up potatoes,pick-up,potato,['potato'],543-579,0,1,0,0,0,0,0,0,,,,,,,continuation_contact_run,continuation_contact_run,continuation_contact_run,,contact_present_but_run_started_before_subaction
E13,E13_engineered_homography_projection,8,P01_109_7,put down potatoes,put-down,potato,['potato'],550-734,9,21,19,5,5,2,2,2,720.0,719.0,6.147777777777778,/Users/huhu/Documents/Code/bishe/vrb/vrbreproduction/outputs/e13_engineered_homography_100subaction/experiments/E13/pipeline_outputs/subaction_08_P01_109_7/episode_09_left/frame_000720_left,720.0,0.0,no_pre_episode_reference_window,new_contact_episode,new_contact_episode,,smoothed_contact_run_start_within_subaction
E13,E13_engineered_homography_projection,9,P01_109_9,put down potato,put-down,potato,['potato'],625-752,11,27,23,9,9,6,6,6,735.0,733.0,7.6454545454545455,/Users/huhu/Documents/Code/bishe/vrb/vrbreproduction/outputs/e13_engineered_homography_100subaction/experiments/E13/pipeline_outputs/subaction_09_P01_109_9/episode_11_right/frame_000735_right,734.0,1.0,no_pre_episode_reference_window,new_contact_episode,new_contact_episode,,smoothed_contact_run_start_within_subaction
E13,E13_engineered_homography_projection,10,P01_109_10,pick up beers,pick-up,beer,['beer'],738-845,3,9,4,1,1,0,0,0,,,,,,,contact_points_lt5_after_object_boundary_filter,new_contact_episode,new_contact_episode,,smoothed_contact_run_start_within_subaction
E13,E13_engineered_homography_projection,11,P01_109_11,open freezer,open,freezer,['freezer'],876-1022,2,6,0,0,0,0,0,0,,,,,,,missing_hand_or_object_bbox,new_contact_episode,new_contact_episode,,smoothed_contact_run_start_within_subaction
E13,E13_engineered_homography_projection,12,P01_109_12,open drawer,open,drawer,['drawer'],1045-1123,1,3,3,0,0,0,0,0,,,,,,,no_pre_episode_reference_window,new_contact_episode,new_contact_episode,,smoothed_contact_run_start_within_subaction
E13,E13_engineered_homography_projection,13,P01_109_13,put beer into drawer,put-into,beer,"['beer', 'drawer']",1139-1353,14,36,22,13,13,7,7,7,1271.0,1270.0,8.280340136054422,/Users/huhu/Documents/Code/bishe/vrb/vrbreproduction/outputs/e13_engineered_homography_100subaction/experiments/E13/pipeline_outputs/subaction_13_P01_109_13/episode_07_right/frame_001271_right,1271.0,0.0,no_pre_episode_reference_window,new_contact_episode,new_contact_episode,,smoothed_contact_run_start_within_subaction
E13,E13_engineered_homography_projection,14,P01_109_14,put beer into drawer,put-into,beer,"['beer', 'drawer']",1230-1283,4,12,8,5,5,4,4,4,1271.0,1270.0,8.280340136054422,/Users/huhu/Documents/Code/bishe/vrb/vrbreproduction/outputs/e13_engineered_homography_100subaction/experiments/E13/pipeline_outputs/subaction_14_P01_109_14/episode_04_right/frame_001271_right,1271.0,0.0,no_pre_episode_reference_window,new_contact_episode,new_contact_episode,,smoothed_contact_run_start_within_subaction
E13,E13_engineered_homography_projection,15,P01_109_15,put beer into drawer,put-into,beer,"['beer', 'drawer']",1298-1335,0,1,0,0,0,0,0,0,,,,,,,continuation_contact_run,continuation_contact_run,continuation_contact_run,,contact_present_but_run_started_before_subaction
E13,E13_engineered_homography_projection,16,P01_109_16,close drawer,close,drawer,['drawer'],1345-1401,9,21,20,10,10,9,9,9,1390.0,1389.0,8.56380281690141,/Users/huhu/Documents/Code/bishe/vrb/vrbreproduction/outputs/e13_engineered_homography_100subaction/experiments/E13/pipeline_outputs/subaction_16_P01_109_16/episode_09_right/frame_001390_right,1390.0,0.0,no_pre_episode_reference_window,new_contact_episode,new_contact_episode,,smoothed_contact_run_start_within_subaction
E13,E13_engineered_homography_projection,17,P01_109_17,close freezer,close,freezer,['freezer'],1419-1464,1,3,3,3,3,3,3,3,1422.0,1421.0,7.127171717171717,/Users/huhu/Documents/Code/bishe/vrb/vrbreproduction/outputs/e13_engineered_homography_100subaction/experiments/E13/pipeline_outputs/subaction_17_P01_109_17/episode_01_left/frame_001422_left,1422.0,0.0,,new_contact_episode,new_contact_episode,,smoothed_contact_run_start_within_subaction
E13,E13_engineered_homography_projection,18,P01_109_18,pick up rucksack,pick-up,rucksack,['rucksack'],1485-1527,4,8,7,7,7,7,7,7,1497.0,1495.0,9.75925925925926,/Users/huhu/Documents/Code/bishe/vrb/vrbreproduction/outputs/e13_engineered_homography_100subaction/experiments/E13/pipeline_outputs/subaction_18_P01_109_18/episode_01_right/frame_001497_right,1496.0,1.0,missing_hand_or_object_bbox,new_contact_episode,new_contact_episode,,smoothed_contact_run_start_within_subaction
E13,E13_engineered_homography_projection,19,P01_109_19,put down rucksack,put-down,rucksack,['rucksack'],1657-1698,0,1,0,0,0,0,0,0,,,,,,,continuation_contact_run,continuation_contact_run,continuation_contact_run,,contact_present_but_run_started_before_subaction
E13,E13_engineered_homography_projection,20,P01_109_20,close door,close,door,['door'],1812-1946,7,17,11,11,11,8,8,8,1829.0,1826.0,10.092178217821782,/Users/huhu/Documents/Code/bishe/vrb/vrbreproduction/outputs/e13_engineered_homography_100subaction/experiments/E13/pipeline_outputs/subaction_20_P01_109_20/episode_01_left/frame_001829_left,1827.0,2.0,missing_hand_or_object_bbox,new_contact_episode,new_contact_episode,,smoothed_contact_run_start_within_subaction
E13,E13_engineered_homography_projection,21,P01_109_21,pick up cup,pick-up,cup,['cup'],2084-2120,2,6,1,1,1,0,0,0,,,,,,,missing_hand_or_object_bbox,new_contact_episode,new_contact_episode,,smoothed_contact_run_start_within_subaction
E13,E13_engineered_homography_projection,22,P01_109_22,put down cup,put-down,cup,['cup'],2132-2193,2,6,5,5,5,3,3,3,2142.0,2141.0,9.753462897526502,/Users/huhu/Documents/Code/bishe/vrb/vrbreproduction/outputs/e13_engineered_homography_100subaction/experiments/E13/pipeline_outputs/subaction_22_P01_109_22/episode_01_right/frame_002142_right,2142.0,0.0,no_reference_object_bbox,new_contact_episode,new_contact_episode,,smoothed_contact_run_start_within_subaction
E13,E13_engineered_homography_projection,23,P01_109_23,pick up spoon,pick-up,spoon,['spoon'],2206-2236,1,3,2,2,2,0,0,0,,,,,,,no_reference_object_bbox,new_contact_episode,new_contact_episode,,smoothed_contact_run_start_within_subaction
E13,E13_engineered_homography_projection,24,P01_109_24,open drawer,open,drawer,['drawer'],2269-2332,1,3,3,3,3,0,0,0,,,,,,,no_reference_object_bbox,new_contact_episode,new_contact_episode,,smoothed_contact_run_start_within_subaction
E13,E13_engineered_homography_projection,25,P01_109_25,put spoon into drawer,put-into,spoon,"['spoon', 'drawer']",2336-2378,4,8,8,0,0,0,0,0,,,,,,,no_pre_episode_reference_window,new_contact_episode,new_contact_episode,,smoothed_contact_run_start_within_subaction
E13,E13_engineered_homography_projection,26,P01_109_26,close drawer,close,drawer,['drawer'],2377-2410,0,1,0,0,0,0,0,0,,,,,,,no_smoothed_contact_in_subaction,no_contact_candidate,no_contact_candidate,,no_smoothed_contact_in_subaction
E13,E13_engineered_homography_projection,27,P01_109_27,pour hand wash,pour,wash:hand,['wash:hand'],2466-2505,3,9,6,6,6,2,2,2,2478.0,2475.0,5.58767441860465,/Users/huhu/Documents/Code/bishe/vrb/vrbreproduction/outputs/e13_engineered_homography_100subaction/experiments/E13/pipeline_outputs/subaction_27_P01_109_27/episode_02_right/frame_002478_right,2476.0,2.0,no_reference_object_bbox,new_contact_episode,new_contact_episode,,smoothed_contact_run_start_within_subaction
E13,E13_engineered_homography_projection,28,P01_109_28,wash hands,wash,hand,['hand'],2478-2540,2,5,1,1,1,0,0,0,,,,,,,missing_hand_or_object_bbox,new_contact_episode,new_contact_episode,,smoothed_contact_run_start_within_subaction
E13,E13_engineered_homography_projection,29,P01_109_29,turn on tap,turn-on,tap,['tap'],2545-2575,3,7,6,4,4,4,4,4,2573.0,2572.0,5.496666666666667,/Users/huhu/Documents/Code/bishe/vrb/vrbreproduction/outputs/e13_engineered_homography_100subaction/experiments/E13/pipeline_outputs/subaction_29_P01_109_29/episode_03_right/frame_002573_right,2573.0,0.0,no_pre_episode_reference_window,new_contact_episode,new_contact_episode,,smoothed_contact_run_start_within_subaction
E13,E13_engineered_homography_projection,30,P01_109_30,rinse hands,rinse,hand,['hand'],2579-2963,25,68,56,36,36,31,31,31,2749.0,2748.0,7.082340425531916,/Users/huhu/Documents/Code/bishe/vrb/vrbreproduction/outputs/e13_engineered_homography_100subaction/experiments/E13/pipeline_outputs/subaction_30_P01_109_30/episode_05_left/frame_002749_left,2749.0,0.0,no_pre_episode_reference_window,new_contact_episode,new_contact_episode,,smoothed_contact_run_start_within_subaction
E13,E13_engineered_homography_projection,31,P01_109_31,turn off tap,turn-off,tap,['tap'],2967-2989,2,6,5,5,5,2,2,2,2968.0,2967.0,5.274768683274022,/Users/huhu/Documents/Code/bishe/vrb/vrbreproduction/outputs/e13_engineered_homography_100subaction/experiments/E13/pipeline_outputs/subaction_31_P01_109_31/episode_01_left/frame_002968_left,2968.0,0.0,projected_contact_too_far_from_reference_object_mask,new_contact_episode,new_contact_episode,,smoothed_contact_run_start_within_subaction
E13,E13_engineered_homography_projection,32,P01_109_32,shake hands,shake,hand,['hand'],3001-3072,3,8,3,3,3,1,1,1,3009.0,3008.0,7.246666666666667,/Users/huhu/Documents/Code/bishe/vrb/vrbreproduction/outputs/e13_engineered_homography_100subaction/experiments/E13/pipeline_outputs/subaction_32_P01_109_32/episode_01_left/frame_003009_left,3009.0,0.0,missing_hand_or_object_bbox,new_contact_episode,new_contact_episode,,smoothed_contact_run_start_within_subaction
E13,E13_engineered_homography_projection,33,P01_109_33,pick up cloth,pick-up,cloth,['cloth'],3084-3140,3,9,7,7,7,3,3,3,3088.0,3087.0,5.822321981424149,/Users/huhu/Documents/Code/bishe/vrb/vrbreproduction/outputs/e13_engineered_homography_100subaction/experiments/E13/pipeline_outputs/subaction_33_P01_109_33/episode_01_left/frame_003088_left,3088.0,0.0,missing_hand_or_object_bbox,new_contact_episode,new_contact_episode,,smoothed_contact_run_start_within_subaction
E13,E13_engineered_homography_projection,34,P01_109_34,dry hands,dry,hand,['hand'],3094-3349,21,49,40,34,34,21,21,21,3176.0,3174.0,16.25,/Users/huhu/Documents/Code/bishe/vrb/vrbreproduction/outputs/e13_engineered_homography_100subaction/experiments/E13/pipeline_outputs/subaction_34_P01_109_34/episode_06_right/frame_003176_right,3175.0,1.0,no_reference_object_bbox,new_contact_episode,new_contact_episode,,smoothed_contact_run_start_within_subaction
E13,E13_engineered_homography_projection,35,P01_109_35,put down cloth,put-down,cloth,['cloth'],3349-3372,2,6,5,0,0,0,0,0,,,,,,,no_pre_episode_reference_window,new_contact_episode,new_contact_episode,,smoothed_contact_run_start_within_subaction
E13,E13_engineered_homography_projection,36,P01_109_36,pick up potatoes,pick-up,potato,['potato'],3374-3496,3,7,6,0,0,0,0,0,,,,,,,no_pre_episode_reference_window,new_contact_episode,new_contact_episode,,smoothed_contact_run_start_within_subaction
E13,E13_engineered_homography_projection,37,P01_109_37,put down potatoes,put-down,potato,['potato'],3517-3552,1,2,2,2,2,0,0,0,,,,,,,no_reference_object_bbox,new_contact_episode,new_contact_episode,,smoothed_contact_run_start_within_subaction
E13,E13_engineered_homography_projection,38,P01_109_38,move potatoes,move,potato,['potato'],3640-3706,1,3,3,3,3,3,3,3,3656.0,3653.0,6.761559633027522,/Users/huhu/Documents/Code/bishe/vrb/vrbreproduction/outputs/e13_engineered_homography_100subaction/experiments/E13/pipeline_outputs/subaction_38_P01_109_38/episode_01_left/frame_003656_left,3654.0,2.0,,new_contact_episode,new_contact_episode,,smoothed_contact_run_start_within_subaction
E13,E13_engineered_homography_projection,39,P01_109_39,open cupboard,open,cupboard,['cupboard'],3719-3799,5,15,10,8,8,0,0,0,,,,,,,no_reference_object_bbox,new_contact_episode,new_contact_episode,,smoothed_contact_run_start_within_subaction
E13,E13_engineered_homography_projection,40,P01_109_40,move pans,move,pan,['pan'],3826-4048,9,26,14,6,4,1,1,1,3855.0,3854.0,4.95,/Users/huhu/Documents/Code/bishe/vrb/vrbreproduction/outputs/e13_engineered_homography_100subaction/experiments/E13/pipeline_outputs/subaction_40_P01_109_40/episode_04_right/frame_003855_right,3855.0,0.0,missing_hand_or_object_bbox,new_contact_episode,new_contact_episode,,smoothed_contact_run_start_within_subaction
E13,E13_engineered_homography_projection,41,P01_109_41,pick up pan,pick-up,pan,['pan'],4038-4098,0,1,0,0,0,0,0,0,,,,,,,continuation_contact_run,continuation_contact_run,continuation_contact_run,,contact_present_but_run_started_before_subaction
E13,E13_engineered_homography_projection,42,P01_109_42,put down pan,put-down,pan,['pan'],4209-4280,1,3,3,0,0,0,0,0,,,,,,,no_pre_episode_reference_window,new_contact_episode,new_contact_episode,,smoothed_contact_run_start_within_subaction
E13,E13_engineered_homography_projection,43,P01_109_44,put down pan,put-down,pan,['pan'],4269-4353,1,3,3,0,0,0,0,0,,,,,,,no_pre_episode_reference_window,new_contact_episode,new_contact_episode,,smoothed_contact_run_start_within_subaction
E13,E13_engineered_homography_projection,44,P01_109_43,pick up pan,pick-up,pan,['pan'],4330-4386,2,6,6,3,3,1,1,1,4380.0,4379.0,7.336451612903226,/Users/huhu/Documents/Code/bishe/vrb/vrbreproduction/outputs/e13_engineered_homography_100subaction/experiments/E13/pipeline_outputs/subaction_44_P01_109_43/episode_01_right/frame_004380_right,4380.0,0.0,no_pre_episode_reference_window,new_contact_episode,new_contact_episode,,smoothed_contact_run_start_within_subaction
E13,E13_engineered_homography_projection,45,P01_109_45,put down pan,put-down,pan,['pan'],4379-4432,3,9,6,3,3,1,1,1,4380.0,4379.0,7.336451612903226,/Users/huhu/Documents/Code/bishe/vrb/vrbreproduction/outputs/e13_engineered_homography_100subaction/experiments/E13/pipeline_outputs/subaction_45_P01_109_45/episode_01_right/frame_004380_right,4380.0,0.0,no_pre_episode_reference_window,new_contact_episode,new_contact_episode,,smoothed_contact_run_start_within_subaction
E13,E13_engineered_homography_projection,46,P01_109_46,pick up cutting board,pick-up,board:cutting,['board:cutting'],4510-4604,6,18,6,3,3,0,0,0,,,,,,,missing_hand_or_object_bbox,new_contact_episode,new_contact_episode,,smoothed_contact_run_start_within_subaction
E13,E13_engineered_homography_projection,47,P01_109_47,close cupboard,close,cupboard,['cupboard'],4621-4664,3,9,8,8,8,5,5,5,4663.0,4660.0,7.814615384615385,/Users/huhu/Documents/Code/bishe/vrb/vrbreproduction/outputs/e13_engineered_homography_100subaction/experiments/E13/pipeline_outputs/subaction_47_P01_109_47/episode_03_right/frame_004663_right,4661.0,2.0,projected_contact_too_far_from_reference_object_mask,new_contact_episode,new_contact_episode,,smoothed_contact_run_start_within_subaction
E13,E13_engineered_homography_projection,48,P01_109_48,put down cutting board,put-down,board:cutting,['board:cutting'],4677-4724,1,3,3,0,0,0,0,0,,,,,,,no_pre_episode_reference_window,new_contact_episode,new_contact_episode,,smoothed_contact_run_start_within_subaction
E13,E13_engineered_homography_projection,49,P01_109_49,pick up eggs,pick-up,egg,['egg'],4764-4797,0,1,0,0,0,0,0,0,,,,,,,continuation_contact_run,continuation_contact_run,continuation_contact_run,,contact_present_but_run_started_before_subaction
E13,E13_engineered_homography_projection,50,P01_109_50,put down eggs,put-down,egg,['egg'],4794-4827,1,3,3,0,0,0,0,0,,,,,,,no_pre_episode_reference_window,new_contact_episode,new_contact_episode,,smoothed_contact_run_start_within_subaction
E13,E13_engineered_homography_projection,51,P01_109_51,move kettle,move,kettle,['kettle'],4832-4867,1,1,0,0,0,0,0,0,,,,,,,contact_points_lt5_after_object_boundary_filter,new_contact_episode,new_contact_episode,,smoothed_contact_run_start_within_subaction
E13,E13_engineered_homography_projection,52,P01_109_52,open drawer,open,drawer,['drawer'],4904-4942,3,5,0,0,0,0,0,0,,,,,,,contact_points_lt5_after_object_boundary_filter,new_contact_episode,new_contact_episode,,smoothed_contact_run_start_within_subaction
E13,E13_engineered_homography_projection,53,P01_109_53,pick up peeler,pick-up,peeler,['peeler'],4938-4981,6,13,3,3,3,0,0,0,,,,,,,contact_points_lt5_after_object_boundary_filter,new_contact_episode,new_contact_episode,,smoothed_contact_run_start_within_subaction
E13,E13_engineered_homography_projection,54,P01_109_54,close drawer,close,drawer,['drawer'],4977-5004,2,2,0,0,0,0,0,0,,,,,,,contact_points_lt5_after_object_boundary_filter,new_contact_episode,new_contact_episode,,smoothed_contact_run_start_within_subaction
E13,E13_engineered_homography_projection,55,P01_109_55,move cutting board,move,board:cutting,['board:cutting'],5014-5049,3,9,9,0,0,0,0,0,,,,,,,no_pre_episode_reference_window,new_contact_episode,new_contact_episode,,smoothed_contact_run_start_within_subaction
E13,E13_engineered_homography_projection,56,P01_109_56,pick up potato,pick-up,potato,['potato'],5053-5122,4,12,10,0,0,0,0,0,,,,,,,no_pre_episode_reference_window,new_contact_episode,new_contact_episode,,smoothed_contact_run_start_within_subaction
E13,E13_engineered_homography_projection,57,P01_109_57,move potato,move,potato,['potato'],5082-5094,0,1,0,0,0,0,0,0,,,,,,,continuation_contact_run,continuation_contact_run,continuation_contact_run,,contact_present_but_run_started_before_subaction
E13,E13_engineered_homography_projection,58,P01_109_58,peel potato,peel,potato,['potato'],5182-9529,5,15,13,0,0,0,0,0,,,,,,,no_pre_episode_reference_window,new_contact_episode,new_contact_episode,,smoothed_contact_run_start_within_subaction
E13,E13_engineered_homography_projection,59,P01_109_59,put down potato,put-down,potato,['potato'],9494-9582,0,1,0,0,0,0,0,0,,,,,,,continuation_contact_run,continuation_contact_run,continuation_contact_run,,contact_present_but_run_started_before_subaction
E13,E13_engineered_homography_projection,60,P01_109_60,put down peeler,put-down,peeler,['peeler'],9586-9607,0,1,0,0,0,0,0,0,,,,,,,continuation_contact_run,continuation_contact_run,continuation_contact_run,,contact_present_but_run_started_before_subaction
E13,E13_engineered_homography_projection,61,P01_109_61,pick up knife,pick-up,knife,['knife'],9668-9762,1,3,0,0,0,0,0,0,,,,,,,missing_hand_or_object_bbox,new_contact_episode,new_contact_episode,,smoothed_contact_run_start_within_subaction
E13,E13_engineered_homography_projection,62,P01_109_62,grab potato,grab,potato,['potato'],9805-9835,0,1,0,0,0,0,0,0,,,,,,,continuation_contact_run,continuation_contact_run,continuation_contact_run,,contact_present_but_run_started_before_subaction
E13,E13_engineered_homography_projection,63,P01_109_63,cut potato,cut,potato,['potato'],9831-10125,0,1,0,0,0,0,0,0,,,,,,,continuation_contact_run,continuation_contact_run,continuation_contact_run,,contact_present_but_run_started_before_subaction
E13,E13_engineered_homography_projection,64,P01_109_64,pick up potato bit,pick-up,bit:potato,['bit:potato'],10119-10183,3,7,4,0,0,0,0,0,,,,,,,no_pre_episode_reference_window,new_contact_episode,new_contact_episode,,smoothed_contact_run_start_within_subaction
E13,E13_engineered_homography_projection,65,P01_109_65,put down potato bit,put-down,bit:potato,['bit:potato'],10148-10191,3,7,4,0,0,0,0,0,,,,,,,no_pre_episode_reference_window,new_contact_episode,new_contact_episode,,smoothed_contact_run_start_within_subaction
E13,E13_engineered_homography_projection,66,P01_109_66,move cutting board,move,board:cutting,['board:cutting'],10196-10232,2,4,4,0,0,0,0,0,,,,,,,no_pre_episode_reference_window,new_contact_episode,new_contact_episode,,smoothed_contact_run_start_within_subaction
E13,E13_engineered_homography_projection,67,P01_109_67,put down knife,put-down,knife,['knife'],10237-10267,1,2,2,2,2,2,2,2,10261.0,10260.0,6.67375,/Users/huhu/Documents/Code/bishe/vrb/vrbreproduction/outputs/e13_engineered_homography_100subaction/experiments/E13/pipeline_outputs/subaction_67_P01_109_67/episode_01_right/frame_010261_right,10261.0,0.0,,new_contact_episode,new_contact_episode,,smoothed_contact_run_start_within_subaction
E13,E13_engineered_homography_projection,68,P01_109_68,pick up knife,pick-up,knife,['knife'],10264-10300,2,6,6,3,3,0,0,0,,,,,,,projected_contact_too_far_from_reference_object_mask,new_contact_episode,new_contact_episode,,smoothed_contact_run_start_within_subaction
E13,E13_engineered_homography_projection,69,P01_109_69,slice potato,slice,potato,['potato'],10297-11900,7,21,14,0,0,0,0,0,,,,,,,no_pre_episode_reference_window,new_contact_episode,new_contact_episode,,smoothed_contact_run_start_within_subaction
E13,E13_engineered_homography_projection,70,P01_109_70,put down knife,put-down,knife,['knife'],11914-11935,0,1,0,0,0,0,0,0,,,,,,,continuation_contact_run,continuation_contact_run,continuation_contact_run,,contact_present_but_run_started_before_subaction
E13,E13_engineered_homography_projection,71,P01_109_71,put down potato slices,put-down,slice:potato,['slice:potato'],11963-11994,3,4,4,3,3,3,3,3,11984.0,11982.0,7.128888888888889,/Users/huhu/Documents/Code/bishe/vrb/vrbreproduction/outputs/e13_engineered_homography_100subaction/experiments/E13/pipeline_outputs/subaction_71_P01_109_71/episode_03_right/frame_011984_right,11983.0,1.0,no_pre_episode_reference_window,new_contact_episode,new_contact_episode,,smoothed_contact_run_start_within_subaction
E13,E13_engineered_homography_projection,72,P01_109_72,pick up potato slices,pick-up,slice:potato,['slice:potato'],12007-12071,0,1,0,0,0,0,0,0,,,,,,,continuation_contact_run,continuation_contact_run,continuation_contact_run,,contact_present_but_run_started_before_subaction
E13,E13_engineered_homography_projection,73,P01_109_73,put down potato slices,put-down,slice:potato,['slice:potato'],12070-12186,4,12,12,6,6,0,0,0,,,,,,,no_pre_episode_reference_window,new_contact_episode,new_contact_episode,,smoothed_contact_run_start_within_subaction
E13,E13_engineered_homography_projection,74,P01_109_74,pick up potato slices,pick-up,slice:potato,['slice:potato'],12181-12263,5,11,9,0,0,0,0,0,,,,,,,no_pre_episode_reference_window,new_contact_episode,new_contact_episode,,smoothed_contact_run_start_within_subaction
E13,E13_engineered_homography_projection,75,P01_109_75,put down potato slices,put-down,slice:potato,['slice:potato'],12267-12332,2,6,4,3,3,3,3,3,12326.0,12324.0,7.145465838509317,/Users/huhu/Documents/Code/bishe/vrb/vrbreproduction/outputs/e13_engineered_homography_100subaction/experiments/E13/pipeline_outputs/subaction_75_P01_109_75/episode_02_right/frame_012326_right,12325.0,1.0,contact_points_lt5_after_object_boundary_filter,new_contact_episode,new_contact_episode,,smoothed_contact_run_start_within_subaction
E13,E13_engineered_homography_projection,76,P01_109_76,pick up potato slice,pick-up,slice:potato,['slice:potato'],12325-12391,6,18,17,11,11,5,5,5,12326.0,12324.0,7.145465838509317,/Users/huhu/Documents/Code/bishe/vrb/vrbreproduction/outputs/e13_engineered_homography_100subaction/experiments/E13/pipeline_outputs/subaction_76_P01_109_76/episode_01_right/frame_012326_right,12325.0,1.0,no_pre_episode_reference_window,new_contact_episode,new_contact_episode,,smoothed_contact_run_start_within_subaction
E13,E13_engineered_homography_projection,77,P01_109_78,pick up potato slice,pick-up,slice:potato,['slice:potato'],12336-12390,5,15,14,8,8,2,2,2,12347.0,12345.0,7.091707317073171,/Users/huhu/Documents/Code/bishe/vrb/vrbreproduction/outputs/e13_engineered_homography_100subaction/experiments/E13/pipeline_outputs/subaction_77_P01_109_78/episode_03_left/frame_012347_left,12346.0,1.0,no_pre_episode_reference_window,new_contact_episode,new_contact_episode,,smoothed_contact_run_start_within_subaction
E13,E13_engineered_homography_projection,78,P01_109_79,put down potato slice,put-down,slice:potato,['slice:potato'],12389-12411,0,1,0,0,0,0,0,0,,,,,,,continuation_contact_run,continuation_contact_run,continuation_contact_run,,contact_present_but_run_started_before_subaction
E13,E13_engineered_homography_projection,79,P01_109_77,put down potato slice,put-down,slice:potato,['slice:potato'],12390-12417,1,3,2,2,2,0,0,0,,,,,,,no_reference_object_bbox,new_contact_episode,new_contact_episode,,smoothed_contact_run_start_within_subaction
E13,E13_engineered_homography_projection,80,P01_109_80,pick up potato slices,pick-up,slice:potato,['slice:potato'],12416-12455,2,6,5,0,0,0,0,0,,,,,,,no_pre_episode_reference_window,new_contact_episode,new_contact_episode,,smoothed_contact_run_start_within_subaction
E13,E13_engineered_homography_projection,81,P01_109_81,put down potato slices,put-down,slice:potato,['slice:potato'],12458-12480,1,3,3,3,3,1,1,1,12468.0,12467.0,7.0453488372093025,/Users/huhu/Documents/Code/bishe/vrb/vrbreproduction/outputs/e13_engineered_homography_100subaction/experiments/E13/pipeline_outputs/subaction_81_P01_109_81/episode_01_right/frame_012468_right,12468.0,0.0,projected_contact_too_far_from_reference_object_mask,new_contact_episode,new_contact_episode,,smoothed_contact_run_start_within_subaction
E13,E13_engineered_homography_projection,82,P01_109_82,pick up potato slice,pick-up,slice:potato,['slice:potato'],12484-12562,2,6,6,0,0,0,0,0,,,,,,,no_pre_episode_reference_window,new_contact_episode,new_contact_episode,,smoothed_contact_run_start_within_subaction
E13,E13_engineered_homography_projection,83,P01_109_83,put down potato slice,put-down,slice:potato,['slice:potato'],12562-12585,1,3,1,0,0,0,0,0,,,,,,,contact_points_lt5_after_object_boundary_filter,new_contact_episode,new_contact_episode,,smoothed_contact_run_start_within_subaction
E13,E13_engineered_homography_projection,84,P01_109_84,pick up potato slice,pick-up,slice:potato,['slice:potato'],12634-12667,5,13,11,8,8,5,5,5,12635.0,12633.0,7.396287425149701,/Users/huhu/Documents/Code/bishe/vrb/vrbreproduction/outputs/e13_engineered_homography_100subaction/experiments/E13/pipeline_outputs/subaction_84_P01_109_84/episode_01_right/frame_012635_right,12634.0,1.0,no_reference_object_bbox,new_contact_episode,new_contact_episode,,smoothed_contact_run_start_within_subaction
E13,E13_engineered_homography_projection,85,P01_109_85,put down potato slice,put-down,slice:potato,['slice:potato'],12670-12692,2,4,3,0,0,0,0,0,,,,,,,no_pre_episode_reference_window,new_contact_episode,new_contact_episode,,smoothed_contact_run_start_within_subaction
E13,E13_engineered_homography_projection,86,P01_109_86,pick up potato slice,pick-up,slice:potato,['slice:potato'],12723-12753,3,5,4,0,0,0,0,0,,,,,,,no_pre_episode_reference_window,new_contact_episode,new_contact_episode,,smoothed_contact_run_start_within_subaction
E13,E13_engineered_homography_projection,87,P01_109_87,put down potato slice,put-down,slice:potato,['slice:potato'],12758-12786,2,6,1,0,0,0,0,0,,,,,,,missing_hand_or_object_bbox,new_contact_episode,new_contact_episode,,smoothed_contact_run_start_within_subaction
E13,E13_engineered_homography_projection,88,P01_109_88,pick up knife,pick-up,knife,['knife'],12876-12926,1,3,2,0,0,0,0,0,,,,,,,no_pre_episode_reference_window,new_contact_episode,new_contact_episode,,smoothed_contact_run_start_within_subaction
E13,E13_engineered_homography_projection,89,P01_109_89,cut potato slice,cut,slice:potato,['slice:potato'],12915-13036,1,3,1,0,0,0,0,0,,,,,,,contact_points_lt5_after_object_boundary_filter,new_contact_episode,new_contact_episode,,smoothed_contact_run_start_within_subaction
E13,E13_engineered_homography_projection,90,P01_109_90,put down knife,put-down,knife,['knife'],13025-13055,1,3,0,0,0,0,0,0,,,,,,,missing_hand_or_object_bbox,new_contact_episode,new_contact_episode,,smoothed_contact_run_start_within_subaction
E13,E13_engineered_homography_projection,91,P01_109_91,put down potato slice,put-down,slice:potato,['slice:potato'],13065-13090,2,3,2,0,0,0,0,0,,,,,,,no_pre_episode_reference_window,new_contact_episode,new_contact_episode,,smoothed_contact_run_start_within_subaction
E13,E13_engineered_homography_projection,92,P01_109_92,pick up potato,pick-up,potato,['potato'],13096-13121,3,8,5,0,0,0,0,0,,,,,,,no_pre_episode_reference_window,new_contact_episode,new_contact_episode,,smoothed_contact_run_start_within_subaction
E13,E13_engineered_homography_projection,93,P01_109_93,pick up peeler,pick-up,peeler,['peeler'],13126-13155,1,3,2,0,0,0,0,0,,,,,,,no_pre_episode_reference_window,new_contact_episode,new_contact_episode,,smoothed_contact_run_start_within_subaction
E13,E13_engineered_homography_projection,94,P01_109_94,peel potato,peel,potato,['potato'],13152-15461,0,1,0,0,0,0,0,0,,,,,,,continuation_contact_run,continuation_contact_run,continuation_contact_run,,contact_present_but_run_started_before_subaction
E13,E13_engineered_homography_projection,95,P01_109_95,put down potato,put-down,potato,['potato'],15463-15503,1,3,3,0,0,0,0,0,,,,,,,no_pre_episode_reference_window,new_contact_episode,new_contact_episode,,smoothed_contact_run_start_within_subaction
E13,E13_engineered_homography_projection,96,P01_109_96,pick up peeler blade,pick-up,blade:peeler,['blade:peeler'],15508-15575,2,6,0,0,0,0,0,0,,,,,,,contact_points_lt5_after_object_boundary_filter,new_contact_episode,new_contact_episode,,smoothed_contact_run_start_within_subaction
E13,E13_engineered_homography_projection,97,P01_109_97,fix peeler blade,fix,blade:peeler,['blade:peeler'],15574-15772,1,3,2,0,0,0,0,0,,,,,,,no_pre_episode_reference_window,new_contact_episode,new_contact_episode,,smoothed_contact_run_start_within_subaction
E13,E13_engineered_homography_projection,98,P01_109_98,pick up potato,pick-up,potato,['potato'],15772-15799,0,1,0,0,0,0,0,0,,,,,,,continuation_contact_run,continuation_contact_run,continuation_contact_run,,contact_present_but_run_started_before_subaction
E13,E13_engineered_homography_projection,99,P01_109_99,peel potato,peel,potato,['potato'],15883-16103,0,1,0,0,0,0,0,0,,,,,,,continuation_contact_run,continuation_contact_run,continuation_contact_run,,contact_present_but_run_started_before_subaction
