experiment_id,subaction_index,narration_id,narration,verb,noun,raw_candidate_count,deep_run_candidate_total,deep_run_candidate_count,episode_decision,episode_reason,candidate_frames_0_based,candidate_sources
E8,0,P01_109_0,grab rucksack,grab,rucksack,48,7,7,new_contact_episode,smoothed_contact_run_start_within_subaction,88;89;90;93;97;98;99,new_contact_episode;new_contact_episode;new_contact_episode;new_contact_episode;new_contact_episode;new_contact_episode;new_contact_episode
E8,1,P01_109_1,open rucksack,open,rucksack,97,12,12,new_contact_episode,smoothed_contact_run_start_within_subaction,161;166;167;168;170;171;172;175;176;177;178;180,new_contact_episode;new_contact_episode;new_contact_episode;new_contact_episode;new_contact_episode;new_contact_episode;new_contact_episode;new_contact_episode;new_contact_episode;new_contact_episode;new_contact_episode;new_contact_episode
E8,2,P01_109_2,pick up eggs,pick-up,egg,133,3,3,new_contact_episode,smoothed_contact_run_start_within_subaction,256;257;258,new_contact_episode;new_contact_episode;new_contact_episode
E8,3,P01_109_3,put down eggs,put-down,egg,36,9,9,new_contact_episode,smoothed_contact_run_start_within_subaction,362;363;364;369;370;371;371;372;373,new_contact_episode;new_contact_episode;new_contact_episode;new_contact_episode;new_contact_episode;new_contact_episode;new_contact_episode;new_contact_episode;new_contact_episode
E8,4,P01_109_4,pick up onion and potato,pick-up,onion,104,0,0,no_candidate,continuation_contact_run,,
E8,5,P01_109_5,put down onion and potato,put-down,onion,31,0,0,no_candidate,continuation_contact_run,,
E8,6,P01_109_8,pick up potato,pick-up,potato,140,6,6,new_contact_episode,smoothed_contact_run_start_within_subaction,527;528;529;528;529;530,new_contact_episode;new_contact_episode;new_contact_episode;new_contact_episode;new_contact_episode;new_contact_episode
E8,7,P01_109_6,pick up potatoes,pick-up,potato,74,0,0,no_candidate,continuation_contact_run,,
E8,8,P01_109_7,put down potatoes,put-down,potato,190,12,12,new_contact_episode,smoothed_contact_run_start_within_subaction,628;629;630;632;637;638;639;645;646;647;656;657,new_contact_episode;new_contact_episode;new_contact_episode;new_contact_episode;new_contact_episode;new_contact_episode;new_contact_episode;new_contact_episode;new_contact_episode;new_contact_episode;new_contact_episode;new_contact_episode
E8,9,P01_109_9,put down potato,put-down,potato,136,12,12,new_contact_episode,smoothed_contact_run_start_within_subaction,628;629;630;632;637;638;639;645;646;647;656;657,new_contact_episode;new_contact_episode;new_contact_episode;new_contact_episode;new_contact_episode;new_contact_episode;new_contact_episode;new_contact_episode;new_contact_episode;new_contact_episode;new_contact_episode;new_contact_episode
E8,10,P01_109_10,pick up beers,pick-up,beer,174,9,9,new_contact_episode,smoothed_contact_run_start_within_subaction,774;775;776;784;785;786;785;786;787,new_contact_episode;new_contact_episode;new_contact_episode;new_contact_episode;new_contact_episode;new_contact_episode;new_contact_episode;new_contact_episode;new_contact_episode
E8,11,P01_109_11,open freezer,open,freezer,141,6,6,new_contact_episode,smoothed_contact_run_start_within_subaction,980;981;982;1006;1007;1008,new_contact_episode;new_contact_episode;new_contact_episode;new_contact_episode;new_contact_episode;new_contact_episode
E8,12,P01_109_12,open drawer,open,drawer,132,3,3,new_contact_episode,smoothed_contact_run_start_within_subaction,1070;1071;1072,new_contact_episode;new_contact_episode;new_contact_episode
E8,13,P01_109_13,put beer into drawer,put-into,beer,278,12,12,new_contact_episode,smoothed_contact_run_start_within_subaction,1180;1181;1182;1201;1202;1203;1207;1208;1209;1258;1259;1260,new_contact_episode;new_contact_episode;new_contact_episode;new_contact_episode;new_contact_episode;new_contact_episode;new_contact_episode;new_contact_episode;new_contact_episode;new_contact_episode;new_contact_episode;new_contact_episode
E8,14,P01_109_14,put beer into drawer,put-into,beer,71,12,12,new_contact_episode,smoothed_contact_run_start_within_subaction,1258;1259;1260;1260;1261;1262;1271;1272;1273;1271;1272;1273,new_contact_episode;new_contact_episode;new_contact_episode;new_contact_episode;new_contact_episode;new_contact_episode;new_contact_episode;new_contact_episode;new_contact_episode;new_contact_episode;new_contact_episode;new_contact_episode
E8,15,P01_109_15,put beer into drawer,put-into,beer,67,0,0,no_candidate,continuation_contact_run,,
E8,16,P01_109_16,close drawer,close,drawer,60,12,12,new_contact_episode,smoothed_contact_run_start_within_subaction,1345;1346;1347;1345;1346;1352;1353;1354;1354;1357;1357;1358,new_contact_episode;new_contact_episode;new_contact_episode;new_contact_episode;new_contact_episode;new_contact_episode;new_contact_episode;new_contact_episode;new_contact_episode;new_contact_episode;new_contact_episode;new_contact_episode
E8,17,P01_109_17,close freezer,close,freezer,35,3,3,new_contact_episode,smoothed_contact_run_start_within_subaction,1422;1423;1424,new_contact_episode;new_contact_episode;new_contact_episode
E8,18,P01_109_18,pick up rucksack,pick-up,rucksack,36,8,8,new_contact_episode,smoothed_contact_run_start_within_subaction,1496;1497;1498;1518;1521;1523;1524;1525,new_contact_episode;new_contact_episode;new_contact_episode;new_contact_episode;new_contact_episode;new_contact_episode;new_contact_episode;new_contact_episode
E8,19,P01_109_19,put down rucksack,put-down,rucksack,27,0,0,no_candidate,continuation_contact_run,,
E8,20,P01_109_20,close door,close,door,33,12,12,new_contact_episode,smoothed_contact_run_start_within_subaction,1827;1828;1829;1841;1848;1850;1851;1852;1861;1862;1863;1906,new_contact_episode;new_contact_episode;new_contact_episode;new_contact_episode;new_contact_episode;new_contact_episode;new_contact_episode;new_contact_episode;new_contact_episode;new_contact_episode;new_contact_episode;new_contact_episode
E8,21,P01_109_21,pick up cup,pick-up,cup,6,6,6,new_contact_episode,smoothed_contact_run_start_within_subaction,2088;2089;2090;2092;2093;2094,new_contact_episode;new_contact_episode;new_contact_episode;new_contact_episode;new_contact_episode;new_contact_episode
E8,22,P01_109_22,put down cup,put-down,cup,25,6,6,new_contact_episode,smoothed_contact_run_start_within_subaction,2142;2143;2144;2177;2178;2179,new_contact_episode;new_contact_episode;new_contact_episode;new_contact_episode;new_contact_episode;new_contact_episode
E8,23,P01_109_23,pick up spoon,pick-up,spoon,11,3,3,new_contact_episode,smoothed_contact_run_start_within_subaction,2213;2214;2215,new_contact_episode;new_contact_episode;new_contact_episode
E8,24,P01_109_24,open drawer,open,drawer,47,3,3,new_contact_episode,smoothed_contact_run_start_within_subaction,2325;2326;2327,new_contact_episode;new_contact_episode;new_contact_episode
E8,25,P01_109_25,put spoon into drawer,put-into,spoon,29,8,8,new_contact_episode,smoothed_contact_run_start_within_subaction,2341;2343;2347;2348;2349;2354;2355;2356,new_contact_episode;new_contact_episode;new_contact_episode;new_contact_episode;new_contact_episode;new_contact_episode;new_contact_episode;new_contact_episode
E8,26,P01_109_26,close drawer,close,drawer,0,0,0,no_candidate,no_smoothed_contact_in_subaction,,
E8,27,P01_109_27,pour hand wash,pour,wash:hand,10,9,9,new_contact_episode,smoothed_contact_run_start_within_subaction,2468;2469;2470;2476;2477;2478;2484;2485;2486,new_contact_episode;new_contact_episode;new_contact_episode;new_contact_episode;new_contact_episode;new_contact_episode;new_contact_episode;new_contact_episode;new_contact_episode
E8,28,P01_109_28,wash hands,wash,hand,8,5,5,new_contact_episode,smoothed_contact_run_start_within_subaction,2484;2485;2486;2538;2539,new_contact_episode;new_contact_episode;new_contact_episode;new_contact_episode;new_contact_episode
E8,29,P01_109_29,turn on tap,turn-on,tap,38,7,7,new_contact_episode,smoothed_contact_run_start_within_subaction,2550;2551;2552;2567;2568;2569;2573,new_contact_episode;new_contact_episode;new_contact_episode;new_contact_episode;new_contact_episode;new_contact_episode;new_contact_episode
E8,30,P01_109_30,rinse hands,rinse,hand,164,12,12,new_contact_episode,smoothed_contact_run_start_within_subaction,2708;2709;2710;2717;2718;2718;2719;2720;2723;2724;2725;2749,new_contact_episode;new_contact_episode;new_contact_episode;new_contact_episode;new_contact_episode;new_contact_episode;new_contact_episode;new_contact_episode;new_contact_episode;new_contact_episode;new_contact_episode;new_contact_episode
E8,31,P01_109_31,turn off tap,turn-off,tap,10,6,6,new_contact_episode,smoothed_contact_run_start_within_subaction,2968;2969;2970;2978;2979;2980,new_contact_episode;new_contact_episode;new_contact_episode;new_contact_episode;new_contact_episode;new_contact_episode
E8,32,P01_109_32,shake hands,shake,hand,24,8,8,new_contact_episode,smoothed_contact_run_start_within_subaction,3009;3010;3011;3029;3030;3040;3041;3042,new_contact_episode;new_contact_episode;new_contact_episode;new_contact_episode;new_contact_episode;new_contact_episode;new_contact_episode;new_contact_episode
E8,33,P01_109_33,pick up cloth,pick-up,cloth,26,9,9,new_contact_episode,smoothed_contact_run_start_within_subaction,3088;3089;3090;3121;3122;3123;3136;3137;3138,new_contact_episode;new_contact_episode;new_contact_episode;new_contact_episode;new_contact_episode;new_contact_episode;new_contact_episode;new_contact_episode;new_contact_episode
E8,34,P01_109_34,dry hands,dry,hand,112,12,12,new_contact_episode,smoothed_contact_run_start_within_subaction,3121;3122;3123;3136;3137;3138;3146;3147;3148;3167;3168;3169,new_contact_episode;new_contact_episode;new_contact_episode;new_contact_episode;new_contact_episode;new_contact_episode;new_contact_episode;new_contact_episode;new_contact_episode;new_contact_episode;new_contact_episode;new_contact_episode
E8,35,P01_109_35,put down cloth,put-down,cloth,35,6,6,new_contact_episode,smoothed_contact_run_start_within_subaction,3356;3357;3358;3366;3367;3368,new_contact_episode;new_contact_episode;new_contact_episode;new_contact_episode;new_contact_episode;new_contact_episode
E8,36,P01_109_36,pick up potatoes,pick-up,potato,214,7,7,new_contact_episode,smoothed_contact_run_start_within_subaction,3392;3393;3394;3424;3449;3450;3451,new_contact_episode;new_contact_episode;new_contact_episode;new_contact_episode;new_contact_episode;new_contact_episode;new_contact_episode
E8,37,P01_109_37,put down potatoes,put-down,potato,56,2,2,new_contact_episode,smoothed_contact_run_start_within_subaction,3549;3550,new_contact_episode;new_contact_episode
E8,38,P01_109_38,move potatoes,move,potato,42,3,3,new_contact_episode,smoothed_contact_run_start_within_subaction,3654;3655;3656,new_contact_episode;new_contact_episode;new_contact_episode
E8,39,P01_109_39,open cupboard,open,cupboard,55,12,12,new_contact_episode,smoothed_contact_run_start_within_subaction,3718;3719;3720;3737;3738;3739;3754;3755;3756;3760;3761;3762,new_contact_episode;new_contact_episode;new_contact_episode;new_contact_episode;new_contact_episode;new_contact_episode;new_contact_episode;new_contact_episode;new_contact_episode;new_contact_episode;new_contact_episode;new_contact_episode
E8,40,P01_109_40,move pans,move,pan,301,12,12,new_contact_episode,smoothed_contact_run_start_within_subaction,3837;3838;3844;3845;3846;3847;3848;3849;3855;3856;3857;3876,new_contact_episode;new_contact_episode;new_contact_episode;new_contact_episode;new_contact_episode;new_contact_episode;new_contact_episode;new_contact_episode;new_contact_episode;new_contact_episode;new_contact_episode;new_contact_episode
E8,41,P01_109_41,pick up pan,pick-up,pan,122,0,0,no_candidate,continuation_contact_run,,
E8,42,P01_109_42,put down pan,put-down,pan,107,3,3,new_contact_episode,smoothed_contact_run_start_within_subaction,4273;4274;4275,new_contact_episode;new_contact_episode;new_contact_episode
E8,43,P01_109_44,put down pan,put-down,pan,142,3,3,new_contact_episode,smoothed_contact_run_start_within_subaction,4273;4274;4275,new_contact_episode;new_contact_episode;new_contact_episode
E8,44,P01_109_43,pick up pan,pick-up,pan,36,6,6,new_contact_episode,smoothed_contact_run_start_within_subaction,4380;4381;4382;4381;4382;4383,new_contact_episode;new_contact_episode;new_contact_episode;new_contact_episode;new_contact_episode;new_contact_episode
E8,45,P01_109_45,put down pan,put-down,pan,56,9,9,new_contact_episode,smoothed_contact_run_start_within_subaction,4380;4381;4382;4381;4382;4383;4386;4387;4388,new_contact_episode;new_contact_episode;new_contact_episode;new_contact_episode;new_contact_episode;new_contact_episode;new_contact_episode;new_contact_episode;new_contact_episode
E8,46,P01_109_46,pick up cutting board,pick-up,board:cutting,70,12,12,new_contact_episode,smoothed_contact_run_start_within_subaction,4511;4512;4513;4520;4521;4522;4538;4539;4540;4554;4555;4556,new_contact_episode;new_contact_episode;new_contact_episode;new_contact_episode;new_contact_episode;new_contact_episode;new_contact_episode;new_contact_episode;new_contact_episode;new_contact_episode;new_contact_episode;new_contact_episode
E8,47,P01_109_47,close cupboard,close,cupboard,26,9,9,new_contact_episode,smoothed_contact_run_start_within_subaction,4648;4649;4650;4661;4662;4663;4661;4662;4663,new_contact_episode;new_contact_episode;new_contact_episode;new_contact_episode;new_contact_episode;new_contact_episode;new_contact_episode;new_contact_episode;new_contact_episode
E8,48,P01_109_48,put down cutting board,put-down,board:cutting,53,3,3,new_contact_episode,smoothed_contact_run_start_within_subaction,4692;4693;4694,new_contact_episode;new_contact_episode;new_contact_episode
E8,49,P01_109_49,pick up eggs,pick-up,egg,68,0,0,no_candidate,continuation_contact_run,,
E8,50,P01_109_50,put down eggs,put-down,egg,54,3,3,new_contact_episode,smoothed_contact_run_start_within_subaction,4821;4822;4823,new_contact_episode;new_contact_episode;new_contact_episode
E8,51,P01_109_51,move kettle,move,kettle,35,1,1,new_contact_episode,smoothed_contact_run_start_within_subaction,4856,new_contact_episode
E8,52,P01_109_52,open drawer,open,drawer,13,5,5,new_contact_episode,smoothed_contact_run_start_within_subaction,4907;4917;4918;4919;4929,new_contact_episode;new_contact_episode;new_contact_episode;new_contact_episode;new_contact_episode
E8,53,P01_109_53,pick up peeler,pick-up,peeler,47,12,12,new_contact_episode,smoothed_contact_run_start_within_subaction,4947;4948;4949;4951;4952;4953;4964;4970;4971;4972;4975;4976,new_contact_episode;new_contact_episode;new_contact_episode;new_contact_episode;new_contact_episode;new_contact_episode;new_contact_episode;new_contact_episode;new_contact_episode;new_contact_episode;new_contact_episode;new_contact_episode
E8,54,P01_109_54,close drawer,close,drawer,31,2,2,new_contact_episode,smoothed_contact_run_start_within_subaction,4978;4981,new_contact_episode;new_contact_episode
E8,55,P01_109_55,move cutting board,move,board:cutting,54,9,9,new_contact_episode,smoothed_contact_run_start_within_subaction,5019;5020;5021;5036;5037;5038;5043;5044;5045,new_contact_episode;new_contact_episode;new_contact_episode;new_contact_episode;new_contact_episode;new_contact_episode;new_contact_episode;new_contact_episode;new_contact_episode
E8,56,P01_109_56,pick up potato,pick-up,potato,112,12,12,new_contact_episode,smoothed_contact_run_start_within_subaction,5062;5063;5064;5079;5080;5081;5101;5102;5103;5119;5120;5121,new_contact_episode;new_contact_episode;new_contact_episode;new_contact_episode;new_contact_episode;new_contact_episode;new_contact_episode;new_contact_episode;new_contact_episode;new_contact_episode;new_contact_episode;new_contact_episode
E8,57,P01_109_57,move potato,move,potato,24,0,0,no_candidate,continuation_contact_run,,
E8,58,P01_109_58,peel potato,peel,potato,8679,12,12,new_contact_episode,smoothed_contact_run_start_within_subaction,7132;7133;7134;7151;7152;7153;7235;7236;7237;7745;7746;7747,new_contact_episode;new_contact_episode;new_contact_episode;new_contact_episode;new_contact_episode;new_contact_episode;new_contact_episode;new_contact_episode;new_contact_episode;new_contact_episode;new_contact_episode;new_contact_episode
E8,59,P01_109_59,put down potato,put-down,potato,178,0,0,no_candidate,continuation_contact_run,,
E8,60,P01_109_60,put down peeler,put-down,peeler,31,0,0,no_candidate,continuation_contact_run,,
E8,61,P01_109_61,pick up knife,pick-up,knife,3,3,3,new_contact_episode,smoothed_contact_run_start_within_subaction,9689;9690;9691,new_contact_episode;new_contact_episode;new_contact_episode
E8,62,P01_109_62,grab potato,grab,potato,62,0,0,no_candidate,continuation_contact_run,,
E8,63,P01_109_63,cut potato,cut,potato,590,0,0,no_candidate,continuation_contact_run,,
E8,64,P01_109_64,pick up potato bit,pick-up,bit:potato,95,7,7,new_contact_episode,smoothed_contact_run_start_within_subaction,10144;10145;10146;10173;10174;10175;10182,new_contact_episode;new_contact_episode;new_contact_episode;new_contact_episode;new_contact_episode;new_contact_episode;new_contact_episode
E8,65,P01_109_65,put down potato bit,put-down,bit:potato,59,7,7,new_contact_episode,smoothed_contact_run_start_within_subaction,10173;10174;10175;10182;10184;10185;10186,new_contact_episode;new_contact_episode;new_contact_episode;new_contact_episode;new_contact_episode;new_contact_episode;new_contact_episode
E8,66,P01_109_66,move cutting board,move,board:cutting,41,4,4,new_contact_episode,smoothed_contact_run_start_within_subaction,10197;10198;10199;10201,new_contact_episode;new_contact_episode;new_contact_episode;new_contact_episode
E8,67,P01_109_67,put down knife,put-down,knife,21,2,2,new_contact_episode,smoothed_contact_run_start_within_subaction,10261;10262,new_contact_episode;new_contact_episode
E8,68,P01_109_68,pick up knife,pick-up,knife,55,6,6,new_contact_episode,smoothed_contact_run_start_within_subaction,10269;10270;10271;10276;10277;10278,new_contact_episode;new_contact_episode;new_contact_episode;new_contact_episode;new_contact_episode;new_contact_episode
E8,69,P01_109_69,slice potato,slice,potato,3179,12,12,new_contact_episode,smoothed_contact_run_start_within_subaction,10374;10375;10376;10384;10385;10386;10771;10772;10773;11288;11289;11290,new_contact_episode;new_contact_episode;new_contact_episode;new_contact_episode;new_contact_episode;new_contact_episode;new_contact_episode;new_contact_episode;new_contact_episode;new_contact_episode;new_contact_episode;new_contact_episode
E8,70,P01_109_70,put down knife,put-down,knife,37,0,0,no_candidate,continuation_contact_run,,
E8,71,P01_109_71,put down potato slices,put-down,slice:potato,23,4,4,new_contact_episode,smoothed_contact_run_start_within_subaction,11977;11983;11983;11984,new_contact_episode;new_contact_episode;new_contact_episode;new_contact_episode
E8,72,P01_109_72,pick up potato slices,pick-up,slice:potato,130,0,0,no_candidate,continuation_contact_run,,
E8,73,P01_109_73,put down potato slices,put-down,slice:potato,194,12,12,new_contact_episode,smoothed_contact_run_start_within_subaction,12104;12105;12106;12135;12136;12137;12169;12170;12171;12169;12170;12171,new_contact_episode;new_contact_episode;new_contact_episode;new_contact_episode;new_contact_episode;new_contact_episode;new_contact_episode;new_contact_episode;new_contact_episode;new_contact_episode;new_contact_episode;new_contact_episode
E8,74,P01_109_74,pick up potato slices,pick-up,slice:potato,131,11,11,new_contact_episode,smoothed_contact_run_start_within_subaction,12190;12191;12192;12199;12200;12201;12212;12214;12223;12224;12225,new_contact_episode;new_contact_episode;new_contact_episode;new_contact_episode;new_contact_episode;new_contact_episode;new_contact_episode;new_contact_episode;new_contact_episode;new_contact_episode;new_contact_episode
E8,75,P01_109_75,put down potato slices,put-down,slice:potato,71,6,6,new_contact_episode,smoothed_contact_run_start_within_subaction,12294;12295;12296;12325;12326;12327,new_contact_episode;new_contact_episode;new_contact_episode;new_contact_episode;new_contact_episode;new_contact_episode
E8,76,P01_109_76,pick up potato slice,pick-up,slice:potato,65,12,12,new_contact_episode,smoothed_contact_run_start_within_subaction,12325;12326;12327;12335;12336;12337;12340;12341;12342;12346;12347;12348,new_contact_episode;new_contact_episode;new_contact_episode;new_contact_episode;new_contact_episode;new_contact_episode;new_contact_episode;new_contact_episode;new_contact_episode;new_contact_episode;new_contact_episode;new_contact_episode
E8,77,P01_109_78,pick up potato slice,pick-up,slice:potato,60,12,12,new_contact_episode,smoothed_contact_run_start_within_subaction,12335;12336;12337;12340;12341;12342;12346;12347;12348;12361;12362;12363,new_contact_episode;new_contact_episode;new_contact_episode;new_contact_episode;new_contact_episode;new_contact_episode;new_contact_episode;new_contact_episode;new_contact_episode;new_contact_episode;new_contact_episode;new_contact_episode
E8,78,P01_109_79,put down potato slice,put-down,slice:potato,16,0,0,no_candidate,continuation_contact_run,,
E8,79,P01_109_77,put down potato slice,put-down,slice:potato,21,3,3,new_contact_episode,smoothed_contact_run_start_within_subaction,12411;12412;12413,new_contact_episode;new_contact_episode;new_contact_episode
E8,80,P01_109_80,pick up potato slices,pick-up,slice:potato,54,6,6,new_contact_episode,smoothed_contact_run_start_within_subaction,12424;12425;12426;12437;12438;12439,new_contact_episode;new_contact_episode;new_contact_episode;new_contact_episode;new_contact_episode;new_contact_episode
E8,81,P01_109_81,put down potato slices,put-down,slice:potato,17,3,3,new_contact_episode,smoothed_contact_run_start_within_subaction,12468;12469;12470,new_contact_episode;new_contact_episode;new_contact_episode
E8,82,P01_109_82,pick up potato slice,pick-up,slice:potato,143,6,6,new_contact_episode,smoothed_contact_run_start_within_subaction,12493;12494;12495;12502;12503;12504,new_contact_episode;new_contact_episode;new_contact_episode;new_contact_episode;new_contact_episode;new_contact_episode
E8,83,P01_109_83,put down potato slice,put-down,slice:potato,45,3,3,new_contact_episode,smoothed_contact_run_start_within_subaction,12578;12579;12580,new_contact_episode;new_contact_episode;new_contact_episode
E8,84,P01_109_84,pick up potato slice,pick-up,slice:potato,38,12,12,new_contact_episode,smoothed_contact_run_start_within_subaction,12634;12635;12636;12639;12640;12641;12655;12657;12658;12659;12658;12659,new_contact_episode;new_contact_episode;new_contact_episode;new_contact_episode;new_contact_episode;new_contact_episode;new_contact_episode;new_contact_episode;new_contact_episode;new_contact_episode;new_contact_episode;new_contact_episode
E8,85,P01_109_85,put down potato slice,put-down,slice:potato,21,4,4,new_contact_episode,smoothed_contact_run_start_within_subaction,12679;12680;12681;12691,new_contact_episode;new_contact_episode;new_contact_episode;new_contact_episode
E8,86,P01_109_86,pick up potato slice,pick-up,slice:potato,54,5,5,new_contact_episode,smoothed_contact_run_start_within_subaction,12724;12726;12729;12730;12731,new_contact_episode;new_contact_episode;new_contact_episode;new_contact_episode;new_contact_episode
E8,87,P01_109_87,put down potato slice,put-down,slice:potato,30,6,6,new_contact_episode,smoothed_contact_run_start_within_subaction,12758;12759;12760;12778;12779;12780,new_contact_episode;new_contact_episode;new_contact_episode;new_contact_episode;new_contact_episode;new_contact_episode
E8,88,P01_109_88,pick up knife,pick-up,knife,98,3,3,new_contact_episode,smoothed_contact_run_start_within_subaction,12879;12880;12881,new_contact_episode;new_contact_episode;new_contact_episode
E8,89,P01_109_89,cut potato slice,cut,slice:potato,241,3,3,new_contact_episode,smoothed_contact_run_start_within_subaction,12999;13000;13001,new_contact_episode;new_contact_episode;new_contact_episode
E8,90,P01_109_90,put down knife,put-down,knife,58,3,3,new_contact_episode,smoothed_contact_run_start_within_subaction,13047;13048;13049,new_contact_episode;new_contact_episode;new_contact_episode
E8,91,P01_109_91,put down potato slice,put-down,slice:potato,34,3,3,new_contact_episode,smoothed_contact_run_start_within_subaction,13078;13080;13081,new_contact_episode;new_contact_episode;new_contact_episode
E8,92,P01_109_92,pick up potato,pick-up,potato,32,8,8,new_contact_episode,smoothed_contact_run_start_within_subaction,13108;13109;13110;13111;13112;13114;13115;13116,new_contact_episode;new_contact_episode;new_contact_episode;new_contact_episode;new_contact_episode;new_contact_episode;new_contact_episode;new_contact_episode
E8,93,P01_109_93,pick up peeler,pick-up,peeler,56,3,3,new_contact_episode,smoothed_contact_run_start_within_subaction,13134;13135;13136,new_contact_episode;new_contact_episode;new_contact_episode
E8,94,P01_109_94,peel potato,peel,potato,4620,0,0,no_candidate,continuation_contact_run,,
E8,95,P01_109_95,put down potato,put-down,potato,80,3,3,new_contact_episode,smoothed_contact_run_start_within_subaction,15464;15465;15466,new_contact_episode;new_contact_episode;new_contact_episode
E8,96,P01_109_96,pick up peeler blade,pick-up,blade:peeler,132,6,6,new_contact_episode,smoothed_contact_run_start_within_subaction,15508;15509;15510;15557;15558;15559,new_contact_episode;new_contact_episode;new_contact_episode;new_contact_episode;new_contact_episode;new_contact_episode
E8,97,P01_109_97,fix peeler blade,fix,blade:peeler,389,3,3,new_contact_episode,smoothed_contact_run_start_within_subaction,15760;15761;15762,new_contact_episode;new_contact_episode;new_contact_episode
E8,98,P01_109_98,pick up potato,pick-up,potato,56,0,0,no_candidate,continuation_contact_run,,
E8,99,P01_109_99,peel potato,peel,potato,442,0,0,no_candidate,continuation_contact_run,,
