sample_key,rel_sample_dir,status,backend_final,final_policy,qc_passed_final,path_final,path_mask,mask_area_ratio,skin_ratio_after_final,boundary_delta_final,overlap_heatmap_top,overlap_crop150,inpaint_on_label_region
subaction_00_P01_109_0__episode_01_left__frame_000088_left,subaction_00_P01_109_0/episode_01_left/frame_000088_left,final_inpainted_qc_failed,lama,prefer_generated,False,outputs/e20-a/experiments/E20/pipeline_outputs/subaction_00_P01_109_0/episode_01_left/frame_000088_left/reference_frame_inpainted.png,outputs/e20-a/experiments/E20/pipeline_outputs/subaction_00_P01_109_0/episode_01_left/frame_000088_left/reference_hand_mask.png,0.0,,,0.0,0.0,False
subaction_01_P01_109_1__episode_01_right__frame_000161_right,subaction_01_P01_109_1/episode_01_right/frame_000161_right,final_inpainted_qc_failed,lama,prefer_generated,False,outputs/e20-a/experiments/E20/pipeline_outputs/subaction_01_P01_109_1/episode_01_right/frame_000161_right/reference_frame_inpainted.png,outputs/e20-a/experiments/E20/pipeline_outputs/subaction_01_P01_109_1/episode_01_right/frame_000161_right/reference_hand_mask.png,0.038411458333333336,0.11173757047667862,0.0,0.0,0.06266666666666666,False
subaction_06_P01_109_8__episode_01_right__frame_000527_right,subaction_06_P01_109_8/episode_01_right/frame_000527_right,final_inpainted_qc_failed,lama,prefer_generated,False,outputs/e20-a/experiments/E20/pipeline_outputs/subaction_06_P01_109_8/episode_01_right/frame_000527_right/reference_frame_inpainted.png,outputs/e20-a/experiments/E20/pipeline_outputs/subaction_06_P01_109_8/episode_01_right/frame_000527_right/reference_hand_mask.png,0.05377090186403509,0.3309253525971792,0.0,0.0,0.0,False
subaction_08_P01_109_7__episode_01_left__frame_000628_left,subaction_08_P01_109_7/episode_01_left/frame_000628_left,final_inpainted_qc_failed,sd,prefer_generated,False,outputs/e20-a/experiments/E20/pipeline_outputs/subaction_08_P01_109_7/episode_01_left/frame_000628_left/reference_frame_inpainted.png,outputs/e20-a/experiments/E20/pipeline_outputs/subaction_08_P01_109_7/episode_01_left/frame_000628_left/reference_hand_mask.png,0.0,,,0.0,0.0,False
subaction_09_P01_109_9__episode_01_left__frame_000628_left,subaction_09_P01_109_9/episode_01_left/frame_000628_left,final_inpainted_qc_failed,sd,prefer_generated,False,outputs/e20-a/experiments/E20/pipeline_outputs/subaction_09_P01_109_9/episode_01_left/frame_000628_left/reference_frame_inpainted.png,outputs/e20-a/experiments/E20/pipeline_outputs/subaction_09_P01_109_9/episode_01_left/frame_000628_left/reference_hand_mask.png,0.0,,,0.0,0.0,False
subaction_10_P01_109_10__episode_01_left__frame_000774_left,subaction_10_P01_109_10/episode_01_left/frame_000774_left,final_inpainted_qc_failed,lama,prefer_generated,False,outputs/e20-a/experiments/E20/pipeline_outputs/subaction_10_P01_109_10/episode_01_left/frame_000774_left/reference_frame_inpainted.png,outputs/e20-a/experiments/E20/pipeline_outputs/subaction_10_P01_109_10/episode_01_left/frame_000774_left/reference_hand_mask.png,0.0,,,0.0,0.0,False
subaction_12_P01_109_12__episode_01_left__frame_001070_left,subaction_12_P01_109_12/episode_01_left/frame_001070_left,final_inpainted_qc_failed,sd,prefer_generated,False,outputs/e20-a/experiments/E20/pipeline_outputs/subaction_12_P01_109_12/episode_01_left/frame_001070_left/reference_frame_inpainted.png,outputs/e20-a/experiments/E20/pipeline_outputs/subaction_12_P01_109_12/episode_01_left/frame_001070_left/reference_hand_mask.png,0.06708299067982457,0.5786907048913846,0.0,0.0,0.0,False
subaction_13_P01_109_13__episode_01_right__frame_001182_right,subaction_13_P01_109_13/episode_01_right/frame_001182_right,final_inpainted_qc_failed,lama,prefer_generated,False,outputs/e20-a/experiments/E20/pipeline_outputs/subaction_13_P01_109_13/episode_01_right/frame_001182_right/reference_frame_inpainted.png,outputs/e20-a/experiments/E20/pipeline_outputs/subaction_13_P01_109_13/episode_01_right/frame_001182_right/reference_hand_mask.png,0.05559553179824561,0.7370289998027224,0.0,0.45694444444444443,0.11751111111111111,True
subaction_14_P01_109_14__episode_01_right__frame_001258_right,subaction_14_P01_109_14/episode_01_right/frame_001258_right,final_inpainted,lama,prefer_generated,True,outputs/e20-a/experiments/E20/pipeline_outputs/subaction_14_P01_109_14/episode_01_right/frame_001258_right/reference_frame_inpainted.png,outputs/e20-a/experiments/E20/pipeline_outputs/subaction_14_P01_109_14/episode_01_right/frame_001258_right/reference_hand_mask.png,0.03843715734649123,0.03330790744978388,0.0,0.9796380090497737,0.1976,True
subaction_16_P01_109_16__episode_01_left__frame_001345_left,subaction_16_P01_109_16/episode_01_left/frame_001345_left,final_inpainted_qc_failed,lama,prefer_generated,False,outputs/e20-a/experiments/E20/pipeline_outputs/subaction_16_P01_109_16/episode_01_left/frame_001345_left/reference_frame_inpainted.png,outputs/e20-a/experiments/E20/pipeline_outputs/subaction_16_P01_109_16/episode_01_left/frame_001345_left/reference_hand_mask.png,0.08637438322368421,0.3240098456030432,0.0,0.0,0.0067555555555555554,False
subaction_17_P01_109_17__episode_01_left__frame_001422_left,subaction_17_P01_109_17/episode_01_left/frame_001422_left,final_inpainted_qc_failed,lama,prefer_generated,False,outputs/e20-a/experiments/E20/pipeline_outputs/subaction_17_P01_109_17/episode_01_left/frame_001422_left/reference_frame_inpainted.png,outputs/e20-a/experiments/E20/pipeline_outputs/subaction_17_P01_109_17/episode_01_left/frame_001422_left/reference_hand_mask.png,0.013826069078947368,0.3150684931506849,0.0,0.0,0.0,False
subaction_18_P01_109_18__episode_01_right__frame_001496_right,subaction_18_P01_109_18/episode_01_right/frame_001496_right,final_inpainted_qc_failed,sd,prefer_generated,False,outputs/e20-a/experiments/E20/pipeline_outputs/subaction_18_P01_109_18/episode_01_right/frame_001496_right/reference_frame_inpainted.png,outputs/e20-a/experiments/E20/pipeline_outputs/subaction_18_P01_109_18/episode_01_right/frame_001496_right/reference_hand_mask.png,0.030581825657894735,0.7627952755905512,0.0,0.0,0.09075555555555556,False
subaction_20_P01_109_20__episode_01_left__frame_001827_left,subaction_20_P01_109_20/episode_01_left/frame_001827_left,final_inpainted_qc_failed,sd,prefer_generated,False,outputs/e20-a/experiments/E20/pipeline_outputs/subaction_20_P01_109_20/episode_01_left/frame_001827_left/reference_frame_inpainted.png,outputs/e20-a/experiments/E20/pipeline_outputs/subaction_20_P01_109_20/episode_01_left/frame_001827_left/reference_hand_mask.png,0.02875719572368421,0.6117339312406577,0.0,0.8442105263157895,0.1492,True
subaction_21_P01_109_21__episode_01_left__frame_002088_left,subaction_21_P01_109_21/episode_01_left/frame_002088_left,final_inpainted_qc_failed,lama,prefer_generated,False,outputs/e20-a/experiments/E20/pipeline_outputs/subaction_21_P01_109_21/episode_01_left/frame_002088_left/reference_frame_inpainted.png,outputs/e20-a/experiments/E20/pipeline_outputs/subaction_21_P01_109_21/episode_01_left/frame_002088_left/reference_hand_mask.png,0.0,,,0.0,0.0,False
subaction_22_P01_109_22__episode_01_right__frame_002142_right,subaction_22_P01_109_22/episode_01_right/frame_002142_right,final_inpainted_qc_failed,lama,prefer_generated,False,outputs/e20-a/experiments/E20/pipeline_outputs/subaction_22_P01_109_22/episode_01_right/frame_002142_right/reference_frame_inpainted.png,outputs/e20-a/experiments/E20/pipeline_outputs/subaction_22_P01_109_22/episode_01_right/frame_002142_right/reference_hand_mask.png,0.0,,,0.0,0.0,False
subaction_23_P01_109_23__episode_01_right__frame_002214_right,subaction_23_P01_109_23/episode_01_right/frame_002214_right,final_inpainted_qc_failed,lama,prefer_generated,False,outputs/e20-a/experiments/E20/pipeline_outputs/subaction_23_P01_109_23/episode_01_right/frame_002214_right/reference_frame_inpainted.png,outputs/e20-a/experiments/E20/pipeline_outputs/subaction_23_P01_109_23/episode_01_right/frame_002214_right/reference_hand_mask.png,0.10771313048245613,0.9241635031341043,0.0,0.972027972027972,0.38835555555555556,True
subaction_24_P01_109_24__episode_01_left__frame_002325_left,subaction_24_P01_109_24/episode_01_left/frame_002325_left,final_inpainted_qc_failed,lama,prefer_generated,False,outputs/e20-a/experiments/E20/pipeline_outputs/subaction_24_P01_109_24/episode_01_left/frame_002325_left/reference_frame_inpainted.png,outputs/e20-a/experiments/E20/pipeline_outputs/subaction_24_P01_109_24/episode_01_left/frame_002325_left/reference_hand_mask.png,0.0,,,0.0,0.0,False
subaction_25_P01_109_25__episode_01_right__frame_002341_right,subaction_25_P01_109_25/episode_01_right/frame_002341_right,final_inpainted_qc_failed,sd,prefer_generated,False,outputs/e20-a/experiments/E20/pipeline_outputs/subaction_25_P01_109_25/episode_01_right/frame_002341_right/reference_frame_inpainted.png,outputs/e20-a/experiments/E20/pipeline_outputs/subaction_25_P01_109_25/episode_01_right/frame_002341_right/reference_hand_mask.png,0.0317211485745614,0.959190031152648,0.0,0.0,0.0,False
subaction_27_P01_109_27__episode_01_right__frame_002468_right,subaction_27_P01_109_27/episode_01_right/frame_002468_right,final_inpainted_qc_failed,lama,prefer_generated,False,outputs/e20-a/experiments/E20/pipeline_outputs/subaction_27_P01_109_27/episode_01_right/frame_002468_right/reference_frame_inpainted.png,outputs/e20-a/experiments/E20/pipeline_outputs/subaction_27_P01_109_27/episode_01_right/frame_002468_right/reference_hand_mask.png,0.02900561951754386,0.9219913759310074,0.0,0.5020519835841313,0.1504888888888889,True
subaction_28_P01_109_28__episode_01_right__frame_002484_right,subaction_28_P01_109_28/episode_01_right/frame_002484_right,final_inpainted_qc_failed,lama,prefer_generated,False,outputs/e20-a/experiments/E20/pipeline_outputs/subaction_28_P01_109_28/episode_01_right/frame_002484_right/reference_frame_inpainted.png,outputs/e20-a/experiments/E20/pipeline_outputs/subaction_28_P01_109_28/episode_01_right/frame_002484_right/reference_hand_mask.png,0.02900561951754386,0.9219913759310074,0.0,0.9321428571428572,0.1504888888888889,True
subaction_29_P01_109_29__episode_01_right__frame_002550_right,subaction_29_P01_109_29/episode_01_right/frame_002550_right,final_inpainted_qc_failed,sd,prefer_generated,False,outputs/e20-a/experiments/E20/pipeline_outputs/subaction_29_P01_109_29/episode_01_right/frame_002550_right/reference_frame_inpainted.png,outputs/e20-a/experiments/E20/pipeline_outputs/subaction_29_P01_109_29/episode_01_right/frame_002550_right/reference_hand_mask.png,0.0590648985745614,0.8538576903849359,0.0,0.0,0.06675555555555555,False
subaction_30_P01_109_30__episode_01_left__frame_002708_left,subaction_30_P01_109_30/episode_01_left/frame_002708_left,final_inpainted_qc_failed,sd,prefer_generated,False,outputs/e20-a/experiments/E20/pipeline_outputs/subaction_30_P01_109_30/episode_01_left/frame_002708_left/reference_frame_inpainted.png,outputs/e20-a/experiments/E20/pipeline_outputs/subaction_30_P01_109_30/episode_01_left/frame_002708_left/reference_hand_mask.png,0.07963267543859649,0.8806166347992351,0.0,0.0,0.2174222222222222,False
subaction_31_P01_109_31__episode_01_left__frame_002968_left,subaction_31_P01_109_31/episode_01_left/frame_002968_left,final_inpainted_qc_failed,lama,prefer_generated,False,outputs/e20-a/experiments/E20/pipeline_outputs/subaction_31_P01_109_31/episode_01_left/frame_002968_left/reference_frame_inpainted.png,outputs/e20-a/experiments/E20/pipeline_outputs/subaction_31_P01_109_31/episode_01_left/frame_002968_left/reference_hand_mask.png,0.0962256716008772,0.9611035289530123,0.0,0.0,0.20266666666666666,False
subaction_32_P01_109_32__episode_01_left__frame_003009_left,subaction_32_P01_109_32/episode_01_left/frame_003009_left,final_inpainted_qc_failed,sd,prefer_generated,False,outputs/e20-a/experiments/E20/pipeline_outputs/subaction_32_P01_109_32/episode_01_left/frame_003009_left/reference_frame_inpainted.png,outputs/e20-a/experiments/E20/pipeline_outputs/subaction_32_P01_109_32/episode_01_left/frame_003009_left/reference_hand_mask.png,0.0962256716008772,0.6464223045427958,0.0,0.5764497041420118,0.4913777777777778,True
subaction_33_P01_109_33__episode_01_left__frame_003088_left,subaction_33_P01_109_33/episode_01_left/frame_003088_left,final_inpainted_qc_failed,sd,prefer_generated,False,outputs/e20-a/experiments/E20/pipeline_outputs/subaction_33_P01_109_33/episode_01_left/frame_003088_left/reference_frame_inpainted.png,outputs/e20-a/experiments/E20/pipeline_outputs/subaction_33_P01_109_33/episode_01_left/frame_003088_left/reference_hand_mask.png,0.0,,,0.0,0.0,False
subaction_34_P01_109_34__episode_01_left__frame_003122_left,subaction_34_P01_109_34/episode_01_left/frame_003122_left,final_inpainted_qc_failed,lama,prefer_generated,False,outputs/e20-a/experiments/E20/pipeline_outputs/subaction_34_P01_109_34/episode_01_left/frame_003122_left/reference_frame_inpainted.png,outputs/e20-a/experiments/E20/pipeline_outputs/subaction_34_P01_109_34/episode_01_left/frame_003122_left/reference_hand_mask.png,0.0,,,0.0,0.0,False
subaction_35_P01_109_35__episode_01_left__frame_003356_left,subaction_35_P01_109_35/episode_01_left/frame_003356_left,final_inpainted_qc_failed,lama,prefer_generated,False,outputs/e20-a/experiments/E20/pipeline_outputs/subaction_35_P01_109_35/episode_01_left/frame_003356_left/reference_frame_inpainted.png,outputs/e20-a/experiments/E20/pipeline_outputs/subaction_35_P01_109_35/episode_01_left/frame_003356_left/reference_hand_mask.png,0.0366125274122807,0.7049756625202812,0.0,0.010256410256410256,0.17506666666666668,True
subaction_47_P01_109_47__episode_01_left__frame_004648_left,subaction_47_P01_109_47/episode_01_left/frame_004648_left,final_inpainted_qc_failed,lama,prefer_generated,False,outputs/e20-a/experiments/E20/pipeline_outputs/subaction_47_P01_109_47/episode_01_left/frame_004648_left/reference_frame_inpainted.png,outputs/e20-a/experiments/E20/pipeline_outputs/subaction_47_P01_109_47/episode_01_left/frame_004648_left/reference_hand_mask.png,0.0,,,0.0,0.0,False
subaction_48_P01_109_48__episode_01_left__frame_004692_left,subaction_48_P01_109_48/episode_01_left/frame_004692_left,final_inpainted_qc_failed,lama,prefer_generated,False,outputs/e20-a/experiments/E20/pipeline_outputs/subaction_48_P01_109_48/episode_01_left/frame_004692_left/reference_frame_inpainted.png,outputs/e20-a/experiments/E20/pipeline_outputs/subaction_48_P01_109_48/episode_01_left/frame_004692_left/reference_hand_mask.png,0.0,,,0.0,0.0,False
subaction_50_P01_109_50__episode_01_right__frame_004821_right,subaction_50_P01_109_50/episode_01_right/frame_004821_right,final_inpainted_qc_failed,sd,prefer_generated,False,outputs/e20-a/experiments/E20/pipeline_outputs/subaction_50_P01_109_50/episode_01_right/frame_004821_right/reference_frame_inpainted.png,outputs/e20-a/experiments/E20/pipeline_outputs/subaction_50_P01_109_50/episode_01_right/frame_004821_right/reference_hand_mask.png,0.041281181469298246,0.6482578810144584,0.0,0.0,0.0,False
subaction_53_P01_109_53__episode_01_right__frame_004947_right,subaction_53_P01_109_53/episode_01_right/frame_004947_right,final_inpainted_qc_failed,lama,prefer_generated,False,outputs/e20-a/experiments/E20/pipeline_outputs/subaction_53_P01_109_53/episode_01_right/frame_004947_right/reference_frame_inpainted.png,outputs/e20-a/experiments/E20/pipeline_outputs/subaction_53_P01_109_53/episode_01_right/frame_004947_right/reference_hand_mask.png,0.0,,,0.0,0.0,False
subaction_55_P01_109_55__episode_01_left__frame_005019_left,subaction_55_P01_109_55/episode_01_left/frame_005019_left,final_inpainted_qc_failed,lama,prefer_generated,False,outputs/e20-a/experiments/E20/pipeline_outputs/subaction_55_P01_109_55/episode_01_left/frame_005019_left/reference_frame_inpainted.png,outputs/e20-a/experiments/E20/pipeline_outputs/subaction_55_P01_109_55/episode_01_left/frame_005019_left/reference_hand_mask.png,0.06732284813596491,0.49460484106153396,0.0,0.0,0.016666666666666666,False
subaction_56_P01_109_56__episode_01_left__frame_005062_left,subaction_56_P01_109_56/episode_01_left/frame_005062_left,final_inpainted_qc_failed,lama,prefer_generated,False,outputs/e20-a/experiments/E20/pipeline_outputs/subaction_56_P01_109_56/episode_01_left/frame_005062_left/reference_frame_inpainted.png,outputs/e20-a/experiments/E20/pipeline_outputs/subaction_56_P01_109_56/episode_01_left/frame_005062_left/reference_hand_mask.png,0.06732284813596491,0.49460484106153396,0.0,0.0,0.0012,False
subaction_58_P01_109_58__episode_01_right__frame_007132_right,subaction_58_P01_109_58/episode_01_right/frame_007132_right,final_inpainted_qc_failed,lama,prefer_generated,False,outputs/e20-a/experiments/E20/pipeline_outputs/subaction_58_P01_109_58/episode_01_right/frame_007132_right/reference_frame_inpainted.png,outputs/e20-a/experiments/E20/pipeline_outputs/subaction_58_P01_109_58/episode_01_right/frame_007132_right/reference_hand_mask.png,0.19605777138157895,0.9857842666410528,0.0,0.9196428571428571,0.43373333333333336,True
subaction_64_P01_109_64__episode_01_left__frame_010144_left,subaction_64_P01_109_64/episode_01_left/frame_010144_left,final_inpainted_qc_failed,sd,prefer_generated,False,outputs/e20-a/experiments/E20/pipeline_outputs/subaction_64_P01_109_64/episode_01_left/frame_010144_left/reference_frame_inpainted.png,outputs/e20-a/experiments/E20/pipeline_outputs/subaction_64_P01_109_64/episode_01_left/frame_010144_left/reference_hand_mask.png,0.1436060855263158,0.6930633520449078,0.0,0.5744047619047619,0.26813333333333333,True
subaction_66_P01_109_66__episode_01_left__frame_010197_left,subaction_66_P01_109_66/episode_01_left/frame_010197_left,final_inpainted_qc_failed,sd,prefer_generated,False,outputs/e20-a/experiments/E20/pipeline_outputs/subaction_66_P01_109_66/episode_01_left/frame_010197_left/reference_frame_inpainted.png,outputs/e20-a/experiments/E20/pipeline_outputs/subaction_66_P01_109_66/episode_01_left/frame_010197_left/reference_hand_mask.png,0.09289336622807018,0.6320573139435415,0.0,0.9642857142857143,0.16666666666666666,True
subaction_67_P01_109_67__episode_01_right__frame_010261_right,subaction_67_P01_109_67/episode_01_right/frame_010261_right,final_inpainted_qc_failed,sd,prefer_generated,False,outputs/e20-a/experiments/E20/pipeline_outputs/subaction_67_P01_109_67/episode_01_right/frame_010261_right/reference_frame_inpainted.png,outputs/e20-a/experiments/E20/pipeline_outputs/subaction_67_P01_109_67/episode_01_right/frame_010261_right/reference_hand_mask.png,0.19686300712719298,0.6349137515659632,0.0,0.008695652173913044,0.18462222222222222,True
subaction_68_P01_109_68__episode_01_right__frame_010269_right,subaction_68_P01_109_68/episode_01_right/frame_010269_right,final_inpainted_qc_failed,lama,prefer_generated,False,outputs/e20-a/experiments/E20/pipeline_outputs/subaction_68_P01_109_68/episode_01_right/frame_010269_right/reference_frame_inpainted.png,outputs/e20-a/experiments/E20/pipeline_outputs/subaction_68_P01_109_68/episode_01_right/frame_010269_right/reference_hand_mask.png,0.19686300712719298,0.6006552953647489,0.0,0.42676767676767674,0.24702222222222223,True
subaction_69_P01_109_69__episode_01_left__frame_010374_left,subaction_69_P01_109_69/episode_01_left/frame_010374_left,final_inpainted_qc_failed,lama,prefer_generated,False,outputs/e20-a/experiments/E20/pipeline_outputs/subaction_69_P01_109_69/episode_01_left/frame_010374_left/reference_frame_inpainted.png,outputs/e20-a/experiments/E20/pipeline_outputs/subaction_69_P01_109_69/episode_01_left/frame_010374_left/reference_hand_mask.png,0.15960800438596492,0.9337112171837709,0.0,0.008207934336525308,0.39493333333333336,True
subaction_71_P01_109_71__episode_01_right__frame_011977_right,subaction_71_P01_109_71/episode_01_right/frame_011977_right,final_inpainted_qc_failed,lama,prefer_generated,False,outputs/e20-a/experiments/E20/pipeline_outputs/subaction_71_P01_109_71/episode_01_right/frame_011977_right/reference_frame_inpainted.png,outputs/e20-a/experiments/E20/pipeline_outputs/subaction_71_P01_109_71/episode_01_right/frame_011977_right/reference_hand_mask.png,0.20338199013157895,0.24055603195378436,0.0,1.0,0.5524,True
subaction_73_P01_109_73__episode_01_right__frame_012104_right,subaction_73_P01_109_73/episode_01_right/frame_012104_right,final_inpainted_qc_failed,sd,prefer_generated,False,outputs/e20-a/experiments/E20/pipeline_outputs/subaction_73_P01_109_73/episode_01_right/frame_012104_right/reference_frame_inpainted.png,outputs/e20-a/experiments/E20/pipeline_outputs/subaction_73_P01_109_73/episode_01_right/frame_012104_right/reference_hand_mask.png,0.13017406798245615,0.805093256814921,0.0,0.0,0.16244444444444445,False
subaction_75_P01_109_75__episode_01_right__frame_012295_right,subaction_75_P01_109_75/episode_01_right/frame_012295_right,final_inpainted_qc_failed,sd,prefer_generated,False,outputs/e20-a/experiments/E20/pipeline_outputs/subaction_75_P01_109_75/episode_01_right/frame_012295_right/reference_frame_inpainted.png,outputs/e20-a/experiments/E20/pipeline_outputs/subaction_75_P01_109_75/episode_01_right/frame_012295_right/reference_hand_mask.png,0.13017406798245615,0.802725968436155,0.0,1.0,0.4160888888888889,True
subaction_76_P01_109_76__episode_01_right__frame_012325_right,subaction_76_P01_109_76/episode_01_right/frame_012325_right,final_inpainted_qc_failed,lama,prefer_generated,False,outputs/e20-a/experiments/E20/pipeline_outputs/subaction_76_P01_109_76/episode_01_right/frame_012325_right/reference_frame_inpainted.png,outputs/e20-a/experiments/E20/pipeline_outputs/subaction_76_P01_109_76/episode_01_right/frame_012325_right/reference_hand_mask.png,0.13017406798245615,0.9657101865136298,0.0,0.0,0.00017777777777777779,False
subaction_77_P01_109_78__episode_01_left__frame_012335_left,subaction_77_P01_109_78/episode_01_left/frame_012335_left,final_inpainted_qc_failed,sd,prefer_generated,False,outputs/e20-a/experiments/E20/pipeline_outputs/subaction_77_P01_109_78/episode_01_left/frame_012335_left/reference_frame_inpainted.png,outputs/e20-a/experiments/E20/pipeline_outputs/subaction_77_P01_109_78/episode_01_left/frame_012335_left/reference_hand_mask.png,0.12560820997807018,0.6503322259136213,0.0,0.48333333333333334,0.22591111111111112,True
subaction_79_P01_109_77__episode_01_left__frame_012412_left,subaction_79_P01_109_77/episode_01_left/frame_012412_left,final_inpainted_qc_failed,sd,prefer_generated,False,outputs/e20-a/experiments/E20/pipeline_outputs/subaction_79_P01_109_77/episode_01_left/frame_012412_left/reference_frame_inpainted.png,outputs/e20-a/experiments/E20/pipeline_outputs/subaction_79_P01_109_77/episode_01_left/frame_012412_left/reference_hand_mask.png,0.18396210252192982,0.7650002633935626,0.0,0.22617283950617284,0.27773333333333333,True
subaction_80_P01_109_80__episode_01_right__frame_012424_right,subaction_80_P01_109_80/episode_01_right/frame_012424_right,final_inpainted_qc_failed,sd,prefer_generated,False,outputs/e20-a/experiments/E20/pipeline_outputs/subaction_80_P01_109_80/episode_01_right/frame_012424_right/reference_frame_inpainted.png,outputs/e20-a/experiments/E20/pipeline_outputs/subaction_80_P01_109_80/episode_01_right/frame_012424_right/reference_hand_mask.png,0.18678042763157895,0.688917592353397,0.0,0.0,0.23324444444444445,False
subaction_81_P01_109_81__episode_01_right__frame_012468_right,subaction_81_P01_109_81/episode_01_right/frame_012468_right,final_inpainted_qc_failed,sd,prefer_generated,False,outputs/e20-a/experiments/E20/pipeline_outputs/subaction_81_P01_109_81/episode_01_right/frame_012468_right/reference_frame_inpainted.png,outputs/e20-a/experiments/E20/pipeline_outputs/subaction_81_P01_109_81/episode_01_right/frame_012468_right/reference_hand_mask.png,0.18678042763157895,0.6292430896409197,0.0,1.0,0.2688888888888889,True
subaction_82_P01_109_82__episode_01_right__frame_012493_right,subaction_82_P01_109_82/episode_01_right/frame_012493_right,final_inpainted_qc_failed,lama,prefer_generated,False,outputs/e20-a/experiments/E20/pipeline_outputs/subaction_82_P01_109_82/episode_01_right/frame_012493_right/reference_frame_inpainted.png,outputs/e20-a/experiments/E20/pipeline_outputs/subaction_82_P01_109_82/episode_01_right/frame_012493_right/reference_hand_mask.png,0.16245202850877194,0.7901801694308556,0.0,0.0,0.1491111111111111,False
subaction_83_P01_109_83__episode_01_right__frame_012578_right,subaction_83_P01_109_83/episode_01_right/frame_012578_right,final_inpainted_qc_failed,lama,prefer_generated,False,outputs/e20-a/experiments/E20/pipeline_outputs/subaction_83_P01_109_83/episode_01_right/frame_012578_right/reference_frame_inpainted.png,outputs/e20-a/experiments/E20/pipeline_outputs/subaction_83_P01_109_83/episode_01_right/frame_012578_right/reference_hand_mask.png,0.16245202850877194,0.7901801694308556,0.0,0.7906403940886699,0.18466666666666667,True
subaction_84_P01_109_84__episode_01_right__frame_012634_right,subaction_84_P01_109_84/episode_01_right/frame_012634_right,final_inpainted_qc_failed,lama,prefer_generated,False,outputs/e20-a/experiments/E20/pipeline_outputs/subaction_84_P01_109_84/episode_01_right/frame_012634_right/reference_frame_inpainted.png,outputs/e20-a/experiments/E20/pipeline_outputs/subaction_84_P01_109_84/episode_01_right/frame_012634_right/reference_hand_mask.png,0.18233449835526316,0.6916847509659663,0.0,0.9197994987468672,0.2870666666666667,True
subaction_86_P01_109_86__episode_01_left__frame_012724_left,subaction_86_P01_109_86/episode_01_left/frame_012724_left,final_inpainted_qc_failed,sd,prefer_generated,False,outputs/e20-a/experiments/E20/pipeline_outputs/subaction_86_P01_109_86/episode_01_left/frame_012724_left/reference_frame_inpainted.png,outputs/e20-a/experiments/E20/pipeline_outputs/subaction_86_P01_109_86/episode_01_left/frame_012724_left/reference_hand_mask.png,0.14510519462719298,0.6175879722636252,0.0,1.0,0.39093333333333335,True
subaction_87_P01_109_87__episode_01_right__frame_012758_right,subaction_87_P01_109_87/episode_01_right/frame_012758_right,final_inpainted_qc_failed,sd,prefer_generated,False,outputs/e20-a/experiments/E20/pipeline_outputs/subaction_87_P01_109_87/episode_01_right/frame_012758_right/reference_frame_inpainted.png,outputs/e20-a/experiments/E20/pipeline_outputs/subaction_87_P01_109_87/episode_01_right/frame_012758_right/reference_hand_mask.png,0.14588473135964913,0.6512586106998004,0.0,0.0,0.014755555555555555,False
subaction_88_P01_109_88__episode_01_right__frame_012880_right,subaction_88_P01_109_88/episode_01_right/frame_012880_right,final_inpainted_qc_failed,lama,prefer_generated,False,outputs/e20-a/experiments/E20/pipeline_outputs/subaction_88_P01_109_88/episode_01_right/frame_012880_right/reference_frame_inpainted.png,outputs/e20-a/experiments/E20/pipeline_outputs/subaction_88_P01_109_88/episode_01_right/frame_012880_right/reference_hand_mask.png,0.14588473135964913,0.9544840018026138,0.0,0.8823529411764706,0.5224444444444445,True
subaction_89_P01_109_89__episode_01_left__frame_012999_left,subaction_89_P01_109_89/episode_01_left/frame_012999_left,final_inpainted_qc_failed,lama,prefer_generated,False,outputs/e20-a/experiments/E20/pipeline_outputs/subaction_89_P01_109_89/episode_01_left/frame_012999_left/reference_frame_inpainted.png,outputs/e20-a/experiments/E20/pipeline_outputs/subaction_89_P01_109_89/episode_01_left/frame_012999_left/reference_hand_mask.png,0.19081517269736842,0.9178503441206619,0.0,0.0,0.0284,False
subaction_93_P01_109_93__episode_01_right__frame_013134_right,subaction_93_P01_109_93/episode_01_right/frame_013134_right,final_inpainted_qc_failed,sd,prefer_generated,False,outputs/e20-a/experiments/E20/pipeline_outputs/subaction_93_P01_109_93/episode_01_right/frame_013134_right/reference_frame_inpainted.png,outputs/e20-a/experiments/E20/pipeline_outputs/subaction_93_P01_109_93/episode_01_right/frame_013134_right/reference_hand_mask.png,0.12147066885964912,0.9536375446573563,0.0,1.0,0.14506666666666668,True
subaction_95_P01_109_95__episode_01_right__frame_015464_right,subaction_95_P01_109_95/episode_01_right/frame_015464_right,final_inpainted_qc_failed,sd,prefer_generated,False,outputs/e20-a/experiments/E20/pipeline_outputs/subaction_95_P01_109_95/episode_01_right/frame_015464_right/reference_frame_inpainted.png,outputs/e20-a/experiments/E20/pipeline_outputs/subaction_95_P01_109_95/episode_01_right/frame_015464_right/reference_hand_mask.png,0.19924444901315788,0.715365121081284,0.0,0.8727272727272727,0.6012,True
