subaction_index,narration_id,narration,verb,noun,episode_id_within_subaction,episode_contact_start_frame_0_based,frame_0_based,candidate_frame_offset_from_episode_start,hand,reference_mode,ref_idx,ref_gap,reference_anchor_gap,sample_dir,reference_frame,label_heatmap_overlay,vrb_style_affordance,problem3_full_overlay,problem3_crop,inpaint_backend,inpaint_attempted,inpaint_applied,inpaint_required,inpaint_status,inpaint_fail_reason,inpaint_fail_policy,inpaint_mask_area_ratio,inpaint_boundary_delta,inpaint_active_hand_masked,inpaint_any_hand_masked,inpaint_masked_hand_count,inpaint_reference_frame_original,inpaint_reference_frame,inpaint_mask_path,inpaint_before_after_path
6,P01_109_8,pick up potato,pick-up,potato,1.0,527.0,527.0,0.0,right,active_hand_invisible_pre_contact,511.0,16.0,16.0,outputs/e19_e18_hand_inpaint_reference/experiments/E19/pipeline_outputs/subaction_06_P01_109_8/episode_01_right/frame_000527_right,outputs/e19_e18_hand_inpaint_reference/experiments/E19/pipeline_outputs/subaction_06_P01_109_8/episode_01_right/frame_000527_right/reference_frame.png,outputs/e19_e18_hand_inpaint_reference/experiments/E19/pipeline_outputs/subaction_06_P01_109_8/episode_01_right/frame_000527_right/label_heatmap_merged_overlay.png,outputs/e19_e18_hand_inpaint_reference/experiments/E19/pipeline_outputs/subaction_06_P01_109_8/episode_01_right/frame_000527_right/vrb_style_affordance.png,outputs/e19_e18_hand_inpaint_reference/experiments/E19/pipeline_outputs/subaction_06_P01_109_8/episode_01_right/frame_000527_right/diagnostics/problem3_ref_full_overlay.png,outputs/e19_e18_hand_inpaint_reference/experiments/E19/pipeline_outputs/subaction_06_P01_109_8/episode_01_right/frame_000527_right/diagnostics/problem3_ref_crop.png,opencv_telea,False,False,False,not_required,,keep_original,0.07075794956140351,,False,True,1,,,,
12,P01_109_12,open drawer,open,drawer,1.0,1070.0,1070.0,0.0,left,active_hand_invisible_pre_contact,1068.0,2.0,2.0,outputs/e19_e18_hand_inpaint_reference/experiments/E19/pipeline_outputs/subaction_12_P01_109_12/episode_01_left/frame_001070_left,outputs/e19_e18_hand_inpaint_reference/experiments/E19/pipeline_outputs/subaction_12_P01_109_12/episode_01_left/frame_001070_left/reference_frame.png,outputs/e19_e18_hand_inpaint_reference/experiments/E19/pipeline_outputs/subaction_12_P01_109_12/episode_01_left/frame_001070_left/label_heatmap_merged_overlay.png,outputs/e19_e18_hand_inpaint_reference/experiments/E19/pipeline_outputs/subaction_12_P01_109_12/episode_01_left/frame_001070_left/vrb_style_affordance.png,outputs/e19_e18_hand_inpaint_reference/experiments/E19/pipeline_outputs/subaction_12_P01_109_12/episode_01_left/frame_001070_left/diagnostics/problem3_ref_full_overlay.png,outputs/e19_e18_hand_inpaint_reference/experiments/E19/pipeline_outputs/subaction_12_P01_109_12/episode_01_left/frame_001070_left/diagnostics/problem3_ref_crop.png,opencv_telea,False,False,False,not_required,,keep_original,0.06477864583333333,,False,True,1,,,,
14,P01_109_14,put beer into drawer,put-into,beer,1.0,1258.0,1258.0,0.0,right,active_hand_invisible_pre_contact,1256.0,2.0,2.0,outputs/e19_e18_hand_inpaint_reference/experiments/E19/pipeline_outputs/subaction_14_P01_109_14/episode_01_right/frame_001258_right,outputs/e19_e18_hand_inpaint_reference/experiments/E19/pipeline_outputs/subaction_14_P01_109_14/episode_01_right/frame_001258_right/reference_frame.png,outputs/e19_e18_hand_inpaint_reference/experiments/E19/pipeline_outputs/subaction_14_P01_109_14/episode_01_right/frame_001258_right/label_heatmap_merged_overlay.png,outputs/e19_e18_hand_inpaint_reference/experiments/E19/pipeline_outputs/subaction_14_P01_109_14/episode_01_right/frame_001258_right/vrb_style_affordance.png,outputs/e19_e18_hand_inpaint_reference/experiments/E19/pipeline_outputs/subaction_14_P01_109_14/episode_01_right/frame_001258_right/diagnostics/problem3_ref_full_overlay.png,outputs/e19_e18_hand_inpaint_reference/experiments/E19/pipeline_outputs/subaction_14_P01_109_14/episode_01_right/frame_001258_right/diagnostics/problem3_ref_crop.png,opencv_telea,False,False,False,not_required,,keep_original,0.05873081140350877,,False,True,1,,,,
16,P01_109_16,close drawer,close,drawer,1.0,1345.0,1345.0,0.0,left,active_hand_invisible_pre_contact,1258.0,87.0,87.0,outputs/e19_e18_hand_inpaint_reference/experiments/E19/pipeline_outputs/subaction_16_P01_109_16/episode_01_left/frame_001345_left,outputs/e19_e18_hand_inpaint_reference/experiments/E19/pipeline_outputs/subaction_16_P01_109_16/episode_01_left/frame_001345_left/reference_frame.png,outputs/e19_e18_hand_inpaint_reference/experiments/E19/pipeline_outputs/subaction_16_P01_109_16/episode_01_left/frame_001345_left/label_heatmap_merged_overlay.png,outputs/e19_e18_hand_inpaint_reference/experiments/E19/pipeline_outputs/subaction_16_P01_109_16/episode_01_left/frame_001345_left/vrb_style_affordance.png,outputs/e19_e18_hand_inpaint_reference/experiments/E19/pipeline_outputs/subaction_16_P01_109_16/episode_01_left/frame_001345_left/diagnostics/problem3_ref_full_overlay.png,outputs/e19_e18_hand_inpaint_reference/experiments/E19/pipeline_outputs/subaction_16_P01_109_16/episode_01_left/frame_001345_left/diagnostics/problem3_ref_crop.png,opencv_telea,False,False,False,not_required,,keep_original,0.09302186129385964,,False,True,2,,,,
17,P01_109_17,close freezer,close,freezer,1.0,1422.0,1422.0,0.0,left,active_hand_invisible_pre_contact,1420.0,2.0,2.0,outputs/e19_e18_hand_inpaint_reference/experiments/E19/pipeline_outputs/subaction_17_P01_109_17/episode_01_left/frame_001422_left,outputs/e19_e18_hand_inpaint_reference/experiments/E19/pipeline_outputs/subaction_17_P01_109_17/episode_01_left/frame_001422_left/reference_frame.png,outputs/e19_e18_hand_inpaint_reference/experiments/E19/pipeline_outputs/subaction_17_P01_109_17/episode_01_left/frame_001422_left/label_heatmap_merged_overlay.png,outputs/e19_e18_hand_inpaint_reference/experiments/E19/pipeline_outputs/subaction_17_P01_109_17/episode_01_left/frame_001422_left/vrb_style_affordance.png,outputs/e19_e18_hand_inpaint_reference/experiments/E19/pipeline_outputs/subaction_17_P01_109_17/episode_01_left/frame_001422_left/diagnostics/problem3_ref_full_overlay.png,outputs/e19_e18_hand_inpaint_reference/experiments/E19/pipeline_outputs/subaction_17_P01_109_17/episode_01_left/frame_001422_left/diagnostics/problem3_ref_crop.png,opencv_telea,False,False,False,not_required,,keep_original,0.01596765350877193,,False,True,1,,,,
18,P01_109_18,pick up rucksack,pick-up,rucksack,1.0,1496.0,1496.0,0.0,right,active_hand_invisible_pre_contact,1467.0,29.0,29.0,outputs/e19_e18_hand_inpaint_reference/experiments/E19/pipeline_outputs/subaction_18_P01_109_18/episode_01_right/frame_001496_right,outputs/e19_e18_hand_inpaint_reference/experiments/E19/pipeline_outputs/subaction_18_P01_109_18/episode_01_right/frame_001496_right/reference_frame.png,outputs/e19_e18_hand_inpaint_reference/experiments/E19/pipeline_outputs/subaction_18_P01_109_18/episode_01_right/frame_001496_right/label_heatmap_merged_overlay.png,outputs/e19_e18_hand_inpaint_reference/experiments/E19/pipeline_outputs/subaction_18_P01_109_18/episode_01_right/frame_001496_right/vrb_style_affordance.png,outputs/e19_e18_hand_inpaint_reference/experiments/E19/pipeline_outputs/subaction_18_P01_109_18/episode_01_right/frame_001496_right/diagnostics/problem3_ref_full_overlay.png,outputs/e19_e18_hand_inpaint_reference/experiments/E19/pipeline_outputs/subaction_18_P01_109_18/episode_01_right/frame_001496_right/diagnostics/problem3_ref_crop.png,opencv_telea,False,False,False,not_required,,keep_original,0.034505208333333336,,False,True,1,,,,
20,P01_109_20,close door,close,door,1.0,1827.0,1827.0,0.0,left,active_hand_invisible_pre_contact,1826.0,1.0,1.0,outputs/e19_e18_hand_inpaint_reference/experiments/E19/pipeline_outputs/subaction_20_P01_109_20/episode_01_left/frame_001827_left,outputs/e19_e18_hand_inpaint_reference/experiments/E19/pipeline_outputs/subaction_20_P01_109_20/episode_01_left/frame_001827_left/reference_frame.png,outputs/e19_e18_hand_inpaint_reference/experiments/E19/pipeline_outputs/subaction_20_P01_109_20/episode_01_left/frame_001827_left/label_heatmap_merged_overlay.png,outputs/e19_e18_hand_inpaint_reference/experiments/E19/pipeline_outputs/subaction_20_P01_109_20/episode_01_left/frame_001827_left/vrb_style_affordance.png,outputs/e19_e18_hand_inpaint_reference/experiments/E19/pipeline_outputs/subaction_20_P01_109_20/episode_01_left/frame_001827_left/diagnostics/problem3_ref_full_overlay.png,outputs/e19_e18_hand_inpaint_reference/experiments/E19/pipeline_outputs/subaction_20_P01_109_20/episode_01_left/frame_001827_left/diagnostics/problem3_ref_crop.png,opencv_telea,False,False,False,not_required,,keep_original,0.040004797149122806,,False,True,1,,,,
21,P01_109_21,pick up cup,pick-up,cup,1.0,2088.0,2088.0,0.0,left,active_hand_invisible_pre_contact,2087.0,1.0,1.0,outputs/e19_e18_hand_inpaint_reference/experiments/E19/pipeline_outputs/subaction_21_P01_109_21/episode_01_left/frame_002088_left,outputs/e19_e18_hand_inpaint_reference/experiments/E19/pipeline_outputs/subaction_21_P01_109_21/episode_01_left/frame_002088_left/reference_frame.png,outputs/e19_e18_hand_inpaint_reference/experiments/E19/pipeline_outputs/subaction_21_P01_109_21/episode_01_left/frame_002088_left/label_heatmap_merged_overlay.png,outputs/e19_e18_hand_inpaint_reference/experiments/E19/pipeline_outputs/subaction_21_P01_109_21/episode_01_left/frame_002088_left/vrb_style_affordance.png,outputs/e19_e18_hand_inpaint_reference/experiments/E19/pipeline_outputs/subaction_21_P01_109_21/episode_01_left/frame_002088_left/diagnostics/problem3_ref_full_overlay.png,outputs/e19_e18_hand_inpaint_reference/experiments/E19/pipeline_outputs/subaction_21_P01_109_21/episode_01_left/frame_002088_left/diagnostics/problem3_ref_crop.png,opencv_telea,False,False,False,not_required,,keep_original,0.0,,False,False,0,,,,
22,P01_109_22,put down cup,put-down,cup,1.0,2142.0,2142.0,0.0,right,active_hand_invisible_pre_contact,2140.0,2.0,2.0,outputs/e19_e18_hand_inpaint_reference/experiments/E19/pipeline_outputs/subaction_22_P01_109_22/episode_01_right/frame_002142_right,outputs/e19_e18_hand_inpaint_reference/experiments/E19/pipeline_outputs/subaction_22_P01_109_22/episode_01_right/frame_002142_right/reference_frame.png,outputs/e19_e18_hand_inpaint_reference/experiments/E19/pipeline_outputs/subaction_22_P01_109_22/episode_01_right/frame_002142_right/label_heatmap_merged_overlay.png,outputs/e19_e18_hand_inpaint_reference/experiments/E19/pipeline_outputs/subaction_22_P01_109_22/episode_01_right/frame_002142_right/vrb_style_affordance.png,outputs/e19_e18_hand_inpaint_reference/experiments/E19/pipeline_outputs/subaction_22_P01_109_22/episode_01_right/frame_002142_right/diagnostics/problem3_ref_full_overlay.png,outputs/e19_e18_hand_inpaint_reference/experiments/E19/pipeline_outputs/subaction_22_P01_109_22/episode_01_right/frame_002142_right/diagnostics/problem3_ref_crop.png,opencv_telea,False,False,False,not_required,,keep_original,0.0,,False,False,0,,,,
24,P01_109_24,open drawer,open,drawer,1.0,2325.0,2325.0,0.0,left,active_hand_invisible_pre_contact,2311.0,14.0,14.0,outputs/e19_e18_hand_inpaint_reference/experiments/E19/pipeline_outputs/subaction_24_P01_109_24/episode_01_left/frame_002325_left,outputs/e19_e18_hand_inpaint_reference/experiments/E19/pipeline_outputs/subaction_24_P01_109_24/episode_01_left/frame_002325_left/reference_frame.png,outputs/e19_e18_hand_inpaint_reference/experiments/E19/pipeline_outputs/subaction_24_P01_109_24/episode_01_left/frame_002325_left/label_heatmap_merged_overlay.png,outputs/e19_e18_hand_inpaint_reference/experiments/E19/pipeline_outputs/subaction_24_P01_109_24/episode_01_left/frame_002325_left/vrb_style_affordance.png,outputs/e19_e18_hand_inpaint_reference/experiments/E19/pipeline_outputs/subaction_24_P01_109_24/episode_01_left/frame_002325_left/diagnostics/problem3_ref_full_overlay.png,outputs/e19_e18_hand_inpaint_reference/experiments/E19/pipeline_outputs/subaction_24_P01_109_24/episode_01_left/frame_002325_left/diagnostics/problem3_ref_crop.png,opencv_telea,False,False,False,not_required,,keep_original,0.0,,False,False,0,,,,
25,P01_109_25,put spoon into drawer,put-into,spoon,1.0,2341.0,2341.0,0.0,right,active_hand_invisible_pre_contact,2338.0,3.0,3.0,outputs/e19_e18_hand_inpaint_reference/experiments/E19/pipeline_outputs/subaction_25_P01_109_25/episode_01_right/frame_002341_right,outputs/e19_e18_hand_inpaint_reference/experiments/E19/pipeline_outputs/subaction_25_P01_109_25/episode_01_right/frame_002341_right/reference_frame.png,outputs/e19_e18_hand_inpaint_reference/experiments/E19/pipeline_outputs/subaction_25_P01_109_25/episode_01_right/frame_002341_right/label_heatmap_merged_overlay.png,outputs/e19_e18_hand_inpaint_reference/experiments/E19/pipeline_outputs/subaction_25_P01_109_25/episode_01_right/frame_002341_right/vrb_style_affordance.png,outputs/e19_e18_hand_inpaint_reference/experiments/E19/pipeline_outputs/subaction_25_P01_109_25/episode_01_right/frame_002341_right/diagnostics/problem3_ref_full_overlay.png,outputs/e19_e18_hand_inpaint_reference/experiments/E19/pipeline_outputs/subaction_25_P01_109_25/episode_01_right/frame_002341_right/diagnostics/problem3_ref_crop.png,opencv_telea,False,False,False,not_required,,keep_original,0.035721628289473686,,False,True,1,,,,
27,P01_109_27,pour hand wash,pour,wash:hand,1.0,2468.0,2468.0,0.0,right,active_hand_invisible_pre_contact,2462.0,6.0,6.0,outputs/e19_e18_hand_inpaint_reference/experiments/E19/pipeline_outputs/subaction_27_P01_109_27/episode_01_right/frame_002468_right,outputs/e19_e18_hand_inpaint_reference/experiments/E19/pipeline_outputs/subaction_27_P01_109_27/episode_01_right/frame_002468_right/reference_frame.png,outputs/e19_e18_hand_inpaint_reference/experiments/E19/pipeline_outputs/subaction_27_P01_109_27/episode_01_right/frame_002468_right/label_heatmap_merged_overlay.png,outputs/e19_e18_hand_inpaint_reference/experiments/E19/pipeline_outputs/subaction_27_P01_109_27/episode_01_right/frame_002468_right/vrb_style_affordance.png,outputs/e19_e18_hand_inpaint_reference/experiments/E19/pipeline_outputs/subaction_27_P01_109_27/episode_01_right/frame_002468_right/diagnostics/problem3_ref_full_overlay.png,outputs/e19_e18_hand_inpaint_reference/experiments/E19/pipeline_outputs/subaction_27_P01_109_27/episode_01_right/frame_002468_right/diagnostics/problem3_ref_crop.png,opencv_telea,False,False,False,not_required,,keep_original,0.03833436129385965,,False,True,1,,,,
28,P01_109_28,wash hands,wash,hand,1.0,2484.0,2484.0,0.0,right,active_hand_invisible_pre_contact,2462.0,22.0,22.0,outputs/e19_e18_hand_inpaint_reference/experiments/E19/pipeline_outputs/subaction_28_P01_109_28/episode_01_right/frame_002484_right,outputs/e19_e18_hand_inpaint_reference/experiments/E19/pipeline_outputs/subaction_28_P01_109_28/episode_01_right/frame_002484_right/reference_frame.png,outputs/e19_e18_hand_inpaint_reference/experiments/E19/pipeline_outputs/subaction_28_P01_109_28/episode_01_right/frame_002484_right/label_heatmap_merged_overlay.png,outputs/e19_e18_hand_inpaint_reference/experiments/E19/pipeline_outputs/subaction_28_P01_109_28/episode_01_right/frame_002484_right/vrb_style_affordance.png,outputs/e19_e18_hand_inpaint_reference/experiments/E19/pipeline_outputs/subaction_28_P01_109_28/episode_01_right/frame_002484_right/diagnostics/problem3_ref_full_overlay.png,outputs/e19_e18_hand_inpaint_reference/experiments/E19/pipeline_outputs/subaction_28_P01_109_28/episode_01_right/frame_002484_right/diagnostics/problem3_ref_crop.png,opencv_telea,False,False,False,not_required,,keep_original,0.03833436129385965,,False,True,1,,,,
29,P01_109_29,turn on tap,turn-on,tap,1.0,2550.0,2550.0,0.0,right,active_hand_invisible_pre_contact,2508.0,42.0,42.0,outputs/e19_e18_hand_inpaint_reference/experiments/E19/pipeline_outputs/subaction_29_P01_109_29/episode_01_right/frame_002550_right,outputs/e19_e18_hand_inpaint_reference/experiments/E19/pipeline_outputs/subaction_29_P01_109_29/episode_01_right/frame_002550_right/reference_frame.png,outputs/e19_e18_hand_inpaint_reference/experiments/E19/pipeline_outputs/subaction_29_P01_109_29/episode_01_right/frame_002550_right/label_heatmap_merged_overlay.png,outputs/e19_e18_hand_inpaint_reference/experiments/E19/pipeline_outputs/subaction_29_P01_109_29/episode_01_right/frame_002550_right/vrb_style_affordance.png,outputs/e19_e18_hand_inpaint_reference/experiments/E19/pipeline_outputs/subaction_29_P01_109_29/episode_01_right/frame_002550_right/diagnostics/problem3_ref_full_overlay.png,outputs/e19_e18_hand_inpaint_reference/experiments/E19/pipeline_outputs/subaction_29_P01_109_29/episode_01_right/frame_002550_right/diagnostics/problem3_ref_crop.png,opencv_telea,False,False,False,not_required,,keep_original,0.05449904057017544,,False,True,1,,,,
30,P01_109_30,rinse hands,rinse,hand,1.0,2708.0,2708.0,0.0,left,active_hand_invisible_pre_contact,2697.0,11.0,11.0,outputs/e19_e18_hand_inpaint_reference/experiments/E19/pipeline_outputs/subaction_30_P01_109_30/episode_01_left/frame_002708_left,outputs/e19_e18_hand_inpaint_reference/experiments/E19/pipeline_outputs/subaction_30_P01_109_30/episode_01_left/frame_002708_left/reference_frame.png,outputs/e19_e18_hand_inpaint_reference/experiments/E19/pipeline_outputs/subaction_30_P01_109_30/episode_01_left/frame_002708_left/label_heatmap_merged_overlay.png,outputs/e19_e18_hand_inpaint_reference/experiments/E19/pipeline_outputs/subaction_30_P01_109_30/episode_01_left/frame_002708_left/vrb_style_affordance.png,outputs/e19_e18_hand_inpaint_reference/experiments/E19/pipeline_outputs/subaction_30_P01_109_30/episode_01_left/frame_002708_left/diagnostics/problem3_ref_full_overlay.png,outputs/e19_e18_hand_inpaint_reference/experiments/E19/pipeline_outputs/subaction_30_P01_109_30/episode_01_left/frame_002708_left/diagnostics/problem3_ref_crop.png,opencv_telea,False,False,False,not_required,,keep_original,0.0405359100877193,,False,True,1,,,,
31,P01_109_31,turn off tap,turn-off,tap,1.0,2968.0,2968.0,0.0,left,active_hand_invisible_pre_contact,2941.0,27.0,27.0,outputs/e19_e18_hand_inpaint_reference/experiments/E19/pipeline_outputs/subaction_31_P01_109_31/episode_01_left/frame_002968_left,outputs/e19_e18_hand_inpaint_reference/experiments/E19/pipeline_outputs/subaction_31_P01_109_31/episode_01_left/frame_002968_left/reference_frame.png,outputs/e19_e18_hand_inpaint_reference/experiments/E19/pipeline_outputs/subaction_31_P01_109_31/episode_01_left/frame_002968_left/label_heatmap_merged_overlay.png,outputs/e19_e18_hand_inpaint_reference/experiments/E19/pipeline_outputs/subaction_31_P01_109_31/episode_01_left/frame_002968_left/vrb_style_affordance.png,outputs/e19_e18_hand_inpaint_reference/experiments/E19/pipeline_outputs/subaction_31_P01_109_31/episode_01_left/frame_002968_left/diagnostics/problem3_ref_full_overlay.png,outputs/e19_e18_hand_inpaint_reference/experiments/E19/pipeline_outputs/subaction_31_P01_109_31/episode_01_left/frame_002968_left/diagnostics/problem3_ref_crop.png,opencv_telea,False,False,False,not_required,,keep_original,0.05819969846491228,,False,True,1,,,,
32,P01_109_32,shake hands,shake,hand,1.0,3009.0,3009.0,0.0,left,active_hand_invisible_pre_contact,2941.0,68.0,68.0,outputs/e19_e18_hand_inpaint_reference/experiments/E19/pipeline_outputs/subaction_32_P01_109_32/episode_01_left/frame_003009_left,outputs/e19_e18_hand_inpaint_reference/experiments/E19/pipeline_outputs/subaction_32_P01_109_32/episode_01_left/frame_003009_left/reference_frame.png,outputs/e19_e18_hand_inpaint_reference/experiments/E19/pipeline_outputs/subaction_32_P01_109_32/episode_01_left/frame_003009_left/label_heatmap_merged_overlay.png,outputs/e19_e18_hand_inpaint_reference/experiments/E19/pipeline_outputs/subaction_32_P01_109_32/episode_01_left/frame_003009_left/vrb_style_affordance.png,outputs/e19_e18_hand_inpaint_reference/experiments/E19/pipeline_outputs/subaction_32_P01_109_32/episode_01_left/frame_003009_left/diagnostics/problem3_ref_full_overlay.png,outputs/e19_e18_hand_inpaint_reference/experiments/E19/pipeline_outputs/subaction_32_P01_109_32/episode_01_left/frame_003009_left/diagnostics/problem3_ref_crop.png,opencv_telea,False,False,False,not_required,,keep_original,0.05819969846491228,,False,True,1,,,,
33,P01_109_33,pick up cloth,pick-up,cloth,1.0,3088.0,3088.0,0.0,left,active_hand_invisible_pre_contact,3086.0,2.0,2.0,outputs/e19_e18_hand_inpaint_reference/experiments/E19/pipeline_outputs/subaction_33_P01_109_33/episode_01_left/frame_003088_left,outputs/e19_e18_hand_inpaint_reference/experiments/E19/pipeline_outputs/subaction_33_P01_109_33/episode_01_left/frame_003088_left/reference_frame.png,outputs/e19_e18_hand_inpaint_reference/experiments/E19/pipeline_outputs/subaction_33_P01_109_33/episode_01_left/frame_003088_left/label_heatmap_merged_overlay.png,outputs/e19_e18_hand_inpaint_reference/experiments/E19/pipeline_outputs/subaction_33_P01_109_33/episode_01_left/frame_003088_left/vrb_style_affordance.png,outputs/e19_e18_hand_inpaint_reference/experiments/E19/pipeline_outputs/subaction_33_P01_109_33/episode_01_left/frame_003088_left/diagnostics/problem3_ref_full_overlay.png,outputs/e19_e18_hand_inpaint_reference/experiments/E19/pipeline_outputs/subaction_33_P01_109_33/episode_01_left/frame_003088_left/diagnostics/problem3_ref_crop.png,opencv_telea,False,False,False,not_required,,keep_original,0.0,,False,False,0,,,,
35,P01_109_35,put down cloth,put-down,cloth,1.0,3356.0,3356.0,0.0,left,active_hand_invisible_pre_contact,3354.0,2.0,2.0,outputs/e19_e18_hand_inpaint_reference/experiments/E19/pipeline_outputs/subaction_35_P01_109_35/episode_01_left/frame_003356_left,outputs/e19_e18_hand_inpaint_reference/experiments/E19/pipeline_outputs/subaction_35_P01_109_35/episode_01_left/frame_003356_left/reference_frame.png,outputs/e19_e18_hand_inpaint_reference/experiments/E19/pipeline_outputs/subaction_35_P01_109_35/episode_01_left/frame_003356_left/label_heatmap_merged_overlay.png,outputs/e19_e18_hand_inpaint_reference/experiments/E19/pipeline_outputs/subaction_35_P01_109_35/episode_01_left/frame_003356_left/vrb_style_affordance.png,outputs/e19_e18_hand_inpaint_reference/experiments/E19/pipeline_outputs/subaction_35_P01_109_35/episode_01_left/frame_003356_left/diagnostics/problem3_ref_full_overlay.png,outputs/e19_e18_hand_inpaint_reference/experiments/E19/pipeline_outputs/subaction_35_P01_109_35/episode_01_left/frame_003356_left/diagnostics/problem3_ref_crop.png,opencv_telea,False,False,False,not_required,,keep_original,0.04415090460526316,,False,True,1,,,,
47,P01_109_47,close cupboard,close,cupboard,1.0,4648.0,4648.0,0.0,left,active_hand_invisible_pre_contact,4636.0,12.0,12.0,outputs/e19_e18_hand_inpaint_reference/experiments/E19/pipeline_outputs/subaction_47_P01_109_47/episode_01_left/frame_004648_left,outputs/e19_e18_hand_inpaint_reference/experiments/E19/pipeline_outputs/subaction_47_P01_109_47/episode_01_left/frame_004648_left/reference_frame.png,outputs/e19_e18_hand_inpaint_reference/experiments/E19/pipeline_outputs/subaction_47_P01_109_47/episode_01_left/frame_004648_left/label_heatmap_merged_overlay.png,outputs/e19_e18_hand_inpaint_reference/experiments/E19/pipeline_outputs/subaction_47_P01_109_47/episode_01_left/frame_004648_left/vrb_style_affordance.png,outputs/e19_e18_hand_inpaint_reference/experiments/E19/pipeline_outputs/subaction_47_P01_109_47/episode_01_left/frame_004648_left/diagnostics/problem3_ref_full_overlay.png,outputs/e19_e18_hand_inpaint_reference/experiments/E19/pipeline_outputs/subaction_47_P01_109_47/episode_01_left/frame_004648_left/diagnostics/problem3_ref_crop.png,opencv_telea,False,False,False,not_required,,keep_original,0.0,,False,False,0,,,,
48,P01_109_48,put down cutting board,put-down,board:cutting,1.0,4692.0,4692.0,0.0,left,active_hand_invisible_pre_contact,4636.0,56.0,56.0,outputs/e19_e18_hand_inpaint_reference/experiments/E19/pipeline_outputs/subaction_48_P01_109_48/episode_01_left/frame_004692_left,outputs/e19_e18_hand_inpaint_reference/experiments/E19/pipeline_outputs/subaction_48_P01_109_48/episode_01_left/frame_004692_left/reference_frame.png,outputs/e19_e18_hand_inpaint_reference/experiments/E19/pipeline_outputs/subaction_48_P01_109_48/episode_01_left/frame_004692_left/label_heatmap_merged_overlay.png,outputs/e19_e18_hand_inpaint_reference/experiments/E19/pipeline_outputs/subaction_48_P01_109_48/episode_01_left/frame_004692_left/vrb_style_affordance.png,outputs/e19_e18_hand_inpaint_reference/experiments/E19/pipeline_outputs/subaction_48_P01_109_48/episode_01_left/frame_004692_left/diagnostics/problem3_ref_full_overlay.png,outputs/e19_e18_hand_inpaint_reference/experiments/E19/pipeline_outputs/subaction_48_P01_109_48/episode_01_left/frame_004692_left/diagnostics/problem3_ref_crop.png,opencv_telea,False,False,False,not_required,,keep_original,0.0,,False,False,0,,,,
50,P01_109_50,put down eggs,put-down,egg,1.0,4821.0,4821.0,0.0,right,active_hand_invisible_pre_contact,4659.0,162.0,162.0,outputs/e19_e18_hand_inpaint_reference/experiments/E19/pipeline_outputs/subaction_50_P01_109_50/episode_01_right/frame_004821_right,outputs/e19_e18_hand_inpaint_reference/experiments/E19/pipeline_outputs/subaction_50_P01_109_50/episode_01_right/frame_004821_right/reference_frame.png,outputs/e19_e18_hand_inpaint_reference/experiments/E19/pipeline_outputs/subaction_50_P01_109_50/episode_01_right/frame_004821_right/label_heatmap_merged_overlay.png,outputs/e19_e18_hand_inpaint_reference/experiments/E19/pipeline_outputs/subaction_50_P01_109_50/episode_01_right/frame_004821_right/vrb_style_affordance.png,outputs/e19_e18_hand_inpaint_reference/experiments/E19/pipeline_outputs/subaction_50_P01_109_50/episode_01_right/frame_004821_right/diagnostics/problem3_ref_full_overlay.png,outputs/e19_e18_hand_inpaint_reference/experiments/E19/pipeline_outputs/subaction_50_P01_109_50/episode_01_right/frame_004821_right/diagnostics/problem3_ref_crop.png,opencv_telea,False,False,False,not_required,,keep_original,0.031112938596491228,,False,True,1,,,,
53,P01_109_53,pick up peeler,pick-up,peeler,1.0,4947.0,4947.0,0.0,right,active_hand_invisible_pre_contact,4937.0,10.0,10.0,outputs/e19_e18_hand_inpaint_reference/experiments/E19/pipeline_outputs/subaction_53_P01_109_53/episode_01_right/frame_004947_right,outputs/e19_e18_hand_inpaint_reference/experiments/E19/pipeline_outputs/subaction_53_P01_109_53/episode_01_right/frame_004947_right/reference_frame.png,outputs/e19_e18_hand_inpaint_reference/experiments/E19/pipeline_outputs/subaction_53_P01_109_53/episode_01_right/frame_004947_right/label_heatmap_merged_overlay.png,outputs/e19_e18_hand_inpaint_reference/experiments/E19/pipeline_outputs/subaction_53_P01_109_53/episode_01_right/frame_004947_right/vrb_style_affordance.png,outputs/e19_e18_hand_inpaint_reference/experiments/E19/pipeline_outputs/subaction_53_P01_109_53/episode_01_right/frame_004947_right/diagnostics/problem3_ref_full_overlay.png,outputs/e19_e18_hand_inpaint_reference/experiments/E19/pipeline_outputs/subaction_53_P01_109_53/episode_01_right/frame_004947_right/diagnostics/problem3_ref_crop.png,opencv_telea,False,False,False,not_required,,keep_original,0.0,,False,False,0,,,,
55,P01_109_55,move cutting board,move,board:cutting,1.0,5019.0,5019.0,0.0,left,active_hand_invisible_pre_contact,4959.0,60.0,60.0,outputs/e19_e18_hand_inpaint_reference/experiments/E19/pipeline_outputs/subaction_55_P01_109_55/episode_01_left/frame_005019_left,outputs/e19_e18_hand_inpaint_reference/experiments/E19/pipeline_outputs/subaction_55_P01_109_55/episode_01_left/frame_005019_left/reference_frame.png,outputs/e19_e18_hand_inpaint_reference/experiments/E19/pipeline_outputs/subaction_55_P01_109_55/episode_01_left/frame_005019_left/label_heatmap_merged_overlay.png,outputs/e19_e18_hand_inpaint_reference/experiments/E19/pipeline_outputs/subaction_55_P01_109_55/episode_01_left/frame_005019_left/vrb_style_affordance.png,outputs/e19_e18_hand_inpaint_reference/experiments/E19/pipeline_outputs/subaction_55_P01_109_55/episode_01_left/frame_005019_left/diagnostics/problem3_ref_full_overlay.png,outputs/e19_e18_hand_inpaint_reference/experiments/E19/pipeline_outputs/subaction_55_P01_109_55/episode_01_left/frame_005019_left/diagnostics/problem3_ref_crop.png,opencv_telea,False,False,False,not_required,,keep_original,0.05876507675438596,,False,True,2,,,,
56,P01_109_56,pick up potato,pick-up,potato,1.0,5062.0,5062.0,0.0,left,active_hand_invisible_pre_contact,4959.0,103.0,103.0,outputs/e19_e18_hand_inpaint_reference/experiments/E19/pipeline_outputs/subaction_56_P01_109_56/episode_01_left/frame_005062_left,outputs/e19_e18_hand_inpaint_reference/experiments/E19/pipeline_outputs/subaction_56_P01_109_56/episode_01_left/frame_005062_left/reference_frame.png,outputs/e19_e18_hand_inpaint_reference/experiments/E19/pipeline_outputs/subaction_56_P01_109_56/episode_01_left/frame_005062_left/label_heatmap_merged_overlay.png,outputs/e19_e18_hand_inpaint_reference/experiments/E19/pipeline_outputs/subaction_56_P01_109_56/episode_01_left/frame_005062_left/vrb_style_affordance.png,outputs/e19_e18_hand_inpaint_reference/experiments/E19/pipeline_outputs/subaction_56_P01_109_56/episode_01_left/frame_005062_left/diagnostics/problem3_ref_full_overlay.png,outputs/e19_e18_hand_inpaint_reference/experiments/E19/pipeline_outputs/subaction_56_P01_109_56/episode_01_left/frame_005062_left/diagnostics/problem3_ref_crop.png,opencv_telea,False,False,False,not_required,,keep_original,0.05876507675438596,,False,True,2,,,,
58,P01_109_58,peel potato,peel,potato,1.0,7132.0,7132.0,0.0,right,min_hand_object_iou_pre_contact_fallback,7130.0,2.0,2.0,outputs/e19_e18_hand_inpaint_reference/experiments/E19/pipeline_outputs/subaction_58_P01_109_58/episode_01_right/frame_007132_right,outputs/e19_e18_hand_inpaint_reference/experiments/E19/pipeline_outputs/subaction_58_P01_109_58/episode_01_right/frame_007132_right/reference_frame.png,outputs/e19_e18_hand_inpaint_reference/experiments/E19/pipeline_outputs/subaction_58_P01_109_58/episode_01_right/frame_007132_right/label_heatmap_merged_overlay.png,outputs/e19_e18_hand_inpaint_reference/experiments/E19/pipeline_outputs/subaction_58_P01_109_58/episode_01_right/frame_007132_right/vrb_style_affordance.png,outputs/e19_e18_hand_inpaint_reference/experiments/E19/pipeline_outputs/subaction_58_P01_109_58/episode_01_right/frame_007132_right/diagnostics/problem3_ref_full_overlay.png,outputs/e19_e18_hand_inpaint_reference/experiments/E19/pipeline_outputs/subaction_58_P01_109_58/episode_01_right/frame_007132_right/diagnostics/problem3_ref_crop.png,opencv_telea,True,True,True,applied,,keep_original,0.12908614309210525,0.0,True,True,2,outputs/e19_e18_hand_inpaint_reference/experiments/E19/pipeline_outputs/subaction_58_P01_109_58/episode_01_right/frame_007132_right/diagnostics/reference_frame_original.png,outputs/e19_e18_hand_inpaint_reference/experiments/E19/pipeline_outputs/subaction_58_P01_109_58/episode_01_right/frame_007132_right/diagnostics/reference_frame_inpainted.png,outputs/e19_e18_hand_inpaint_reference/experiments/E19/pipeline_outputs/subaction_58_P01_109_58/episode_01_right/frame_007132_right/diagnostics/reference_hand_mask.png,outputs/e19_e18_hand_inpaint_reference/experiments/E19/pipeline_outputs/subaction_58_P01_109_58/episode_01_right/frame_007132_right/diagnostics/reference_inpaint_before_after.png
64,P01_109_64,pick up potato bit,pick-up,bit:potato,1.0,10144.0,10144.0,0.0,left,min_hand_object_iou_pre_contact_fallback,10142.0,2.0,2.0,outputs/e19_e18_hand_inpaint_reference/experiments/E19/pipeline_outputs/subaction_64_P01_109_64/episode_01_left/frame_010144_left,outputs/e19_e18_hand_inpaint_reference/experiments/E19/pipeline_outputs/subaction_64_P01_109_64/episode_01_left/frame_010144_left/reference_frame.png,outputs/e19_e18_hand_inpaint_reference/experiments/E19/pipeline_outputs/subaction_64_P01_109_64/episode_01_left/frame_010144_left/label_heatmap_merged_overlay.png,outputs/e19_e18_hand_inpaint_reference/experiments/E19/pipeline_outputs/subaction_64_P01_109_64/episode_01_left/frame_010144_left/vrb_style_affordance.png,outputs/e19_e18_hand_inpaint_reference/experiments/E19/pipeline_outputs/subaction_64_P01_109_64/episode_01_left/frame_010144_left/diagnostics/problem3_ref_full_overlay.png,outputs/e19_e18_hand_inpaint_reference/experiments/E19/pipeline_outputs/subaction_64_P01_109_64/episode_01_left/frame_010144_left/diagnostics/problem3_ref_crop.png,opencv_telea,True,True,True,applied,,keep_original,0.10976905153508772,0.0,True,True,2,outputs/e19_e18_hand_inpaint_reference/experiments/E19/pipeline_outputs/subaction_64_P01_109_64/episode_01_left/frame_010144_left/diagnostics/reference_frame_original.png,outputs/e19_e18_hand_inpaint_reference/experiments/E19/pipeline_outputs/subaction_64_P01_109_64/episode_01_left/frame_010144_left/diagnostics/reference_frame_inpainted.png,outputs/e19_e18_hand_inpaint_reference/experiments/E19/pipeline_outputs/subaction_64_P01_109_64/episode_01_left/frame_010144_left/diagnostics/reference_hand_mask.png,outputs/e19_e18_hand_inpaint_reference/experiments/E19/pipeline_outputs/subaction_64_P01_109_64/episode_01_left/frame_010144_left/diagnostics/reference_inpaint_before_after.png
66,P01_109_66,move cutting board,move,board:cutting,1.0,10197.0,10197.0,0.0,left,min_hand_object_iou_pre_contact_fallback,10195.0,2.0,2.0,outputs/e19_e18_hand_inpaint_reference/experiments/E19/pipeline_outputs/subaction_66_P01_109_66/episode_01_left/frame_010197_left,outputs/e19_e18_hand_inpaint_reference/experiments/E19/pipeline_outputs/subaction_66_P01_109_66/episode_01_left/frame_010197_left/reference_frame.png,outputs/e19_e18_hand_inpaint_reference/experiments/E19/pipeline_outputs/subaction_66_P01_109_66/episode_01_left/frame_010197_left/label_heatmap_merged_overlay.png,outputs/e19_e18_hand_inpaint_reference/experiments/E19/pipeline_outputs/subaction_66_P01_109_66/episode_01_left/frame_010197_left/vrb_style_affordance.png,outputs/e19_e18_hand_inpaint_reference/experiments/E19/pipeline_outputs/subaction_66_P01_109_66/episode_01_left/frame_010197_left/diagnostics/problem3_ref_full_overlay.png,outputs/e19_e18_hand_inpaint_reference/experiments/E19/pipeline_outputs/subaction_66_P01_109_66/episode_01_left/frame_010197_left/diagnostics/problem3_ref_crop.png,opencv_telea,True,True,True,applied,,keep_original,0.09777617872807018,0.0,True,True,2,outputs/e19_e18_hand_inpaint_reference/experiments/E19/pipeline_outputs/subaction_66_P01_109_66/episode_01_left/frame_010197_left/diagnostics/reference_frame_original.png,outputs/e19_e18_hand_inpaint_reference/experiments/E19/pipeline_outputs/subaction_66_P01_109_66/episode_01_left/frame_010197_left/diagnostics/reference_frame_inpainted.png,outputs/e19_e18_hand_inpaint_reference/experiments/E19/pipeline_outputs/subaction_66_P01_109_66/episode_01_left/frame_010197_left/diagnostics/reference_hand_mask.png,outputs/e19_e18_hand_inpaint_reference/experiments/E19/pipeline_outputs/subaction_66_P01_109_66/episode_01_left/frame_010197_left/diagnostics/reference_inpaint_before_after.png
67,P01_109_67,put down knife,put-down,knife,1.0,10261.0,10261.0,0.0,right,min_hand_object_iou_pre_contact_fallback,10114.0,147.0,147.0,outputs/e19_e18_hand_inpaint_reference/experiments/E19/pipeline_outputs/subaction_67_P01_109_67/episode_01_right/frame_010261_right,outputs/e19_e18_hand_inpaint_reference/experiments/E19/pipeline_outputs/subaction_67_P01_109_67/episode_01_right/frame_010261_right/reference_frame.png,outputs/e19_e18_hand_inpaint_reference/experiments/E19/pipeline_outputs/subaction_67_P01_109_67/episode_01_right/frame_010261_right/label_heatmap_merged_overlay.png,outputs/e19_e18_hand_inpaint_reference/experiments/E19/pipeline_outputs/subaction_67_P01_109_67/episode_01_right/frame_010261_right/vrb_style_affordance.png,outputs/e19_e18_hand_inpaint_reference/experiments/E19/pipeline_outputs/subaction_67_P01_109_67/episode_01_right/frame_010261_right/diagnostics/problem3_ref_full_overlay.png,outputs/e19_e18_hand_inpaint_reference/experiments/E19/pipeline_outputs/subaction_67_P01_109_67/episode_01_right/frame_010261_right/diagnostics/problem3_ref_crop.png,opencv_telea,True,True,True,applied,,keep_original,0.14574766995614036,0.0,True,True,2,outputs/e19_e18_hand_inpaint_reference/experiments/E19/pipeline_outputs/subaction_67_P01_109_67/episode_01_right/frame_010261_right/diagnostics/reference_frame_original.png,outputs/e19_e18_hand_inpaint_reference/experiments/E19/pipeline_outputs/subaction_67_P01_109_67/episode_01_right/frame_010261_right/diagnostics/reference_frame_inpainted.png,outputs/e19_e18_hand_inpaint_reference/experiments/E19/pipeline_outputs/subaction_67_P01_109_67/episode_01_right/frame_010261_right/diagnostics/reference_hand_mask.png,outputs/e19_e18_hand_inpaint_reference/experiments/E19/pipeline_outputs/subaction_67_P01_109_67/episode_01_right/frame_010261_right/diagnostics/reference_inpaint_before_after.png
68,P01_109_68,pick up knife,pick-up,knife,1.0,10269.0,10269.0,0.0,right,min_hand_object_iou_pre_contact_fallback,10114.0,155.0,155.0,outputs/e19_e18_hand_inpaint_reference/experiments/E19/pipeline_outputs/subaction_68_P01_109_68/episode_01_right/frame_010269_right,outputs/e19_e18_hand_inpaint_reference/experiments/E19/pipeline_outputs/subaction_68_P01_109_68/episode_01_right/frame_010269_right/reference_frame.png,outputs/e19_e18_hand_inpaint_reference/experiments/E19/pipeline_outputs/subaction_68_P01_109_68/episode_01_right/frame_010269_right/label_heatmap_merged_overlay.png,outputs/e19_e18_hand_inpaint_reference/experiments/E19/pipeline_outputs/subaction_68_P01_109_68/episode_01_right/frame_010269_right/vrb_style_affordance.png,outputs/e19_e18_hand_inpaint_reference/experiments/E19/pipeline_outputs/subaction_68_P01_109_68/episode_01_right/frame_010269_right/diagnostics/problem3_ref_full_overlay.png,outputs/e19_e18_hand_inpaint_reference/experiments/E19/pipeline_outputs/subaction_68_P01_109_68/episode_01_right/frame_010269_right/diagnostics/problem3_ref_crop.png,opencv_telea,True,True,True,applied,,keep_original,0.14574766995614036,0.0,True,True,2,outputs/e19_e18_hand_inpaint_reference/experiments/E19/pipeline_outputs/subaction_68_P01_109_68/episode_01_right/frame_010269_right/diagnostics/reference_frame_original.png,outputs/e19_e18_hand_inpaint_reference/experiments/E19/pipeline_outputs/subaction_68_P01_109_68/episode_01_right/frame_010269_right/diagnostics/reference_frame_inpainted.png,outputs/e19_e18_hand_inpaint_reference/experiments/E19/pipeline_outputs/subaction_68_P01_109_68/episode_01_right/frame_010269_right/diagnostics/reference_hand_mask.png,outputs/e19_e18_hand_inpaint_reference/experiments/E19/pipeline_outputs/subaction_68_P01_109_68/episode_01_right/frame_010269_right/diagnostics/reference_inpaint_before_after.png
69,P01_109_69,slice potato,slice,potato,1.0,10374.0,10374.0,0.0,left,active_hand_invisible_pre_contact,10242.0,132.0,132.0,outputs/e19_e18_hand_inpaint_reference/experiments/E19/pipeline_outputs/subaction_69_P01_109_69/episode_01_left/frame_010374_left,outputs/e19_e18_hand_inpaint_reference/experiments/E19/pipeline_outputs/subaction_69_P01_109_69/episode_01_left/frame_010374_left/reference_frame.png,outputs/e19_e18_hand_inpaint_reference/experiments/E19/pipeline_outputs/subaction_69_P01_109_69/episode_01_left/frame_010374_left/label_heatmap_merged_overlay.png,outputs/e19_e18_hand_inpaint_reference/experiments/E19/pipeline_outputs/subaction_69_P01_109_69/episode_01_left/frame_010374_left/vrb_style_affordance.png,outputs/e19_e18_hand_inpaint_reference/experiments/E19/pipeline_outputs/subaction_69_P01_109_69/episode_01_left/frame_010374_left/diagnostics/problem3_ref_full_overlay.png,outputs/e19_e18_hand_inpaint_reference/experiments/E19/pipeline_outputs/subaction_69_P01_109_69/episode_01_left/frame_010374_left/diagnostics/problem3_ref_crop.png,opencv_telea,False,False,False,not_required,,keep_original,0.12135074013157894,,False,True,2,,,,
71,P01_109_71,put down potato slices,put-down,slice:potato,1.0,11977.0,11977.0,0.0,right,min_hand_object_iou_pre_contact_fallback,11976.0,1.0,1.0,outputs/e19_e18_hand_inpaint_reference/experiments/E19/pipeline_outputs/subaction_71_P01_109_71/episode_01_right/frame_011977_right,outputs/e19_e18_hand_inpaint_reference/experiments/E19/pipeline_outputs/subaction_71_P01_109_71/episode_01_right/frame_011977_right/reference_frame.png,outputs/e19_e18_hand_inpaint_reference/experiments/E19/pipeline_outputs/subaction_71_P01_109_71/episode_01_right/frame_011977_right/label_heatmap_merged_overlay.png,outputs/e19_e18_hand_inpaint_reference/experiments/E19/pipeline_outputs/subaction_71_P01_109_71/episode_01_right/frame_011977_right/vrb_style_affordance.png,outputs/e19_e18_hand_inpaint_reference/experiments/E19/pipeline_outputs/subaction_71_P01_109_71/episode_01_right/frame_011977_right/diagnostics/problem3_ref_full_overlay.png,outputs/e19_e18_hand_inpaint_reference/experiments/E19/pipeline_outputs/subaction_71_P01_109_71/episode_01_right/frame_011977_right/diagnostics/problem3_ref_crop.png,opencv_telea,True,True,True,applied,,keep_original,0.09739069353070176,0.0,True,True,2,outputs/e19_e18_hand_inpaint_reference/experiments/E19/pipeline_outputs/subaction_71_P01_109_71/episode_01_right/frame_011977_right/diagnostics/reference_frame_original.png,outputs/e19_e18_hand_inpaint_reference/experiments/E19/pipeline_outputs/subaction_71_P01_109_71/episode_01_right/frame_011977_right/diagnostics/reference_frame_inpainted.png,outputs/e19_e18_hand_inpaint_reference/experiments/E19/pipeline_outputs/subaction_71_P01_109_71/episode_01_right/frame_011977_right/diagnostics/reference_hand_mask.png,outputs/e19_e18_hand_inpaint_reference/experiments/E19/pipeline_outputs/subaction_71_P01_109_71/episode_01_right/frame_011977_right/diagnostics/reference_inpaint_before_after.png
73,P01_109_73,put down potato slices,put-down,slice:potato,1.0,12104.0,12104.0,0.0,right,min_hand_object_iou_pre_contact_fallback,11999.0,105.0,105.0,outputs/e19_e18_hand_inpaint_reference/experiments/E19/pipeline_outputs/subaction_73_P01_109_73/episode_01_right/frame_012104_right,outputs/e19_e18_hand_inpaint_reference/experiments/E19/pipeline_outputs/subaction_73_P01_109_73/episode_01_right/frame_012104_right/reference_frame.png,outputs/e19_e18_hand_inpaint_reference/experiments/E19/pipeline_outputs/subaction_73_P01_109_73/episode_01_right/frame_012104_right/label_heatmap_merged_overlay.png,outputs/e19_e18_hand_inpaint_reference/experiments/E19/pipeline_outputs/subaction_73_P01_109_73/episode_01_right/frame_012104_right/vrb_style_affordance.png,outputs/e19_e18_hand_inpaint_reference/experiments/E19/pipeline_outputs/subaction_73_P01_109_73/episode_01_right/frame_012104_right/diagnostics/problem3_ref_full_overlay.png,outputs/e19_e18_hand_inpaint_reference/experiments/E19/pipeline_outputs/subaction_73_P01_109_73/episode_01_right/frame_012104_right/diagnostics/problem3_ref_crop.png,opencv_telea,True,True,True,applied,,keep_original,0.1293602658991228,0.0,True,True,2,outputs/e19_e18_hand_inpaint_reference/experiments/E19/pipeline_outputs/subaction_73_P01_109_73/episode_01_right/frame_012104_right/diagnostics/reference_frame_original.png,outputs/e19_e18_hand_inpaint_reference/experiments/E19/pipeline_outputs/subaction_73_P01_109_73/episode_01_right/frame_012104_right/diagnostics/reference_frame_inpainted.png,outputs/e19_e18_hand_inpaint_reference/experiments/E19/pipeline_outputs/subaction_73_P01_109_73/episode_01_right/frame_012104_right/diagnostics/reference_hand_mask.png,outputs/e19_e18_hand_inpaint_reference/experiments/E19/pipeline_outputs/subaction_73_P01_109_73/episode_01_right/frame_012104_right/diagnostics/reference_inpaint_before_after.png
76,P01_109_76,pick up potato slice,pick-up,slice:potato,1.0,12325.0,12325.0,0.0,right,min_hand_object_iou_pre_contact_fallback,11999.0,326.0,326.0,outputs/e19_e18_hand_inpaint_reference/experiments/E19/pipeline_outputs/subaction_76_P01_109_76/episode_01_right/frame_012325_right,outputs/e19_e18_hand_inpaint_reference/experiments/E19/pipeline_outputs/subaction_76_P01_109_76/episode_01_right/frame_012325_right/reference_frame.png,outputs/e19_e18_hand_inpaint_reference/experiments/E19/pipeline_outputs/subaction_76_P01_109_76/episode_01_right/frame_012325_right/label_heatmap_merged_overlay.png,outputs/e19_e18_hand_inpaint_reference/experiments/E19/pipeline_outputs/subaction_76_P01_109_76/episode_01_right/frame_012325_right/vrb_style_affordance.png,outputs/e19_e18_hand_inpaint_reference/experiments/E19/pipeline_outputs/subaction_76_P01_109_76/episode_01_right/frame_012325_right/diagnostics/problem3_ref_full_overlay.png,outputs/e19_e18_hand_inpaint_reference/experiments/E19/pipeline_outputs/subaction_76_P01_109_76/episode_01_right/frame_012325_right/diagnostics/problem3_ref_crop.png,opencv_telea,True,True,True,applied,,keep_original,0.1293602658991228,0.0,True,True,2,outputs/e19_e18_hand_inpaint_reference/experiments/E19/pipeline_outputs/subaction_76_P01_109_76/episode_01_right/frame_012325_right/diagnostics/reference_frame_original.png,outputs/e19_e18_hand_inpaint_reference/experiments/E19/pipeline_outputs/subaction_76_P01_109_76/episode_01_right/frame_012325_right/diagnostics/reference_frame_inpainted.png,outputs/e19_e18_hand_inpaint_reference/experiments/E19/pipeline_outputs/subaction_76_P01_109_76/episode_01_right/frame_012325_right/diagnostics/reference_hand_mask.png,outputs/e19_e18_hand_inpaint_reference/experiments/E19/pipeline_outputs/subaction_76_P01_109_76/episode_01_right/frame_012325_right/diagnostics/reference_inpaint_before_after.png
77,P01_109_78,pick up potato slice,pick-up,slice:potato,1.0,12335.0,12335.0,0.0,left,min_hand_object_iou_pre_contact_fallback,12331.0,4.0,4.0,outputs/e19_e18_hand_inpaint_reference/experiments/E19/pipeline_outputs/subaction_77_P01_109_78/episode_01_left/frame_012335_left,outputs/e19_e18_hand_inpaint_reference/experiments/E19/pipeline_outputs/subaction_77_P01_109_78/episode_01_left/frame_012335_left/reference_frame.png,outputs/e19_e18_hand_inpaint_reference/experiments/E19/pipeline_outputs/subaction_77_P01_109_78/episode_01_left/frame_012335_left/label_heatmap_merged_overlay.png,outputs/e19_e18_hand_inpaint_reference/experiments/E19/pipeline_outputs/subaction_77_P01_109_78/episode_01_left/frame_012335_left/vrb_style_affordance.png,outputs/e19_e18_hand_inpaint_reference/experiments/E19/pipeline_outputs/subaction_77_P01_109_78/episode_01_left/frame_012335_left/diagnostics/problem3_ref_full_overlay.png,outputs/e19_e18_hand_inpaint_reference/experiments/E19/pipeline_outputs/subaction_77_P01_109_78/episode_01_left/frame_012335_left/diagnostics/problem3_ref_crop.png,opencv_telea,True,True,True,applied,,keep_original,0.11793277138157894,0.0,True,True,2,outputs/e19_e18_hand_inpaint_reference/experiments/E19/pipeline_outputs/subaction_77_P01_109_78/episode_01_left/frame_012335_left/diagnostics/reference_frame_original.png,outputs/e19_e18_hand_inpaint_reference/experiments/E19/pipeline_outputs/subaction_77_P01_109_78/episode_01_left/frame_012335_left/diagnostics/reference_frame_inpainted.png,outputs/e19_e18_hand_inpaint_reference/experiments/E19/pipeline_outputs/subaction_77_P01_109_78/episode_01_left/frame_012335_left/diagnostics/reference_hand_mask.png,outputs/e19_e18_hand_inpaint_reference/experiments/E19/pipeline_outputs/subaction_77_P01_109_78/episode_01_left/frame_012335_left/diagnostics/reference_inpaint_before_after.png
80,P01_109_80,pick up potato slices,pick-up,slice:potato,1.0,12424.0,12424.0,0.0,right,min_hand_object_iou_pre_contact_fallback,12407.0,17.0,17.0,outputs/e19_e18_hand_inpaint_reference/experiments/E19/pipeline_outputs/subaction_80_P01_109_80/episode_01_right/frame_012424_right,outputs/e19_e18_hand_inpaint_reference/experiments/E19/pipeline_outputs/subaction_80_P01_109_80/episode_01_right/frame_012424_right/reference_frame.png,outputs/e19_e18_hand_inpaint_reference/experiments/E19/pipeline_outputs/subaction_80_P01_109_80/episode_01_right/frame_012424_right/label_heatmap_merged_overlay.png,outputs/e19_e18_hand_inpaint_reference/experiments/E19/pipeline_outputs/subaction_80_P01_109_80/episode_01_right/frame_012424_right/vrb_style_affordance.png,outputs/e19_e18_hand_inpaint_reference/experiments/E19/pipeline_outputs/subaction_80_P01_109_80/episode_01_right/frame_012424_right/diagnostics/problem3_ref_full_overlay.png,outputs/e19_e18_hand_inpaint_reference/experiments/E19/pipeline_outputs/subaction_80_P01_109_80/episode_01_right/frame_012424_right/diagnostics/problem3_ref_crop.png,opencv_telea,True,True,True,applied,,keep_original,0.1386033442982456,0.0,True,True,2,outputs/e19_e18_hand_inpaint_reference/experiments/E19/pipeline_outputs/subaction_80_P01_109_80/episode_01_right/frame_012424_right/diagnostics/reference_frame_original.png,outputs/e19_e18_hand_inpaint_reference/experiments/E19/pipeline_outputs/subaction_80_P01_109_80/episode_01_right/frame_012424_right/diagnostics/reference_frame_inpainted.png,outputs/e19_e18_hand_inpaint_reference/experiments/E19/pipeline_outputs/subaction_80_P01_109_80/episode_01_right/frame_012424_right/diagnostics/reference_hand_mask.png,outputs/e19_e18_hand_inpaint_reference/experiments/E19/pipeline_outputs/subaction_80_P01_109_80/episode_01_right/frame_012424_right/diagnostics/reference_inpaint_before_after.png
81,P01_109_81,put down potato slices,put-down,slice:potato,1.0,12468.0,12468.0,0.0,right,min_hand_object_iou_pre_contact_fallback,12407.0,61.0,61.0,outputs/e19_e18_hand_inpaint_reference/experiments/E19/pipeline_outputs/subaction_81_P01_109_81/episode_01_right/frame_012468_right,outputs/e19_e18_hand_inpaint_reference/experiments/E19/pipeline_outputs/subaction_81_P01_109_81/episode_01_right/frame_012468_right/reference_frame.png,outputs/e19_e18_hand_inpaint_reference/experiments/E19/pipeline_outputs/subaction_81_P01_109_81/episode_01_right/frame_012468_right/label_heatmap_merged_overlay.png,outputs/e19_e18_hand_inpaint_reference/experiments/E19/pipeline_outputs/subaction_81_P01_109_81/episode_01_right/frame_012468_right/vrb_style_affordance.png,outputs/e19_e18_hand_inpaint_reference/experiments/E19/pipeline_outputs/subaction_81_P01_109_81/episode_01_right/frame_012468_right/diagnostics/problem3_ref_full_overlay.png,outputs/e19_e18_hand_inpaint_reference/experiments/E19/pipeline_outputs/subaction_81_P01_109_81/episode_01_right/frame_012468_right/diagnostics/problem3_ref_crop.png,opencv_telea,True,True,True,applied,,keep_original,0.1386033442982456,0.0,True,True,2,outputs/e19_e18_hand_inpaint_reference/experiments/E19/pipeline_outputs/subaction_81_P01_109_81/episode_01_right/frame_012468_right/diagnostics/reference_frame_original.png,outputs/e19_e18_hand_inpaint_reference/experiments/E19/pipeline_outputs/subaction_81_P01_109_81/episode_01_right/frame_012468_right/diagnostics/reference_frame_inpainted.png,outputs/e19_e18_hand_inpaint_reference/experiments/E19/pipeline_outputs/subaction_81_P01_109_81/episode_01_right/frame_012468_right/diagnostics/reference_hand_mask.png,outputs/e19_e18_hand_inpaint_reference/experiments/E19/pipeline_outputs/subaction_81_P01_109_81/episode_01_right/frame_012468_right/diagnostics/reference_inpaint_before_after.png
82,P01_109_82,pick up potato slice,pick-up,slice:potato,1.0,12493.0,12493.0,0.0,right,min_hand_object_iou_pre_contact_fallback,12479.0,14.0,14.0,outputs/e19_e18_hand_inpaint_reference/experiments/E19/pipeline_outputs/subaction_82_P01_109_82/episode_01_right/frame_012493_right,outputs/e19_e18_hand_inpaint_reference/experiments/E19/pipeline_outputs/subaction_82_P01_109_82/episode_01_right/frame_012493_right/reference_frame.png,outputs/e19_e18_hand_inpaint_reference/experiments/E19/pipeline_outputs/subaction_82_P01_109_82/episode_01_right/frame_012493_right/label_heatmap_merged_overlay.png,outputs/e19_e18_hand_inpaint_reference/experiments/E19/pipeline_outputs/subaction_82_P01_109_82/episode_01_right/frame_012493_right/vrb_style_affordance.png,outputs/e19_e18_hand_inpaint_reference/experiments/E19/pipeline_outputs/subaction_82_P01_109_82/episode_01_right/frame_012493_right/diagnostics/problem3_ref_full_overlay.png,outputs/e19_e18_hand_inpaint_reference/experiments/E19/pipeline_outputs/subaction_82_P01_109_82/episode_01_right/frame_012493_right/diagnostics/problem3_ref_crop.png,opencv_telea,True,True,True,applied,,keep_original,0.11170504385964912,0.0,True,True,2,outputs/e19_e18_hand_inpaint_reference/experiments/E19/pipeline_outputs/subaction_82_P01_109_82/episode_01_right/frame_012493_right/diagnostics/reference_frame_original.png,outputs/e19_e18_hand_inpaint_reference/experiments/E19/pipeline_outputs/subaction_82_P01_109_82/episode_01_right/frame_012493_right/diagnostics/reference_frame_inpainted.png,outputs/e19_e18_hand_inpaint_reference/experiments/E19/pipeline_outputs/subaction_82_P01_109_82/episode_01_right/frame_012493_right/diagnostics/reference_hand_mask.png,outputs/e19_e18_hand_inpaint_reference/experiments/E19/pipeline_outputs/subaction_82_P01_109_82/episode_01_right/frame_012493_right/diagnostics/reference_inpaint_before_after.png
83,P01_109_83,put down potato slice,put-down,slice:potato,1.0,12578.0,12578.0,0.0,right,min_hand_object_iou_pre_contact_fallback,12479.0,99.0,99.0,outputs/e19_e18_hand_inpaint_reference/experiments/E19/pipeline_outputs/subaction_83_P01_109_83/episode_01_right/frame_012578_right,outputs/e19_e18_hand_inpaint_reference/experiments/E19/pipeline_outputs/subaction_83_P01_109_83/episode_01_right/frame_012578_right/reference_frame.png,outputs/e19_e18_hand_inpaint_reference/experiments/E19/pipeline_outputs/subaction_83_P01_109_83/episode_01_right/frame_012578_right/label_heatmap_merged_overlay.png,outputs/e19_e18_hand_inpaint_reference/experiments/E19/pipeline_outputs/subaction_83_P01_109_83/episode_01_right/frame_012578_right/vrb_style_affordance.png,outputs/e19_e18_hand_inpaint_reference/experiments/E19/pipeline_outputs/subaction_83_P01_109_83/episode_01_right/frame_012578_right/diagnostics/problem3_ref_full_overlay.png,outputs/e19_e18_hand_inpaint_reference/experiments/E19/pipeline_outputs/subaction_83_P01_109_83/episode_01_right/frame_012578_right/diagnostics/problem3_ref_crop.png,opencv_telea,True,True,True,applied,,keep_original,0.11170504385964912,0.0,True,True,2,outputs/e19_e18_hand_inpaint_reference/experiments/E19/pipeline_outputs/subaction_83_P01_109_83/episode_01_right/frame_012578_right/diagnostics/reference_frame_original.png,outputs/e19_e18_hand_inpaint_reference/experiments/E19/pipeline_outputs/subaction_83_P01_109_83/episode_01_right/frame_012578_right/diagnostics/reference_frame_inpainted.png,outputs/e19_e18_hand_inpaint_reference/experiments/E19/pipeline_outputs/subaction_83_P01_109_83/episode_01_right/frame_012578_right/diagnostics/reference_hand_mask.png,outputs/e19_e18_hand_inpaint_reference/experiments/E19/pipeline_outputs/subaction_83_P01_109_83/episode_01_right/frame_012578_right/diagnostics/reference_inpaint_before_after.png
84,P01_109_84,pick up potato slice,pick-up,slice:potato,1.0,12634.0,12634.0,0.0,right,min_hand_object_iou_pre_contact_fallback,12631.0,3.0,3.0,outputs/e19_e18_hand_inpaint_reference/experiments/E19/pipeline_outputs/subaction_84_P01_109_84/episode_01_right/frame_012634_right,outputs/e19_e18_hand_inpaint_reference/experiments/E19/pipeline_outputs/subaction_84_P01_109_84/episode_01_right/frame_012634_right/reference_frame.png,outputs/e19_e18_hand_inpaint_reference/experiments/E19/pipeline_outputs/subaction_84_P01_109_84/episode_01_right/frame_012634_right/label_heatmap_merged_overlay.png,outputs/e19_e18_hand_inpaint_reference/experiments/E19/pipeline_outputs/subaction_84_P01_109_84/episode_01_right/frame_012634_right/vrb_style_affordance.png,outputs/e19_e18_hand_inpaint_reference/experiments/E19/pipeline_outputs/subaction_84_P01_109_84/episode_01_right/frame_012634_right/diagnostics/problem3_ref_full_overlay.png,outputs/e19_e18_hand_inpaint_reference/experiments/E19/pipeline_outputs/subaction_84_P01_109_84/episode_01_right/frame_012634_right/diagnostics/problem3_ref_crop.png,opencv_telea,True,True,True,applied,,keep_original,0.12141070449561403,0.0,True,True,2,outputs/e19_e18_hand_inpaint_reference/experiments/E19/pipeline_outputs/subaction_84_P01_109_84/episode_01_right/frame_012634_right/diagnostics/reference_frame_original.png,outputs/e19_e18_hand_inpaint_reference/experiments/E19/pipeline_outputs/subaction_84_P01_109_84/episode_01_right/frame_012634_right/diagnostics/reference_frame_inpainted.png,outputs/e19_e18_hand_inpaint_reference/experiments/E19/pipeline_outputs/subaction_84_P01_109_84/episode_01_right/frame_012634_right/diagnostics/reference_hand_mask.png,outputs/e19_e18_hand_inpaint_reference/experiments/E19/pipeline_outputs/subaction_84_P01_109_84/episode_01_right/frame_012634_right/diagnostics/reference_inpaint_before_after.png
86,P01_109_86,pick up potato slice,pick-up,slice:potato,1.0,12724.0,12724.0,0.0,left,min_hand_object_iou_pre_contact_fallback,12713.0,11.0,11.0,outputs/e19_e18_hand_inpaint_reference/experiments/E19/pipeline_outputs/subaction_86_P01_109_86/episode_01_left/frame_012724_left,outputs/e19_e18_hand_inpaint_reference/experiments/E19/pipeline_outputs/subaction_86_P01_109_86/episode_01_left/frame_012724_left/reference_frame.png,outputs/e19_e18_hand_inpaint_reference/experiments/E19/pipeline_outputs/subaction_86_P01_109_86/episode_01_left/frame_012724_left/label_heatmap_merged_overlay.png,outputs/e19_e18_hand_inpaint_reference/experiments/E19/pipeline_outputs/subaction_86_P01_109_86/episode_01_left/frame_012724_left/vrb_style_affordance.png,outputs/e19_e18_hand_inpaint_reference/experiments/E19/pipeline_outputs/subaction_86_P01_109_86/episode_01_left/frame_012724_left/diagnostics/problem3_ref_full_overlay.png,outputs/e19_e18_hand_inpaint_reference/experiments/E19/pipeline_outputs/subaction_86_P01_109_86/episode_01_left/frame_012724_left/diagnostics/problem3_ref_crop.png,opencv_telea,True,True,True,applied,,keep_original,0.1142578125,0.0,True,True,2,outputs/e19_e18_hand_inpaint_reference/experiments/E19/pipeline_outputs/subaction_86_P01_109_86/episode_01_left/frame_012724_left/diagnostics/reference_frame_original.png,outputs/e19_e18_hand_inpaint_reference/experiments/E19/pipeline_outputs/subaction_86_P01_109_86/episode_01_left/frame_012724_left/diagnostics/reference_frame_inpainted.png,outputs/e19_e18_hand_inpaint_reference/experiments/E19/pipeline_outputs/subaction_86_P01_109_86/episode_01_left/frame_012724_left/diagnostics/reference_hand_mask.png,outputs/e19_e18_hand_inpaint_reference/experiments/E19/pipeline_outputs/subaction_86_P01_109_86/episode_01_left/frame_012724_left/diagnostics/reference_inpaint_before_after.png
87,P01_109_87,put down potato slice,put-down,slice:potato,1.0,12758.0,12758.0,0.0,right,min_hand_object_iou_pre_contact_fallback,12714.0,44.0,44.0,outputs/e19_e18_hand_inpaint_reference/experiments/E19/pipeline_outputs/subaction_87_P01_109_87/episode_01_right/frame_012758_right,outputs/e19_e18_hand_inpaint_reference/experiments/E19/pipeline_outputs/subaction_87_P01_109_87/episode_01_right/frame_012758_right/reference_frame.png,outputs/e19_e18_hand_inpaint_reference/experiments/E19/pipeline_outputs/subaction_87_P01_109_87/episode_01_right/frame_012758_right/label_heatmap_merged_overlay.png,outputs/e19_e18_hand_inpaint_reference/experiments/E19/pipeline_outputs/subaction_87_P01_109_87/episode_01_right/frame_012758_right/vrb_style_affordance.png,outputs/e19_e18_hand_inpaint_reference/experiments/E19/pipeline_outputs/subaction_87_P01_109_87/episode_01_right/frame_012758_right/diagnostics/problem3_ref_full_overlay.png,outputs/e19_e18_hand_inpaint_reference/experiments/E19/pipeline_outputs/subaction_87_P01_109_87/episode_01_right/frame_012758_right/diagnostics/problem3_ref_crop.png,opencv_telea,True,True,True,applied,,keep_original,0.11506304824561403,0.0,True,True,2,outputs/e19_e18_hand_inpaint_reference/experiments/E19/pipeline_outputs/subaction_87_P01_109_87/episode_01_right/frame_012758_right/diagnostics/reference_frame_original.png,outputs/e19_e18_hand_inpaint_reference/experiments/E19/pipeline_outputs/subaction_87_P01_109_87/episode_01_right/frame_012758_right/diagnostics/reference_frame_inpainted.png,outputs/e19_e18_hand_inpaint_reference/experiments/E19/pipeline_outputs/subaction_87_P01_109_87/episode_01_right/frame_012758_right/diagnostics/reference_hand_mask.png,outputs/e19_e18_hand_inpaint_reference/experiments/E19/pipeline_outputs/subaction_87_P01_109_87/episode_01_right/frame_012758_right/diagnostics/reference_inpaint_before_after.png
89,P01_109_89,cut potato slice,cut,slice:potato,1.0,12999.0,12999.0,0.0,left,min_hand_object_iou_pre_contact_fallback,12814.0,185.0,185.0,outputs/e19_e18_hand_inpaint_reference/experiments/E19/pipeline_outputs/subaction_89_P01_109_89/episode_01_left/frame_012999_left,outputs/e19_e18_hand_inpaint_reference/experiments/E19/pipeline_outputs/subaction_89_P01_109_89/episode_01_left/frame_012999_left/reference_frame.png,outputs/e19_e18_hand_inpaint_reference/experiments/E19/pipeline_outputs/subaction_89_P01_109_89/episode_01_left/frame_012999_left/label_heatmap_merged_overlay.png,outputs/e19_e18_hand_inpaint_reference/experiments/E19/pipeline_outputs/subaction_89_P01_109_89/episode_01_left/frame_012999_left/vrb_style_affordance.png,outputs/e19_e18_hand_inpaint_reference/experiments/E19/pipeline_outputs/subaction_89_P01_109_89/episode_01_left/frame_012999_left/diagnostics/problem3_ref_full_overlay.png,outputs/e19_e18_hand_inpaint_reference/experiments/E19/pipeline_outputs/subaction_89_P01_109_89/episode_01_left/frame_012999_left/diagnostics/problem3_ref_crop.png,opencv_telea,True,True,True,applied,,keep_original,0.11289576480263158,0.0,True,True,2,outputs/e19_e18_hand_inpaint_reference/experiments/E19/pipeline_outputs/subaction_89_P01_109_89/episode_01_left/frame_012999_left/diagnostics/reference_frame_original.png,outputs/e19_e18_hand_inpaint_reference/experiments/E19/pipeline_outputs/subaction_89_P01_109_89/episode_01_left/frame_012999_left/diagnostics/reference_frame_inpainted.png,outputs/e19_e18_hand_inpaint_reference/experiments/E19/pipeline_outputs/subaction_89_P01_109_89/episode_01_left/frame_012999_left/diagnostics/reference_hand_mask.png,outputs/e19_e18_hand_inpaint_reference/experiments/E19/pipeline_outputs/subaction_89_P01_109_89/episode_01_left/frame_012999_left/diagnostics/reference_inpaint_before_after.png
93,P01_109_93,pick up peeler,pick-up,peeler,1.0,13134.0,13134.0,0.0,right,min_hand_object_iou_pre_contact_fallback,13132.0,2.0,2.0,outputs/e19_e18_hand_inpaint_reference/experiments/E19/pipeline_outputs/subaction_93_P01_109_93/episode_01_right/frame_013134_right,outputs/e19_e18_hand_inpaint_reference/experiments/E19/pipeline_outputs/subaction_93_P01_109_93/episode_01_right/frame_013134_right/reference_frame.png,outputs/e19_e18_hand_inpaint_reference/experiments/E19/pipeline_outputs/subaction_93_P01_109_93/episode_01_right/frame_013134_right/label_heatmap_merged_overlay.png,outputs/e19_e18_hand_inpaint_reference/experiments/E19/pipeline_outputs/subaction_93_P01_109_93/episode_01_right/frame_013134_right/vrb_style_affordance.png,outputs/e19_e18_hand_inpaint_reference/experiments/E19/pipeline_outputs/subaction_93_P01_109_93/episode_01_right/frame_013134_right/diagnostics/problem3_ref_full_overlay.png,outputs/e19_e18_hand_inpaint_reference/experiments/E19/pipeline_outputs/subaction_93_P01_109_93/episode_01_right/frame_013134_right/diagnostics/problem3_ref_crop.png,opencv_telea,True,True,True,applied,,keep_original,0.10915227521929824,0.0,True,True,2,outputs/e19_e18_hand_inpaint_reference/experiments/E19/pipeline_outputs/subaction_93_P01_109_93/episode_01_right/frame_013134_right/diagnostics/reference_frame_original.png,outputs/e19_e18_hand_inpaint_reference/experiments/E19/pipeline_outputs/subaction_93_P01_109_93/episode_01_right/frame_013134_right/diagnostics/reference_frame_inpainted.png,outputs/e19_e18_hand_inpaint_reference/experiments/E19/pipeline_outputs/subaction_93_P01_109_93/episode_01_right/frame_013134_right/diagnostics/reference_hand_mask.png,outputs/e19_e18_hand_inpaint_reference/experiments/E19/pipeline_outputs/subaction_93_P01_109_93/episode_01_right/frame_013134_right/diagnostics/reference_inpaint_before_after.png
95,P01_109_95,put down potato,put-down,potato,1.0,15464.0,15464.0,0.0,right,min_hand_object_iou_pre_contact_fallback,15325.0,139.0,139.0,outputs/e19_e18_hand_inpaint_reference/experiments/E19/pipeline_outputs/subaction_95_P01_109_95/episode_01_right/frame_015464_right,outputs/e19_e18_hand_inpaint_reference/experiments/E19/pipeline_outputs/subaction_95_P01_109_95/episode_01_right/frame_015464_right/reference_frame.png,outputs/e19_e18_hand_inpaint_reference/experiments/E19/pipeline_outputs/subaction_95_P01_109_95/episode_01_right/frame_015464_right/label_heatmap_merged_overlay.png,outputs/e19_e18_hand_inpaint_reference/experiments/E19/pipeline_outputs/subaction_95_P01_109_95/episode_01_right/frame_015464_right/vrb_style_affordance.png,outputs/e19_e18_hand_inpaint_reference/experiments/E19/pipeline_outputs/subaction_95_P01_109_95/episode_01_right/frame_015464_right/diagnostics/problem3_ref_full_overlay.png,outputs/e19_e18_hand_inpaint_reference/experiments/E19/pipeline_outputs/subaction_95_P01_109_95/episode_01_right/frame_015464_right/diagnostics/problem3_ref_crop.png,opencv_telea,True,True,True,applied,,keep_original,0.1366502192982456,0.0,True,True,2,outputs/e19_e18_hand_inpaint_reference/experiments/E19/pipeline_outputs/subaction_95_P01_109_95/episode_01_right/frame_015464_right/diagnostics/reference_frame_original.png,outputs/e19_e18_hand_inpaint_reference/experiments/E19/pipeline_outputs/subaction_95_P01_109_95/episode_01_right/frame_015464_right/diagnostics/reference_frame_inpainted.png,outputs/e19_e18_hand_inpaint_reference/experiments/E19/pipeline_outputs/subaction_95_P01_109_95/episode_01_right/frame_015464_right/diagnostics/reference_hand_mask.png,outputs/e19_e18_hand_inpaint_reference/experiments/E19/pipeline_outputs/subaction_95_P01_109_95/episode_01_right/frame_015464_right/diagnostics/reference_inpaint_before_after.png
