sample_key,rel_sample_dir,subaction_index,narration_id,hand,reference_mode,ref_idx,sample_dir,reference_frame,label_heatmap_npy,labels_json,npy_sha256,reference_sha256
subaction_00_P01_109_0__episode_01_left__frame_000088_left,subaction_00_P01_109_0/episode_01_left/frame_000088_left,0,P01_109_0,left,active_hand_invisible_pre_contact,69,outputs/e20/export/experiments/E20/pipeline_outputs/subaction_00_P01_109_0/episode_01_left/frame_000088_left,outputs/e20/export/experiments/E20/pipeline_outputs/subaction_00_P01_109_0/episode_01_left/frame_000088_left/reference_frame.png,outputs/e20/export/experiments/E20/pipeline_outputs/subaction_00_P01_109_0/episode_01_left/frame_000088_left/label_heatmap_merged.npy,outputs/e20/export/experiments/E20/pipeline_outputs/subaction_00_P01_109_0/episode_01_left/frame_000088_left/labels.json,01dff282654478bf02ed105600d66174d338c05374798ff066a4ce20f16aa002,308ebd5c1b1649aa44c84ffe3ddfa1a41f2149a246947d780546ec87a5ad8a4d
subaction_01_P01_109_1__episode_01_right__frame_000161_right,subaction_01_P01_109_1/episode_01_right/frame_000161_right,1,P01_109_1,right,active_hand_invisible_pre_contact,90,outputs/e20/export/experiments/E20/pipeline_outputs/subaction_01_P01_109_1/episode_01_right/frame_000161_right,outputs/e20/export/experiments/E20/pipeline_outputs/subaction_01_P01_109_1/episode_01_right/frame_000161_right/reference_frame.png,outputs/e20/export/experiments/E20/pipeline_outputs/subaction_01_P01_109_1/episode_01_right/frame_000161_right/label_heatmap_merged.npy,outputs/e20/export/experiments/E20/pipeline_outputs/subaction_01_P01_109_1/episode_01_right/frame_000161_right/labels.json,800c4b89abd5fc9e0a405655bfe9bcab8788020408c4eb15742c78575a416a7d,d8b0eab5197ec465b0d4f3efb8e9ce60787448d0d46afd20b6d7c093c3d4f0fc
subaction_06_P01_109_8__episode_01_right__frame_000527_right,subaction_06_P01_109_8/episode_01_right/frame_000527_right,6,P01_109_8,right,active_hand_invisible_pre_contact,511,outputs/e20/export/experiments/E20/pipeline_outputs/subaction_06_P01_109_8/episode_01_right/frame_000527_right,outputs/e20/export/experiments/E20/pipeline_outputs/subaction_06_P01_109_8/episode_01_right/frame_000527_right/reference_frame.png,outputs/e20/export/experiments/E20/pipeline_outputs/subaction_06_P01_109_8/episode_01_right/frame_000527_right/label_heatmap_merged.npy,outputs/e20/export/experiments/E20/pipeline_outputs/subaction_06_P01_109_8/episode_01_right/frame_000527_right/labels.json,de9fc67bd038a8d86c7021212f0630eba97fa63951c917ad79c659f2784743df,1a541e255a815645bfadc9c23df0bfb7f161ed27f6611d803cca96fc70fc2793
subaction_08_P01_109_7__episode_01_left__frame_000628_left,subaction_08_P01_109_7/episode_01_left/frame_000628_left,8,P01_109_7,left,active_hand_invisible_pre_contact,609,outputs/e20/export/experiments/E20/pipeline_outputs/subaction_08_P01_109_7/episode_01_left/frame_000628_left,outputs/e20/export/experiments/E20/pipeline_outputs/subaction_08_P01_109_7/episode_01_left/frame_000628_left/reference_frame.png,outputs/e20/export/experiments/E20/pipeline_outputs/subaction_08_P01_109_7/episode_01_left/frame_000628_left/label_heatmap_merged.npy,outputs/e20/export/experiments/E20/pipeline_outputs/subaction_08_P01_109_7/episode_01_left/frame_000628_left/labels.json,c5575379d075b0c4d47bb9b763e7a81cb6d9b95204f5108c29a62a817560fd40,b69ab6a8e6469b333006c758d674bfb4f0252759b1cbc6db18717b6af5ff3134
subaction_09_P01_109_9__episode_01_left__frame_000628_left,subaction_09_P01_109_9/episode_01_left/frame_000628_left,9,P01_109_9,left,active_hand_invisible_pre_contact,609,outputs/e20/export/experiments/E20/pipeline_outputs/subaction_09_P01_109_9/episode_01_left/frame_000628_left,outputs/e20/export/experiments/E20/pipeline_outputs/subaction_09_P01_109_9/episode_01_left/frame_000628_left/reference_frame.png,outputs/e20/export/experiments/E20/pipeline_outputs/subaction_09_P01_109_9/episode_01_left/frame_000628_left/label_heatmap_merged.npy,outputs/e20/export/experiments/E20/pipeline_outputs/subaction_09_P01_109_9/episode_01_left/frame_000628_left/labels.json,c5575379d075b0c4d47bb9b763e7a81cb6d9b95204f5108c29a62a817560fd40,b69ab6a8e6469b333006c758d674bfb4f0252759b1cbc6db18717b6af5ff3134
subaction_10_P01_109_10__episode_01_left__frame_000774_left,subaction_10_P01_109_10/episode_01_left/frame_000774_left,10,P01_109_10,left,active_hand_invisible_pre_contact,711,outputs/e20/export/experiments/E20/pipeline_outputs/subaction_10_P01_109_10/episode_01_left/frame_000774_left,outputs/e20/export/experiments/E20/pipeline_outputs/subaction_10_P01_109_10/episode_01_left/frame_000774_left/reference_frame.png,outputs/e20/export/experiments/E20/pipeline_outputs/subaction_10_P01_109_10/episode_01_left/frame_000774_left/label_heatmap_merged.npy,outputs/e20/export/experiments/E20/pipeline_outputs/subaction_10_P01_109_10/episode_01_left/frame_000774_left/labels.json,d9a77c1cde8b6b24b9a3c0c9343bbfe1fd15d5dc82f1ba3c82bea3f61f0e3787,5b648e015a8889d33d9504d7f2ba199799b5f6b161ef4453dc23f3b1189c7277
subaction_12_P01_109_12__episode_01_left__frame_001070_left,subaction_12_P01_109_12/episode_01_left/frame_001070_left,12,P01_109_12,left,active_hand_invisible_pre_contact,1068,outputs/e20/export/experiments/E20/pipeline_outputs/subaction_12_P01_109_12/episode_01_left/frame_001070_left,outputs/e20/export/experiments/E20/pipeline_outputs/subaction_12_P01_109_12/episode_01_left/frame_001070_left/reference_frame.png,outputs/e20/export/experiments/E20/pipeline_outputs/subaction_12_P01_109_12/episode_01_left/frame_001070_left/label_heatmap_merged.npy,outputs/e20/export/experiments/E20/pipeline_outputs/subaction_12_P01_109_12/episode_01_left/frame_001070_left/labels.json,688846906f691af9c821495599b2419411a3b9d280b33c9fb8750a5731fa0e4d,c2ab7b8427ef21bbd29e4b04c353ab41d5c86483f6a16f4b6ca66c8773e841b9
subaction_13_P01_109_13__episode_01_right__frame_001182_right,subaction_13_P01_109_13/episode_01_right/frame_001182_right,13,P01_109_13,right,min_hand_object_iou_pre_contact_fallback,1146,outputs/e20/export/experiments/E20/pipeline_outputs/subaction_13_P01_109_13/episode_01_right/frame_001182_right,outputs/e20/export/experiments/E20/pipeline_outputs/subaction_13_P01_109_13/episode_01_right/frame_001182_right/reference_frame.png,outputs/e20/export/experiments/E20/pipeline_outputs/subaction_13_P01_109_13/episode_01_right/frame_001182_right/label_heatmap_merged.npy,outputs/e20/export/experiments/E20/pipeline_outputs/subaction_13_P01_109_13/episode_01_right/frame_001182_right/labels.json,28a085bb0908ed892da6455c838032ce04c5ef668387743025b88f811ef072ce,b0f83c167fc441abd854b1e24d2b3c265d586ceb29ed30f104fbae3a622bc28d
subaction_14_P01_109_14__episode_01_right__frame_001258_right,subaction_14_P01_109_14/episode_01_right/frame_001258_right,14,P01_109_14,right,active_hand_invisible_pre_contact,1256,outputs/e20/export/experiments/E20/pipeline_outputs/subaction_14_P01_109_14/episode_01_right/frame_001258_right,outputs/e20/export/experiments/E20/pipeline_outputs/subaction_14_P01_109_14/episode_01_right/frame_001258_right/reference_frame.png,outputs/e20/export/experiments/E20/pipeline_outputs/subaction_14_P01_109_14/episode_01_right/frame_001258_right/label_heatmap_merged.npy,outputs/e20/export/experiments/E20/pipeline_outputs/subaction_14_P01_109_14/episode_01_right/frame_001258_right/labels.json,062527fc662af0644386a068252a02a45a79e4cf52e1c07ee9766bbf7d95ba3e,346415868b5f08ca687c10f125b5e422d58abd20defac50450556cc61e72df9f
subaction_16_P01_109_16__episode_01_left__frame_001345_left,subaction_16_P01_109_16/episode_01_left/frame_001345_left,16,P01_109_16,left,active_hand_invisible_pre_contact,1258,outputs/e20/export/experiments/E20/pipeline_outputs/subaction_16_P01_109_16/episode_01_left/frame_001345_left,outputs/e20/export/experiments/E20/pipeline_outputs/subaction_16_P01_109_16/episode_01_left/frame_001345_left/reference_frame.png,outputs/e20/export/experiments/E20/pipeline_outputs/subaction_16_P01_109_16/episode_01_left/frame_001345_left/label_heatmap_merged.npy,outputs/e20/export/experiments/E20/pipeline_outputs/subaction_16_P01_109_16/episode_01_left/frame_001345_left/labels.json,d74c7d5047a6a0d1f0c8e551ea13f358eb1035ca097f8e8e76e442ba1a867828,45e9bd59a3806227a4df8b355826672c81a6a6828aea0eace4597c2e6f7eb6d7
subaction_17_P01_109_17__episode_01_left__frame_001422_left,subaction_17_P01_109_17/episode_01_left/frame_001422_left,17,P01_109_17,left,active_hand_invisible_pre_contact,1420,outputs/e20/export/experiments/E20/pipeline_outputs/subaction_17_P01_109_17/episode_01_left/frame_001422_left,outputs/e20/export/experiments/E20/pipeline_outputs/subaction_17_P01_109_17/episode_01_left/frame_001422_left/reference_frame.png,outputs/e20/export/experiments/E20/pipeline_outputs/subaction_17_P01_109_17/episode_01_left/frame_001422_left/label_heatmap_merged.npy,outputs/e20/export/experiments/E20/pipeline_outputs/subaction_17_P01_109_17/episode_01_left/frame_001422_left/labels.json,56a82f64aa0b03591dd9d3bf5c8d2a6957ba0a6696feafdd3674d52732070e6e,8d12aac4429397db2c5cbca635f66386cb5ab1bc52100254d11f3fb914816f74
subaction_18_P01_109_18__episode_01_right__frame_001496_right,subaction_18_P01_109_18/episode_01_right/frame_001496_right,18,P01_109_18,right,active_hand_invisible_pre_contact,1467,outputs/e20/export/experiments/E20/pipeline_outputs/subaction_18_P01_109_18/episode_01_right/frame_001496_right,outputs/e20/export/experiments/E20/pipeline_outputs/subaction_18_P01_109_18/episode_01_right/frame_001496_right/reference_frame.png,outputs/e20/export/experiments/E20/pipeline_outputs/subaction_18_P01_109_18/episode_01_right/frame_001496_right/label_heatmap_merged.npy,outputs/e20/export/experiments/E20/pipeline_outputs/subaction_18_P01_109_18/episode_01_right/frame_001496_right/labels.json,e2808364d06cb62faffd022d0a544994c6cb830aa72b5ade5de32d91071e3d11,ea970a285e0340588395e5f5058491dee67ca79bfb0036398659603aa22843f6
subaction_20_P01_109_20__episode_01_left__frame_001827_left,subaction_20_P01_109_20/episode_01_left/frame_001827_left,20,P01_109_20,left,active_hand_invisible_pre_contact,1826,outputs/e20/export/experiments/E20/pipeline_outputs/subaction_20_P01_109_20/episode_01_left/frame_001827_left,outputs/e20/export/experiments/E20/pipeline_outputs/subaction_20_P01_109_20/episode_01_left/frame_001827_left/reference_frame.png,outputs/e20/export/experiments/E20/pipeline_outputs/subaction_20_P01_109_20/episode_01_left/frame_001827_left/label_heatmap_merged.npy,outputs/e20/export/experiments/E20/pipeline_outputs/subaction_20_P01_109_20/episode_01_left/frame_001827_left/labels.json,708a62717e5cbbc51dbbde94bfe8a30b6bf6307b7ab73a27c2ae2b86eeb8c90e,45ec5ff355f892948f13e645ae9d81968f6b87b061277b16b59f67337be3bb9f
subaction_21_P01_109_21__episode_01_left__frame_002088_left,subaction_21_P01_109_21/episode_01_left/frame_002088_left,21,P01_109_21,left,active_hand_invisible_pre_contact,2087,outputs/e20/export/experiments/E20/pipeline_outputs/subaction_21_P01_109_21/episode_01_left/frame_002088_left,outputs/e20/export/experiments/E20/pipeline_outputs/subaction_21_P01_109_21/episode_01_left/frame_002088_left/reference_frame.png,outputs/e20/export/experiments/E20/pipeline_outputs/subaction_21_P01_109_21/episode_01_left/frame_002088_left/label_heatmap_merged.npy,outputs/e20/export/experiments/E20/pipeline_outputs/subaction_21_P01_109_21/episode_01_left/frame_002088_left/labels.json,c72bcd740fb908ac9c0260c6bd653324666ed0a0599fcd558669142a9d6a8145,e0e72b9fb0fe2261443e6621aa6ee24d98aa419e975a611d6c3b4adb8b70d5b7
subaction_22_P01_109_22__episode_01_right__frame_002142_right,subaction_22_P01_109_22/episode_01_right/frame_002142_right,22,P01_109_22,right,active_hand_invisible_pre_contact,2140,outputs/e20/export/experiments/E20/pipeline_outputs/subaction_22_P01_109_22/episode_01_right/frame_002142_right,outputs/e20/export/experiments/E20/pipeline_outputs/subaction_22_P01_109_22/episode_01_right/frame_002142_right/reference_frame.png,outputs/e20/export/experiments/E20/pipeline_outputs/subaction_22_P01_109_22/episode_01_right/frame_002142_right/label_heatmap_merged.npy,outputs/e20/export/experiments/E20/pipeline_outputs/subaction_22_P01_109_22/episode_01_right/frame_002142_right/labels.json,326ea8a418700637285d8dd49cb44cbc7ee10bd20b90165e9bb7e1923f957608,104441b68be27afde3b86a9178faf22ceb94e71810332b8701603cb4258fc41b
subaction_23_P01_109_23__episode_01_right__frame_002214_right,subaction_23_P01_109_23/episode_01_right/frame_002214_right,23,P01_109_23,right,active_hand_invisible_pre_contact,2211,outputs/e20/export/experiments/E20/pipeline_outputs/subaction_23_P01_109_23/episode_01_right/frame_002214_right,outputs/e20/export/experiments/E20/pipeline_outputs/subaction_23_P01_109_23/episode_01_right/frame_002214_right/reference_frame.png,outputs/e20/export/experiments/E20/pipeline_outputs/subaction_23_P01_109_23/episode_01_right/frame_002214_right/label_heatmap_merged.npy,outputs/e20/export/experiments/E20/pipeline_outputs/subaction_23_P01_109_23/episode_01_right/frame_002214_right/labels.json,bb6e9ad6acbcad1c7693d3fd22377dec2ab97c158109d78406dd344fde43bb1f,3d222b712614cd40949c585ca8605bb20925cea375da15d996798f59fc2672c9
subaction_24_P01_109_24__episode_01_left__frame_002325_left,subaction_24_P01_109_24/episode_01_left/frame_002325_left,24,P01_109_24,left,active_hand_invisible_pre_contact,2311,outputs/e20/export/experiments/E20/pipeline_outputs/subaction_24_P01_109_24/episode_01_left/frame_002325_left,outputs/e20/export/experiments/E20/pipeline_outputs/subaction_24_P01_109_24/episode_01_left/frame_002325_left/reference_frame.png,outputs/e20/export/experiments/E20/pipeline_outputs/subaction_24_P01_109_24/episode_01_left/frame_002325_left/label_heatmap_merged.npy,outputs/e20/export/experiments/E20/pipeline_outputs/subaction_24_P01_109_24/episode_01_left/frame_002325_left/labels.json,b3cba5dc0f2932f0fc324d5e785ad52b05cd8aaa77b865674d0049284db41b21,533c92050f80ac8c8b1a9674b22344f3dcd09f01f821d56fdcfb17f5fef7e04c
subaction_25_P01_109_25__episode_01_right__frame_002341_right,subaction_25_P01_109_25/episode_01_right/frame_002341_right,25,P01_109_25,right,active_hand_invisible_pre_contact,2338,outputs/e20/export/experiments/E20/pipeline_outputs/subaction_25_P01_109_25/episode_01_right/frame_002341_right,outputs/e20/export/experiments/E20/pipeline_outputs/subaction_25_P01_109_25/episode_01_right/frame_002341_right/reference_frame.png,outputs/e20/export/experiments/E20/pipeline_outputs/subaction_25_P01_109_25/episode_01_right/frame_002341_right/label_heatmap_merged.npy,outputs/e20/export/experiments/E20/pipeline_outputs/subaction_25_P01_109_25/episode_01_right/frame_002341_right/labels.json,a4960ea28438af4c6439f7b39ca410f230492afa4acdf98cd5af52a65827b8e0,6dcc2b2e4b613a27c5746fb9f11de04300b4bc828dc2c6f97faf4eb78d2fddbd
subaction_27_P01_109_27__episode_01_right__frame_002468_right,subaction_27_P01_109_27/episode_01_right/frame_002468_right,27,P01_109_27,right,active_hand_invisible_pre_contact,2462,outputs/e20/export/experiments/E20/pipeline_outputs/subaction_27_P01_109_27/episode_01_right/frame_002468_right,outputs/e20/export/experiments/E20/pipeline_outputs/subaction_27_P01_109_27/episode_01_right/frame_002468_right/reference_frame.png,outputs/e20/export/experiments/E20/pipeline_outputs/subaction_27_P01_109_27/episode_01_right/frame_002468_right/label_heatmap_merged.npy,outputs/e20/export/experiments/E20/pipeline_outputs/subaction_27_P01_109_27/episode_01_right/frame_002468_right/labels.json,62a70b4e8c00ad1a19a24884fc38bc38b393ca730e11f4178ac22647bc4c4f96,d886bb168daacb19d869e30b0613f74f43143eb970428996130a2db9b1cd0770
subaction_28_P01_109_28__episode_01_right__frame_002484_right,subaction_28_P01_109_28/episode_01_right/frame_002484_right,28,P01_109_28,right,active_hand_invisible_pre_contact,2462,outputs/e20/export/experiments/E20/pipeline_outputs/subaction_28_P01_109_28/episode_01_right/frame_002484_right,outputs/e20/export/experiments/E20/pipeline_outputs/subaction_28_P01_109_28/episode_01_right/frame_002484_right/reference_frame.png,outputs/e20/export/experiments/E20/pipeline_outputs/subaction_28_P01_109_28/episode_01_right/frame_002484_right/label_heatmap_merged.npy,outputs/e20/export/experiments/E20/pipeline_outputs/subaction_28_P01_109_28/episode_01_right/frame_002484_right/labels.json,80f1d80d656d3ab6127989305726b4a9dee165418616b88bfc7cb95e99fa6040,d886bb168daacb19d869e30b0613f74f43143eb970428996130a2db9b1cd0770
subaction_29_P01_109_29__episode_01_right__frame_002550_right,subaction_29_P01_109_29/episode_01_right/frame_002550_right,29,P01_109_29,right,active_hand_invisible_pre_contact,2508,outputs/e20/export/experiments/E20/pipeline_outputs/subaction_29_P01_109_29/episode_01_right/frame_002550_right,outputs/e20/export/experiments/E20/pipeline_outputs/subaction_29_P01_109_29/episode_01_right/frame_002550_right/reference_frame.png,outputs/e20/export/experiments/E20/pipeline_outputs/subaction_29_P01_109_29/episode_01_right/frame_002550_right/label_heatmap_merged.npy,outputs/e20/export/experiments/E20/pipeline_outputs/subaction_29_P01_109_29/episode_01_right/frame_002550_right/labels.json,a79eae0e85411566c4c0406d8bb8c36df8a174044c69dc58aa67d1847e55ba1d,e63f8a6ca48ecf39d91dd9779f8d792f8170884098906fcaeab0d114834447a2
subaction_30_P01_109_30__episode_01_left__frame_002708_left,subaction_30_P01_109_30/episode_01_left/frame_002708_left,30,P01_109_30,left,active_hand_invisible_pre_contact,2697,outputs/e20/export/experiments/E20/pipeline_outputs/subaction_30_P01_109_30/episode_01_left/frame_002708_left,outputs/e20/export/experiments/E20/pipeline_outputs/subaction_30_P01_109_30/episode_01_left/frame_002708_left/reference_frame.png,outputs/e20/export/experiments/E20/pipeline_outputs/subaction_30_P01_109_30/episode_01_left/frame_002708_left/label_heatmap_merged.npy,outputs/e20/export/experiments/E20/pipeline_outputs/subaction_30_P01_109_30/episode_01_left/frame_002708_left/labels.json,8c9334337ee61f3d4f18b99f2c951661922f9aa7f527cfb4ca4d940ea3d4029a,fe91dda74fb6264569a53746cd3637b0fe8f550f6965dcd2afc7721548ccd262
subaction_31_P01_109_31__episode_01_left__frame_002968_left,subaction_31_P01_109_31/episode_01_left/frame_002968_left,31,P01_109_31,left,active_hand_invisible_pre_contact,2941,outputs/e20/export/experiments/E20/pipeline_outputs/subaction_31_P01_109_31/episode_01_left/frame_002968_left,outputs/e20/export/experiments/E20/pipeline_outputs/subaction_31_P01_109_31/episode_01_left/frame_002968_left/reference_frame.png,outputs/e20/export/experiments/E20/pipeline_outputs/subaction_31_P01_109_31/episode_01_left/frame_002968_left/label_heatmap_merged.npy,outputs/e20/export/experiments/E20/pipeline_outputs/subaction_31_P01_109_31/episode_01_left/frame_002968_left/labels.json,9e01b30e9a696278a4a8443bb755574283f800a1c4ce2a8c26abed69174cb2b6,a9c5423311da58af89e35c3256a053cfd6fd6a76cf36e5c777d808ac1edde8c0
subaction_32_P01_109_32__episode_01_left__frame_003009_left,subaction_32_P01_109_32/episode_01_left/frame_003009_left,32,P01_109_32,left,active_hand_invisible_pre_contact,2941,outputs/e20/export/experiments/E20/pipeline_outputs/subaction_32_P01_109_32/episode_01_left/frame_003009_left,outputs/e20/export/experiments/E20/pipeline_outputs/subaction_32_P01_109_32/episode_01_left/frame_003009_left/reference_frame.png,outputs/e20/export/experiments/E20/pipeline_outputs/subaction_32_P01_109_32/episode_01_left/frame_003009_left/label_heatmap_merged.npy,outputs/e20/export/experiments/E20/pipeline_outputs/subaction_32_P01_109_32/episode_01_left/frame_003009_left/labels.json,61dfc1ad89a89e986d6a46a7275bfdd81c30632f9c4aa49415045dcd2876b48f,a9c5423311da58af89e35c3256a053cfd6fd6a76cf36e5c777d808ac1edde8c0
subaction_33_P01_109_33__episode_01_left__frame_003088_left,subaction_33_P01_109_33/episode_01_left/frame_003088_left,33,P01_109_33,left,active_hand_invisible_pre_contact,3086,outputs/e20/export/experiments/E20/pipeline_outputs/subaction_33_P01_109_33/episode_01_left/frame_003088_left,outputs/e20/export/experiments/E20/pipeline_outputs/subaction_33_P01_109_33/episode_01_left/frame_003088_left/reference_frame.png,outputs/e20/export/experiments/E20/pipeline_outputs/subaction_33_P01_109_33/episode_01_left/frame_003088_left/label_heatmap_merged.npy,outputs/e20/export/experiments/E20/pipeline_outputs/subaction_33_P01_109_33/episode_01_left/frame_003088_left/labels.json,00c6b0feb38de256593250383ca8522e5b4086901f47bfd6ad22115a2a89192b,6dba2ed54af03adf513d2f5148e8998d0a947d414030245df057fa95935c0c13
subaction_34_P01_109_34__episode_01_left__frame_003122_left,subaction_34_P01_109_34/episode_01_left/frame_003122_left,34,P01_109_34,left,active_hand_invisible_pre_contact,3119,outputs/e20/export/experiments/E20/pipeline_outputs/subaction_34_P01_109_34/episode_01_left/frame_003122_left,outputs/e20/export/experiments/E20/pipeline_outputs/subaction_34_P01_109_34/episode_01_left/frame_003122_left/reference_frame.png,outputs/e20/export/experiments/E20/pipeline_outputs/subaction_34_P01_109_34/episode_01_left/frame_003122_left/label_heatmap_merged.npy,outputs/e20/export/experiments/E20/pipeline_outputs/subaction_34_P01_109_34/episode_01_left/frame_003122_left/labels.json,caa5ae0b81cff592eda9655e85262b307ecd773ed54c777a429f06ded8bbf95d,71c37453149c6905cafe07b4032b05bdc85a5c27c8c723156fc519afb0412c3d
subaction_35_P01_109_35__episode_01_left__frame_003356_left,subaction_35_P01_109_35/episode_01_left/frame_003356_left,35,P01_109_35,left,active_hand_invisible_pre_contact,3354,outputs/e20/export/experiments/E20/pipeline_outputs/subaction_35_P01_109_35/episode_01_left/frame_003356_left,outputs/e20/export/experiments/E20/pipeline_outputs/subaction_35_P01_109_35/episode_01_left/frame_003356_left/reference_frame.png,outputs/e20/export/experiments/E20/pipeline_outputs/subaction_35_P01_109_35/episode_01_left/frame_003356_left/label_heatmap_merged.npy,outputs/e20/export/experiments/E20/pipeline_outputs/subaction_35_P01_109_35/episode_01_left/frame_003356_left/labels.json,ce115633ebc50bc1f4d65ac7d6ebc9097e3ee58b090a1b20a4cb7b91d53e64ae,6e50a0b2dbc8f5f5181a7454bda1805790f06ffcd8cc963c8a66d3882d91f965
subaction_47_P01_109_47__episode_01_left__frame_004648_left,subaction_47_P01_109_47/episode_01_left/frame_004648_left,47,P01_109_47,left,active_hand_invisible_pre_contact,4636,outputs/e20/export/experiments/E20/pipeline_outputs/subaction_47_P01_109_47/episode_01_left/frame_004648_left,outputs/e20/export/experiments/E20/pipeline_outputs/subaction_47_P01_109_47/episode_01_left/frame_004648_left/reference_frame.png,outputs/e20/export/experiments/E20/pipeline_outputs/subaction_47_P01_109_47/episode_01_left/frame_004648_left/label_heatmap_merged.npy,outputs/e20/export/experiments/E20/pipeline_outputs/subaction_47_P01_109_47/episode_01_left/frame_004648_left/labels.json,86b9f618b2a8ecb7586e67ff7e004a60d2632749a8cf880fe13dbe537f4b4f6e,8ac8be9b3181a38f39e45ebe15de1c5168300c6cfadc127161e9b45b47628ba8
subaction_48_P01_109_48__episode_01_left__frame_004692_left,subaction_48_P01_109_48/episode_01_left/frame_004692_left,48,P01_109_48,left,active_hand_invisible_pre_contact,4636,outputs/e20/export/experiments/E20/pipeline_outputs/subaction_48_P01_109_48/episode_01_left/frame_004692_left,outputs/e20/export/experiments/E20/pipeline_outputs/subaction_48_P01_109_48/episode_01_left/frame_004692_left/reference_frame.png,outputs/e20/export/experiments/E20/pipeline_outputs/subaction_48_P01_109_48/episode_01_left/frame_004692_left/label_heatmap_merged.npy,outputs/e20/export/experiments/E20/pipeline_outputs/subaction_48_P01_109_48/episode_01_left/frame_004692_left/labels.json,6448f82d0e5ac7b7264cf207634d735767d7378c221eb4f4fd46f7daf623adf9,8ac8be9b3181a38f39e45ebe15de1c5168300c6cfadc127161e9b45b47628ba8
subaction_50_P01_109_50__episode_01_right__frame_004821_right,subaction_50_P01_109_50/episode_01_right/frame_004821_right,50,P01_109_50,right,active_hand_invisible_pre_contact,4659,outputs/e20/export/experiments/E20/pipeline_outputs/subaction_50_P01_109_50/episode_01_right/frame_004821_right,outputs/e20/export/experiments/E20/pipeline_outputs/subaction_50_P01_109_50/episode_01_right/frame_004821_right/reference_frame.png,outputs/e20/export/experiments/E20/pipeline_outputs/subaction_50_P01_109_50/episode_01_right/frame_004821_right/label_heatmap_merged.npy,outputs/e20/export/experiments/E20/pipeline_outputs/subaction_50_P01_109_50/episode_01_right/frame_004821_right/labels.json,04d5c4ffec45627a467820df1599ffa5a6e2c7d6511da814f7fba624e5d2bf61,8cd57e566732ed909ab36890f854d67f2552832d4665016ed005e03422497338
subaction_53_P01_109_53__episode_01_right__frame_004947_right,subaction_53_P01_109_53/episode_01_right/frame_004947_right,53,P01_109_53,right,active_hand_invisible_pre_contact,4937,outputs/e20/export/experiments/E20/pipeline_outputs/subaction_53_P01_109_53/episode_01_right/frame_004947_right,outputs/e20/export/experiments/E20/pipeline_outputs/subaction_53_P01_109_53/episode_01_right/frame_004947_right/reference_frame.png,outputs/e20/export/experiments/E20/pipeline_outputs/subaction_53_P01_109_53/episode_01_right/frame_004947_right/label_heatmap_merged.npy,outputs/e20/export/experiments/E20/pipeline_outputs/subaction_53_P01_109_53/episode_01_right/frame_004947_right/labels.json,46391fe6a946ef7030bfd02dc6d4df4fd1432ddfebf436973352d90ffabe6480,9624b3086437850dad27f954367116d2714ae31a144874a2a55b092f72bc961d
subaction_55_P01_109_55__episode_01_left__frame_005019_left,subaction_55_P01_109_55/episode_01_left/frame_005019_left,55,P01_109_55,left,active_hand_invisible_pre_contact,4959,outputs/e20/export/experiments/E20/pipeline_outputs/subaction_55_P01_109_55/episode_01_left/frame_005019_left,outputs/e20/export/experiments/E20/pipeline_outputs/subaction_55_P01_109_55/episode_01_left/frame_005019_left/reference_frame.png,outputs/e20/export/experiments/E20/pipeline_outputs/subaction_55_P01_109_55/episode_01_left/frame_005019_left/label_heatmap_merged.npy,outputs/e20/export/experiments/E20/pipeline_outputs/subaction_55_P01_109_55/episode_01_left/frame_005019_left/labels.json,3ad2df4de1f4628a865cc31bb7c1d7042a3854c5a3f888ce25ba19b6a8bbc1ed,592e9c8b76f52b703f051774a6dd9b64ae24fa44d8425b5b8596c38d4c836af9
subaction_56_P01_109_56__episode_01_left__frame_005062_left,subaction_56_P01_109_56/episode_01_left/frame_005062_left,56,P01_109_56,left,active_hand_invisible_pre_contact,4959,outputs/e20/export/experiments/E20/pipeline_outputs/subaction_56_P01_109_56/episode_01_left/frame_005062_left,outputs/e20/export/experiments/E20/pipeline_outputs/subaction_56_P01_109_56/episode_01_left/frame_005062_left/reference_frame.png,outputs/e20/export/experiments/E20/pipeline_outputs/subaction_56_P01_109_56/episode_01_left/frame_005062_left/label_heatmap_merged.npy,outputs/e20/export/experiments/E20/pipeline_outputs/subaction_56_P01_109_56/episode_01_left/frame_005062_left/labels.json,dd6bdf4e0a0902e18285d6042d8d408dc367a8f4d6b45df9b8c14a9962e2ff9d,592e9c8b76f52b703f051774a6dd9b64ae24fa44d8425b5b8596c38d4c836af9
subaction_58_P01_109_58__episode_01_right__frame_007132_right,subaction_58_P01_109_58/episode_01_right/frame_007132_right,58,P01_109_58,right,min_hand_object_iou_pre_contact_fallback,7130,outputs/e20/export/experiments/E20/pipeline_outputs/subaction_58_P01_109_58/episode_01_right/frame_007132_right,outputs/e20/export/experiments/E20/pipeline_outputs/subaction_58_P01_109_58/episode_01_right/frame_007132_right/reference_frame.png,outputs/e20/export/experiments/E20/pipeline_outputs/subaction_58_P01_109_58/episode_01_right/frame_007132_right/label_heatmap_merged.npy,outputs/e20/export/experiments/E20/pipeline_outputs/subaction_58_P01_109_58/episode_01_right/frame_007132_right/labels.json,5984a73929047c192b92407c4da85cbec03c40f0ad9873c8c250122b6210f3ce,72c5a70d17e369f09aec7a32788502cd5eff9d1ea5f00a1b20274671f7ec58c3
subaction_64_P01_109_64__episode_01_left__frame_010144_left,subaction_64_P01_109_64/episode_01_left/frame_010144_left,64,P01_109_64,left,min_hand_object_iou_pre_contact_fallback,10142,outputs/e20/export/experiments/E20/pipeline_outputs/subaction_64_P01_109_64/episode_01_left/frame_010144_left,outputs/e20/export/experiments/E20/pipeline_outputs/subaction_64_P01_109_64/episode_01_left/frame_010144_left/reference_frame.png,outputs/e20/export/experiments/E20/pipeline_outputs/subaction_64_P01_109_64/episode_01_left/frame_010144_left/label_heatmap_merged.npy,outputs/e20/export/experiments/E20/pipeline_outputs/subaction_64_P01_109_64/episode_01_left/frame_010144_left/labels.json,3d4cb3b5a31af82ecb7f76b3f5f59922aa907386ece3d5966d416d94f234147b,ec9e2c709114dcc9ea6857b5c9e0308f98ce93e3a8ab2dbd3ee085b32bacc297
subaction_66_P01_109_66__episode_01_left__frame_010197_left,subaction_66_P01_109_66/episode_01_left/frame_010197_left,66,P01_109_66,left,min_hand_object_iou_pre_contact_fallback,10195,outputs/e20/export/experiments/E20/pipeline_outputs/subaction_66_P01_109_66/episode_01_left/frame_010197_left,outputs/e20/export/experiments/E20/pipeline_outputs/subaction_66_P01_109_66/episode_01_left/frame_010197_left/reference_frame.png,outputs/e20/export/experiments/E20/pipeline_outputs/subaction_66_P01_109_66/episode_01_left/frame_010197_left/label_heatmap_merged.npy,outputs/e20/export/experiments/E20/pipeline_outputs/subaction_66_P01_109_66/episode_01_left/frame_010197_left/labels.json,1af188ff966be271449c84ef58290b85c51238063a03c7c9931858ea6f85debb,44b8f8ba2da9eb44f6ac06d574157f1819043b48380944d20f46b888ee65b616
subaction_67_P01_109_67__episode_01_right__frame_010261_right,subaction_67_P01_109_67/episode_01_right/frame_010261_right,67,P01_109_67,right,min_hand_object_iou_pre_contact_fallback,10114,outputs/e20/export/experiments/E20/pipeline_outputs/subaction_67_P01_109_67/episode_01_right/frame_010261_right,outputs/e20/export/experiments/E20/pipeline_outputs/subaction_67_P01_109_67/episode_01_right/frame_010261_right/reference_frame.png,outputs/e20/export/experiments/E20/pipeline_outputs/subaction_67_P01_109_67/episode_01_right/frame_010261_right/label_heatmap_merged.npy,outputs/e20/export/experiments/E20/pipeline_outputs/subaction_67_P01_109_67/episode_01_right/frame_010261_right/labels.json,fd2e1eeaa145be7b522641d29689f2aa17141e8183e423a4dc271f74b341678a,a71ca44dc32ca589dce7f1f8e33529380f2c002967ae8cdc1b628a5c4c76d968
subaction_68_P01_109_68__episode_01_right__frame_010269_right,subaction_68_P01_109_68/episode_01_right/frame_010269_right,68,P01_109_68,right,min_hand_object_iou_pre_contact_fallback,10114,outputs/e20/export/experiments/E20/pipeline_outputs/subaction_68_P01_109_68/episode_01_right/frame_010269_right,outputs/e20/export/experiments/E20/pipeline_outputs/subaction_68_P01_109_68/episode_01_right/frame_010269_right/reference_frame.png,outputs/e20/export/experiments/E20/pipeline_outputs/subaction_68_P01_109_68/episode_01_right/frame_010269_right/label_heatmap_merged.npy,outputs/e20/export/experiments/E20/pipeline_outputs/subaction_68_P01_109_68/episode_01_right/frame_010269_right/labels.json,ba18e590188eb16de51e022a6dbb83063a8a1e1caed23f9a19a3742c4f80ae5a,a71ca44dc32ca589dce7f1f8e33529380f2c002967ae8cdc1b628a5c4c76d968
subaction_69_P01_109_69__episode_01_left__frame_010374_left,subaction_69_P01_109_69/episode_01_left/frame_010374_left,69,P01_109_69,left,active_hand_invisible_pre_contact,10242,outputs/e20/export/experiments/E20/pipeline_outputs/subaction_69_P01_109_69/episode_01_left/frame_010374_left,outputs/e20/export/experiments/E20/pipeline_outputs/subaction_69_P01_109_69/episode_01_left/frame_010374_left/reference_frame.png,outputs/e20/export/experiments/E20/pipeline_outputs/subaction_69_P01_109_69/episode_01_left/frame_010374_left/label_heatmap_merged.npy,outputs/e20/export/experiments/E20/pipeline_outputs/subaction_69_P01_109_69/episode_01_left/frame_010374_left/labels.json,7cc80cf017be59be4a679aa160144a59119fd50f9e7f169683a3da9bcd5a7d62,38446c25190f7a22b6214018c440839e927560b8c670b4c2520ede94ef3a719b
subaction_71_P01_109_71__episode_01_right__frame_011977_right,subaction_71_P01_109_71/episode_01_right/frame_011977_right,71,P01_109_71,right,min_hand_object_iou_pre_contact_fallback,11976,outputs/e20/export/experiments/E20/pipeline_outputs/subaction_71_P01_109_71/episode_01_right/frame_011977_right,outputs/e20/export/experiments/E20/pipeline_outputs/subaction_71_P01_109_71/episode_01_right/frame_011977_right/reference_frame.png,outputs/e20/export/experiments/E20/pipeline_outputs/subaction_71_P01_109_71/episode_01_right/frame_011977_right/label_heatmap_merged.npy,outputs/e20/export/experiments/E20/pipeline_outputs/subaction_71_P01_109_71/episode_01_right/frame_011977_right/labels.json,54ea1c6ebd483e12470a99c9e0b066a4ba8fb016afc61af2c80f089f49a836e9,b055c4437a4e3b52895098ee56e0f315b25ecc54d855b876ad4f6b05995d1404
subaction_73_P01_109_73__episode_01_right__frame_012104_right,subaction_73_P01_109_73/episode_01_right/frame_012104_right,73,P01_109_73,right,min_hand_object_iou_pre_contact_fallback,11999,outputs/e20/export/experiments/E20/pipeline_outputs/subaction_73_P01_109_73/episode_01_right/frame_012104_right,outputs/e20/export/experiments/E20/pipeline_outputs/subaction_73_P01_109_73/episode_01_right/frame_012104_right/reference_frame.png,outputs/e20/export/experiments/E20/pipeline_outputs/subaction_73_P01_109_73/episode_01_right/frame_012104_right/label_heatmap_merged.npy,outputs/e20/export/experiments/E20/pipeline_outputs/subaction_73_P01_109_73/episode_01_right/frame_012104_right/labels.json,eb8785a393dd157a305487af382699799c38e99a7aa97636955b0e982116625e,d72bb01fbb22735f630578c2d0f1a6a2f4767720a45acb5767ee4df73d361f0e
subaction_75_P01_109_75__episode_01_right__frame_012295_right,subaction_75_P01_109_75/episode_01_right/frame_012295_right,75,P01_109_75,right,min_hand_object_iou_pre_contact_fallback,11999,outputs/e20/export/experiments/E20/pipeline_outputs/subaction_75_P01_109_75/episode_01_right/frame_012295_right,outputs/e20/export/experiments/E20/pipeline_outputs/subaction_75_P01_109_75/episode_01_right/frame_012295_right/reference_frame.png,outputs/e20/export/experiments/E20/pipeline_outputs/subaction_75_P01_109_75/episode_01_right/frame_012295_right/label_heatmap_merged.npy,outputs/e20/export/experiments/E20/pipeline_outputs/subaction_75_P01_109_75/episode_01_right/frame_012295_right/labels.json,dadf1ee69e9b1f56e73279cc328202b49e00d5293a26e6ad113634d7983bb780,d72bb01fbb22735f630578c2d0f1a6a2f4767720a45acb5767ee4df73d361f0e
subaction_76_P01_109_76__episode_01_right__frame_012325_right,subaction_76_P01_109_76/episode_01_right/frame_012325_right,76,P01_109_76,right,min_hand_object_iou_pre_contact_fallback,11999,outputs/e20/export/experiments/E20/pipeline_outputs/subaction_76_P01_109_76/episode_01_right/frame_012325_right,outputs/e20/export/experiments/E20/pipeline_outputs/subaction_76_P01_109_76/episode_01_right/frame_012325_right/reference_frame.png,outputs/e20/export/experiments/E20/pipeline_outputs/subaction_76_P01_109_76/episode_01_right/frame_012325_right/label_heatmap_merged.npy,outputs/e20/export/experiments/E20/pipeline_outputs/subaction_76_P01_109_76/episode_01_right/frame_012325_right/labels.json,d2c673cb1501f93c9f34e26be888bce61bdd9c86247195f99a77212e7c276856,d72bb01fbb22735f630578c2d0f1a6a2f4767720a45acb5767ee4df73d361f0e
subaction_77_P01_109_78__episode_01_left__frame_012335_left,subaction_77_P01_109_78/episode_01_left/frame_012335_left,77,P01_109_78,left,min_hand_object_iou_pre_contact_fallback,12331,outputs/e20/export/experiments/E20/pipeline_outputs/subaction_77_P01_109_78/episode_01_left/frame_012335_left,outputs/e20/export/experiments/E20/pipeline_outputs/subaction_77_P01_109_78/episode_01_left/frame_012335_left/reference_frame.png,outputs/e20/export/experiments/E20/pipeline_outputs/subaction_77_P01_109_78/episode_01_left/frame_012335_left/label_heatmap_merged.npy,outputs/e20/export/experiments/E20/pipeline_outputs/subaction_77_P01_109_78/episode_01_left/frame_012335_left/labels.json,b853c5caa59fa68507d99e2ae32266812f7e4cc66c04f7ca81c9196938ddd74d,d42dd29dc5fbad41d46eb19c29c41bb77b31f1a12cc9dd303e9b05cab1b6c535
subaction_79_P01_109_77__episode_01_left__frame_012412_left,subaction_79_P01_109_77/episode_01_left/frame_012412_left,79,P01_109_77,left,min_hand_object_iou_pre_contact_fallback,12404,outputs/e20/export/experiments/E20/pipeline_outputs/subaction_79_P01_109_77/episode_01_left/frame_012412_left,outputs/e20/export/experiments/E20/pipeline_outputs/subaction_79_P01_109_77/episode_01_left/frame_012412_left/reference_frame.png,outputs/e20/export/experiments/E20/pipeline_outputs/subaction_79_P01_109_77/episode_01_left/frame_012412_left/label_heatmap_merged.npy,outputs/e20/export/experiments/E20/pipeline_outputs/subaction_79_P01_109_77/episode_01_left/frame_012412_left/labels.json,e7b8d4aeb33007c4de63fe3280874dad375a6de2ad73b770c61fbaf7730249c7,dd47e2c0809cc4939af42f2054c0c2c2b051733ba0cac06a6e443f11d93b3ae2
subaction_80_P01_109_80__episode_01_right__frame_012424_right,subaction_80_P01_109_80/episode_01_right/frame_012424_right,80,P01_109_80,right,min_hand_object_iou_pre_contact_fallback,12407,outputs/e20/export/experiments/E20/pipeline_outputs/subaction_80_P01_109_80/episode_01_right/frame_012424_right,outputs/e20/export/experiments/E20/pipeline_outputs/subaction_80_P01_109_80/episode_01_right/frame_012424_right/reference_frame.png,outputs/e20/export/experiments/E20/pipeline_outputs/subaction_80_P01_109_80/episode_01_right/frame_012424_right/label_heatmap_merged.npy,outputs/e20/export/experiments/E20/pipeline_outputs/subaction_80_P01_109_80/episode_01_right/frame_012424_right/labels.json,8f809be7f7ef5c2af3f518559ae98ccbca328265b041ccdbb41cb952810f250a,2844bf92b83e8ab5c20eba84c46eb9ede8a32c731a82af2e5ee638aa30c2ab99
subaction_81_P01_109_81__episode_01_right__frame_012468_right,subaction_81_P01_109_81/episode_01_right/frame_012468_right,81,P01_109_81,right,min_hand_object_iou_pre_contact_fallback,12407,outputs/e20/export/experiments/E20/pipeline_outputs/subaction_81_P01_109_81/episode_01_right/frame_012468_right,outputs/e20/export/experiments/E20/pipeline_outputs/subaction_81_P01_109_81/episode_01_right/frame_012468_right/reference_frame.png,outputs/e20/export/experiments/E20/pipeline_outputs/subaction_81_P01_109_81/episode_01_right/frame_012468_right/label_heatmap_merged.npy,outputs/e20/export/experiments/E20/pipeline_outputs/subaction_81_P01_109_81/episode_01_right/frame_012468_right/labels.json,49614c213631f66d551512f916d9ca848cba4e56666f56e2015798baa72e558e,2844bf92b83e8ab5c20eba84c46eb9ede8a32c731a82af2e5ee638aa30c2ab99
subaction_82_P01_109_82__episode_01_right__frame_012493_right,subaction_82_P01_109_82/episode_01_right/frame_012493_right,82,P01_109_82,right,min_hand_object_iou_pre_contact_fallback,12479,outputs/e20/export/experiments/E20/pipeline_outputs/subaction_82_P01_109_82/episode_01_right/frame_012493_right,outputs/e20/export/experiments/E20/pipeline_outputs/subaction_82_P01_109_82/episode_01_right/frame_012493_right/reference_frame.png,outputs/e20/export/experiments/E20/pipeline_outputs/subaction_82_P01_109_82/episode_01_right/frame_012493_right/label_heatmap_merged.npy,outputs/e20/export/experiments/E20/pipeline_outputs/subaction_82_P01_109_82/episode_01_right/frame_012493_right/labels.json,c9c391dbbd99fde36a2e2251d38196cca4f7e98ce4ca5f5aa04148b83d798b7f,55c1d7dedc9fd1deb59fd2f6054bd282a76966a6f78100fae5878cbec0c2f837
subaction_83_P01_109_83__episode_01_right__frame_012578_right,subaction_83_P01_109_83/episode_01_right/frame_012578_right,83,P01_109_83,right,min_hand_object_iou_pre_contact_fallback,12479,outputs/e20/export/experiments/E20/pipeline_outputs/subaction_83_P01_109_83/episode_01_right/frame_012578_right,outputs/e20/export/experiments/E20/pipeline_outputs/subaction_83_P01_109_83/episode_01_right/frame_012578_right/reference_frame.png,outputs/e20/export/experiments/E20/pipeline_outputs/subaction_83_P01_109_83/episode_01_right/frame_012578_right/label_heatmap_merged.npy,outputs/e20/export/experiments/E20/pipeline_outputs/subaction_83_P01_109_83/episode_01_right/frame_012578_right/labels.json,cfbca27e30fa3b53897da0804f0f10845348e6ad88ac37121664c41c649852a3,55c1d7dedc9fd1deb59fd2f6054bd282a76966a6f78100fae5878cbec0c2f837
subaction_84_P01_109_84__episode_01_right__frame_012634_right,subaction_84_P01_109_84/episode_01_right/frame_012634_right,84,P01_109_84,right,min_hand_object_iou_pre_contact_fallback,12631,outputs/e20/export/experiments/E20/pipeline_outputs/subaction_84_P01_109_84/episode_01_right/frame_012634_right,outputs/e20/export/experiments/E20/pipeline_outputs/subaction_84_P01_109_84/episode_01_right/frame_012634_right/reference_frame.png,outputs/e20/export/experiments/E20/pipeline_outputs/subaction_84_P01_109_84/episode_01_right/frame_012634_right/label_heatmap_merged.npy,outputs/e20/export/experiments/E20/pipeline_outputs/subaction_84_P01_109_84/episode_01_right/frame_012634_right/labels.json,32ba80c2f0408986ac03810d9dd3e6655685a046b4f94a1ab09dd1103ddeb220,3fc93ac789214859a569cf5959256f543e3975575761b245c2a0a18fe85fb429
subaction_86_P01_109_86__episode_01_left__frame_012724_left,subaction_86_P01_109_86/episode_01_left/frame_012724_left,86,P01_109_86,left,min_hand_object_iou_pre_contact_fallback,12713,outputs/e20/export/experiments/E20/pipeline_outputs/subaction_86_P01_109_86/episode_01_left/frame_012724_left,outputs/e20/export/experiments/E20/pipeline_outputs/subaction_86_P01_109_86/episode_01_left/frame_012724_left/reference_frame.png,outputs/e20/export/experiments/E20/pipeline_outputs/subaction_86_P01_109_86/episode_01_left/frame_012724_left/label_heatmap_merged.npy,outputs/e20/export/experiments/E20/pipeline_outputs/subaction_86_P01_109_86/episode_01_left/frame_012724_left/labels.json,e70eaff10497a4bd77d759f31ccd59fcc2d3c1aefd552e703a684a3831a03063,07edaaf87f215ce96c29c786d6067730aebb8d2c04facf8e181ea9dd17f64fc3
subaction_87_P01_109_87__episode_01_right__frame_012758_right,subaction_87_P01_109_87/episode_01_right/frame_012758_right,87,P01_109_87,right,min_hand_object_iou_pre_contact_fallback,12714,outputs/e20/export/experiments/E20/pipeline_outputs/subaction_87_P01_109_87/episode_01_right/frame_012758_right,outputs/e20/export/experiments/E20/pipeline_outputs/subaction_87_P01_109_87/episode_01_right/frame_012758_right/reference_frame.png,outputs/e20/export/experiments/E20/pipeline_outputs/subaction_87_P01_109_87/episode_01_right/frame_012758_right/label_heatmap_merged.npy,outputs/e20/export/experiments/E20/pipeline_outputs/subaction_87_P01_109_87/episode_01_right/frame_012758_right/labels.json,128973156a44c3745977251525b0df47f5d96c78d6ff3b3655680d4104613656,81837c684342796e5d4427ad86088b7938adf11dc7bd0ba2589bd4e013399bbd
subaction_88_P01_109_88__episode_01_right__frame_012880_right,subaction_88_P01_109_88/episode_01_right/frame_012880_right,88,P01_109_88,right,min_hand_object_iou_pre_contact_fallback,12714,outputs/e20/export/experiments/E20/pipeline_outputs/subaction_88_P01_109_88/episode_01_right/frame_012880_right,outputs/e20/export/experiments/E20/pipeline_outputs/subaction_88_P01_109_88/episode_01_right/frame_012880_right/reference_frame.png,outputs/e20/export/experiments/E20/pipeline_outputs/subaction_88_P01_109_88/episode_01_right/frame_012880_right/label_heatmap_merged.npy,outputs/e20/export/experiments/E20/pipeline_outputs/subaction_88_P01_109_88/episode_01_right/frame_012880_right/labels.json,07bee6cf018132ef541be15fb61d86720d2bdc234edd87482e808c2a085fcc4b,81837c684342796e5d4427ad86088b7938adf11dc7bd0ba2589bd4e013399bbd
subaction_89_P01_109_89__episode_01_left__frame_012999_left,subaction_89_P01_109_89/episode_01_left/frame_012999_left,89,P01_109_89,left,min_hand_object_iou_pre_contact_fallback,12814,outputs/e20/export/experiments/E20/pipeline_outputs/subaction_89_P01_109_89/episode_01_left/frame_012999_left,outputs/e20/export/experiments/E20/pipeline_outputs/subaction_89_P01_109_89/episode_01_left/frame_012999_left/reference_frame.png,outputs/e20/export/experiments/E20/pipeline_outputs/subaction_89_P01_109_89/episode_01_left/frame_012999_left/label_heatmap_merged.npy,outputs/e20/export/experiments/E20/pipeline_outputs/subaction_89_P01_109_89/episode_01_left/frame_012999_left/labels.json,f7d6a79c4242e4976efd2f96a551fbb1f007b1ad02287ed5176cb4c55cdc59cb,6b64792ce14df88808c2fc8f13ba41bcf51abf294ccf6e523c954be8abafa12a
subaction_93_P01_109_93__episode_01_right__frame_013134_right,subaction_93_P01_109_93/episode_01_right/frame_013134_right,93,P01_109_93,right,min_hand_object_iou_pre_contact_fallback,13132,outputs/e20/export/experiments/E20/pipeline_outputs/subaction_93_P01_109_93/episode_01_right/frame_013134_right,outputs/e20/export/experiments/E20/pipeline_outputs/subaction_93_P01_109_93/episode_01_right/frame_013134_right/reference_frame.png,outputs/e20/export/experiments/E20/pipeline_outputs/subaction_93_P01_109_93/episode_01_right/frame_013134_right/label_heatmap_merged.npy,outputs/e20/export/experiments/E20/pipeline_outputs/subaction_93_P01_109_93/episode_01_right/frame_013134_right/labels.json,3fe69944e6f14377597f1be3618c651bb356cae953e7df969c6effcda8eca191,0e1cb0fce61f7f056b6dbf304bd273522b0b3af85286275309afa7f353c70cbe
subaction_95_P01_109_95__episode_01_right__frame_015464_right,subaction_95_P01_109_95/episode_01_right/frame_015464_right,95,P01_109_95,right,min_hand_object_iou_pre_contact_fallback,15325,outputs/e20/export/experiments/E20/pipeline_outputs/subaction_95_P01_109_95/episode_01_right/frame_015464_right,outputs/e20/export/experiments/E20/pipeline_outputs/subaction_95_P01_109_95/episode_01_right/frame_015464_right/reference_frame.png,outputs/e20/export/experiments/E20/pipeline_outputs/subaction_95_P01_109_95/episode_01_right/frame_015464_right/label_heatmap_merged.npy,outputs/e20/export/experiments/E20/pipeline_outputs/subaction_95_P01_109_95/episode_01_right/frame_015464_right/labels.json,57ac5f2633b39eb797f5ee5627ddadb78d0294ff1d1a14cb788fb6dd93e9a059,50ac8296077a8a35733e268881a88ec130609c32beec4973282646450c97b8e0
