experiment_id,experiment_name,contact_strategy,reference_strategy,subaction_index,narration_id,video_id,narration,verb,noun,all_nouns,start_frame_1_based,stop_frame_1_based,clipped_start_frame_0_based,clipped_stop_frame_0_based,candidate_index,frame_0_based,frame_1_based,hand,status,passed_stage,failed_stage,fail_reason,contact_points,ref_idx,ref_frame_1_based,ref_gap,reference_anchor_gap,trajectory_points,missing_trajectory_count,heatmap_mode,sample_score,sample_dir,reference_mode,reference_reason,reference_attempted_refs,reference_reject_reasons,active_hand_visible_at_ref,active_hand_score_at_ref,active_hand_state_at_ref,active_hand_contact_binary_at_ref,any_contact_binary_at_ref,reference_hand_object_iou,reference_hand_object_center_distance,projected_contact_centroid_ref,projected_contact_centroid_in_bounds,strict_ref_idx_shadow,strict_ref_idx,strict_reference_anchor_gap_shadow,strict_reference_anchor_gap,reference_anchor_gap_delta_vs_strict,strict_reference_available,fallback_reference_used,fallback_reference_attempted,fallback_reference_in_pre_contact_gap,fallback_ref_before_episode_start,fallback_rescued_from_no_strict_humanless,no_pre_episode_reference_window_not_rescued,rescued_from_no_strict_humanless,crop_bbox_150,crop_hand_overlap_ratio,object_hand_overlap_ratio,fallback_attempted_refs,fallback_reject_reasons,fallback_precheck_homography_min_inlier_ratio,fallback_precheck_homography_min_inliers,fallback_precheck_homography_min_good_matches,closest_active_hand_no_contact_frame_shadow,closest_any_contact_zero_frame_shadow,e14_clean_ref_idx_shadow,strict_reference_debug,pre_contact_window_nonempty,episode_contact_start_frame_0_based,episode_contact_start_frame_1_based,episode_contact_end_frame_0_based,candidate_frame_offset_from_episode_start,reference_anchor_frame_0_based,pre_contact_gap_start_frame_0_based,pre_contact_gap_end_frame_0_based,gap_length_before_episode_start,raw_semantic_window_start_0_based,raw_semantic_window_end_0_based,effective_reference_window_start_0_based,effective_reference_window_end_0_based,max_ref_backtrack,window_truncated_by_max_backtrack,reference_search_window_start_0_based,reference_search_window_end_0_based,ref_before_episode_start,is_candidate_at_episode_start,is_candidate_near_episode_start,episode_contact_run_length,subaction_new_contact_count,candidate_is_episode_representative,episode_id_within_subaction,episode_start_hand,episode_start_reason,reference_object_consistency_pass,reference_object_consistency_reason,reference_object_bbox,reference_object_bbox_score,reference_object_iou,reference_object_center_distance,projected_object_bbox,projected_object_area,projected_contact_to_reference_object_distance,projected_contact_means_inside_reference_object_count,reference_object_candidate_count,is_articulated_object_candidate,articulated_object_policy,episode_decision,episode_final_label,episode_id,episode_reason,episode_object_key,episode_noun_tokens,episode_prev_subaction_index,episode_prev_narration_id,episode_prev_last_contact_frame,episode_gap_start_frame,episode_gap_stop_frame,episode_no_contact_streak,episode_no_hand_streak,episode_raw_candidate_count,episode_filtered_candidate_count,min_ref_frame_idx,reference_frame,label_heatmap_npy,label_heatmap_png,label_heatmap_overlay,vrb_style_affordance,heatmap_shape,arrow_generated,problem3_full_overlay,problem3_crop,homography_pairs,homography_min_inlier_ratio,homography_min_inliers,homography_min_good_matches,homography_fail_reasons,sample_key,in_baseline
E15,E15_paper_faithful_reference,first_new_contact_episode_first_timestep,paper_faithful_strict_humanless_reference,6,P01_109_8,P01_109,pick up potato,pick-up,potato,['potato'],500,622,499,621,0.0,527.0,528.0,right,keep,Cell4_label_heatmap,,,69,509.0,510.0,18.0,18.0,6,0.0,covariance,5.846209386281589,outputs/e15/experiments/E15/pipeline_outputs/subaction_06_P01_109_8/episode_01_right/frame_000527_right,strict_global_no_hand,strict_no_hand_streak_before_episode_start,360,{},False,0.021235119551420212,NO_CONTACT,0.0,0.0,,,,,509.0,509.0,18.0,18.0,0.0,True,False,False,False,False,False,False,False,"(191, 78, 341, 228)",0.0,,0,{},,,,526.0,526.0,,"{'rejected_isolated_frames': [], 'streak_lengths': {526: 0, 525: 0, 524: 0, 523: 0, 522: 0, 521: 0, 520: 0, 519: 0, 518: 0, 517: 0, 516: 0, 515: 0, 514: 0, 513: 0, 512: 0, 511: 0, 510: 0, 509: 3}, 'final_streak_start': 507, 'final_streak_length': 3}",True,527.0,528.0,592.0,0.0,527.0,483.0,526.0,44.0,483.0,526.0,167.0,526.0,360.0,False,167.0,526.0,True,True,True,66.0,1,True,1.0,right,smoothed_contact_0_to_1,,,,,,,,,,,,False,record_only,new_contact_episode,new_contact_episode,P01_109_sub006_ep01_right,smoothed_contact_run_start_within_subaction,potato,['potato'],,,,,,,,140,1,167.0,outputs/e15/experiments/E15/pipeline_outputs/subaction_06_P01_109_8/episode_01_right/frame_000527_right/reference_frame.png,outputs/e15/experiments/E15/pipeline_outputs/subaction_06_P01_109_8/episode_01_right/frame_000527_right/label_heatmap_merged.npy,outputs/e15/experiments/E15/pipeline_outputs/subaction_06_P01_109_8/episode_01_right/frame_000527_right/label_heatmap_merged.png,outputs/e15/experiments/E15/pipeline_outputs/subaction_06_P01_109_8/episode_01_right/frame_000527_right/label_heatmap_merged_overlay.png,outputs/e15/experiments/E15/pipeline_outputs/subaction_06_P01_109_8/episode_01_right/frame_000527_right/vrb_style_affordance.png,"(256, 456)",True,outputs/e15/experiments/E15/pipeline_outputs/subaction_06_P01_109_8/episode_01_right/frame_000527_right/diagnostics/problem3_ref_full_overlay.png,outputs/e15/experiments/E15/pipeline_outputs/subaction_06_P01_109_8/episode_01_right/frame_000527_right/diagnostics/problem3_ref_crop.png,123.0,0.8231046931407943,63.0,69.0,,6:527:right,True
E15,E15_paper_faithful_reference,first_new_contact_episode_first_timestep,paper_faithful_strict_humanless_reference,21,P01_109_21,P01_109,pick up cup,pick-up,cup,['cup'],2084,2120,2083,2119,0.0,2088.0,2089.0,left,keep,Cell4_label_heatmap,,,213,2076.0,2077.0,12.0,12.0,3,3.0,covariance,6.0798907103825135,outputs/e15/experiments/E15/pipeline_outputs/subaction_21_P01_109_21/episode_01_left/frame_002088_left,strict_global_no_hand,strict_no_hand_streak_before_episode_start,360,{},False,,,0.0,0.0,,,,,2076.0,2076.0,12.0,12.0,0.0,True,False,False,False,False,False,False,False,"(251, 32, 401, 182)",0.0,,0,{},,,,2087.0,2087.0,,"{'rejected_isolated_frames': [2087], 'streak_lengths': {2087: 1, 2086: 0, 2085: 0, 2084: 0, 2083: 0, 2082: 0, 2081: 0, 2080: 0, 2079: 0, 2078: 0, 2077: 0, 2076: 158}, 'final_streak_start': 1919, 'final_streak_length': 158}",True,2088.0,2089.0,2090.0,0.0,2088.0,1842.0,2087.0,246.0,1842.0,2087.0,1728.0,2087.0,360.0,False,1728.0,2087.0,True,True,True,3.0,1,True,1.0,left,smoothed_contact_0_to_1,,,,,,,,,,,,False,record_only,new_contact_episode,new_contact_episode,P01_109_sub021_ep01_left,smoothed_contact_run_start_within_subaction,cup,['cup'],,,,,,,,6,1,1728.0,outputs/e15/experiments/E15/pipeline_outputs/subaction_21_P01_109_21/episode_01_left/frame_002088_left/reference_frame.png,outputs/e15/experiments/E15/pipeline_outputs/subaction_21_P01_109_21/episode_01_left/frame_002088_left/label_heatmap_merged.npy,outputs/e15/experiments/E15/pipeline_outputs/subaction_21_P01_109_21/episode_01_left/frame_002088_left/label_heatmap_merged.png,outputs/e15/experiments/E15/pipeline_outputs/subaction_21_P01_109_21/episode_01_left/frame_002088_left/label_heatmap_merged_overlay.png,outputs/e15/experiments/E15/pipeline_outputs/subaction_21_P01_109_21/episode_01_left/frame_002088_left/vrb_style_affordance.png,"(256, 456)",True,outputs/e15/experiments/E15/pipeline_outputs/subaction_21_P01_109_21/episode_01_left/frame_002088_left/diagnostics/problem3_ref_full_overlay.png,outputs/e15/experiments/E15/pipeline_outputs/subaction_21_P01_109_21/episode_01_left/frame_002088_left/diagnostics/problem3_ref_crop.png,39.0,0.9699453551912568,331.0,335.0,,21:2088:left,True
E15,E15_paper_faithful_reference,first_new_contact_episode_first_timestep,paper_faithful_strict_humanless_reference,22,P01_109_22,P01_109,put down cup,put-down,cup,['cup'],2132,2193,2131,2192,0.0,2142.0,2143.0,right,keep,Cell4_label_heatmap,,,241,2140.0,2141.0,2.0,2.0,6,0.0,covariance,9.757396449704142,outputs/e15/experiments/E15/pipeline_outputs/subaction_22_P01_109_22/episode_01_right/frame_002142_right,strict_global_no_hand,strict_no_hand_streak_before_episode_start,360,{},False,0.1745002120733261,PORTABLE_OBJECT,0.0,0.0,,,,,2140.0,2140.0,2.0,2.0,0.0,True,False,False,False,False,False,False,False,"(236, 0, 386, 150)",0.0,,0,{},,,,2141.0,2141.0,,"{'rejected_isolated_frames': [], 'streak_lengths': {2141: 0, 2140: 5}, 'final_streak_start': 2136, 'final_streak_length': 5}",True,2142.0,2143.0,2160.0,0.0,2142.0,2095.0,2141.0,47.0,2095.0,2141.0,1782.0,2141.0,360.0,False,1782.0,2141.0,True,True,True,19.0,1,True,1.0,right,smoothed_contact_0_to_1,,,,,,,,,,,,False,record_only,new_contact_episode,new_contact_episode,P01_109_sub022_ep01_right,smoothed_contact_run_start_within_subaction,cup,['cup'],,,,,,,,25,1,1782.0,outputs/e15/experiments/E15/pipeline_outputs/subaction_22_P01_109_22/episode_01_right/frame_002142_right/reference_frame.png,outputs/e15/experiments/E15/pipeline_outputs/subaction_22_P01_109_22/episode_01_right/frame_002142_right/label_heatmap_merged.npy,outputs/e15/experiments/E15/pipeline_outputs/subaction_22_P01_109_22/episode_01_right/frame_002142_right/label_heatmap_merged.png,outputs/e15/experiments/E15/pipeline_outputs/subaction_22_P01_109_22/episode_01_right/frame_002142_right/label_heatmap_merged_overlay.png,outputs/e15/experiments/E15/pipeline_outputs/subaction_22_P01_109_22/episode_01_right/frame_002142_right/vrb_style_affordance.png,"(256, 456)",True,outputs/e15/experiments/E15/pipeline_outputs/subaction_22_P01_109_22/episode_01_right/frame_002142_right/diagnostics/problem3_ref_full_overlay.png,outputs/e15/experiments/E15/pipeline_outputs/subaction_22_P01_109_22/episode_01_right/frame_002142_right/diagnostics/problem3_ref_crop.png,27.0,0.978698224852071,827.0,845.0,,22:2142:right,True
E15,E15_paper_faithful_reference,first_new_contact_episode_first_timestep,paper_faithful_strict_humanless_reference,27,P01_109_27,P01_109,pour hand wash,pour,wash:hand,['wash:hand'],2466,2505,2465,2504,0.0,2468.0,2469.0,right,keep,Cell4_label_heatmap,,,19,2434.0,2435.0,34.0,34.0,6,0.0,covariance,4.988586118251928,outputs/e15/experiments/E15/pipeline_outputs/subaction_27_P01_109_27/episode_01_right/frame_002468_right,strict_global_no_hand,strict_no_hand_streak_before_episode_start,360,{},False,0.13701221346855164,PORTABLE_OBJECT,0.0,0.0,,,,,2434.0,2434.0,34.0,34.0,0.0,True,False,False,False,False,False,False,False,"(280, 0, 430, 150)",0.0,,0,{},,,,2467.0,2467.0,,"{'rejected_isolated_frames': [2436], 'streak_lengths': {2467: 0, 2466: 0, 2465: 0, 2464: 0, 2463: 0, 2462: 0, 2461: 0, 2460: 0, 2459: 0, 2458: 0, 2457: 0, 2456: 0, 2455: 0, 2454: 0, 2453: 0, 2452: 0, 2451: 0, 2450: 0, 2449: 0, 2448: 0, 2447: 0, 2446: 0, 2445: 0, 2444: 0, 2443: 0, 2442: 0, 2441: 0, 2440: 0, 2439: 0, 2438: 0, 2437: 0, 2436: 1, 2435: 0, 2434: 6}, 'final_streak_start': 2429, 'final_streak_length': 6}",True,2468.0,2469.0,2470.0,0.0,2468.0,2429.0,2467.0,39.0,2429.0,2467.0,2108.0,2467.0,360.0,False,2108.0,2467.0,True,True,True,3.0,1,True,1.0,right,smoothed_contact_0_to_1,,,,,,,,,,,,False,record_only,new_contact_episode,new_contact_episode,P01_109_sub027_ep01_right,smoothed_contact_run_start_within_subaction,wash:hand,['wash:hand'],,,,,,,,10,1,2108.0,outputs/e15/experiments/E15/pipeline_outputs/subaction_27_P01_109_27/episode_01_right/frame_002468_right/reference_frame.png,outputs/e15/experiments/E15/pipeline_outputs/subaction_27_P01_109_27/episode_01_right/frame_002468_right/label_heatmap_merged.npy,outputs/e15/experiments/E15/pipeline_outputs/subaction_27_P01_109_27/episode_01_right/frame_002468_right/label_heatmap_merged.png,outputs/e15/experiments/E15/pipeline_outputs/subaction_27_P01_109_27/episode_01_right/frame_002468_right/label_heatmap_merged_overlay.png,outputs/e15/experiments/E15/pipeline_outputs/subaction_27_P01_109_27/episode_01_right/frame_002468_right/vrb_style_affordance.png,"(256, 456)",True,outputs/e15/experiments/E15/pipeline_outputs/subaction_27_P01_109_27/episode_01_right/frame_002468_right/diagnostics/problem3_ref_full_overlay.png,outputs/e15/experiments/E15/pipeline_outputs/subaction_27_P01_109_27/episode_01_right/frame_002468_right/diagnostics/problem3_ref_crop.png,219.0,0.974293059125964,653.0,664.0,,27:2468:right,True
E15,E15_paper_faithful_reference,first_new_contact_episode_first_timestep,paper_faithful_strict_humanless_reference,28,P01_109_28,P01_109,wash hands,wash,hand,['hand'],2478,2540,2477,2539,0.0,2484.0,2485.0,right,keep,Cell4_label_heatmap,,,69,2434.0,2435.0,50.0,50.0,6,0.0,covariance,5.828586118251928,outputs/e15/experiments/E15/pipeline_outputs/subaction_28_P01_109_28/episode_01_right/frame_002484_right,strict_global_no_hand,strict_no_hand_streak_before_episode_start,360,{},False,0.13701221346855164,PORTABLE_OBJECT,0.0,0.0,,,,,2434.0,2434.0,50.0,50.0,0.0,True,False,False,False,False,False,False,False,"(268, 0, 418, 150)",0.0,,0,{},,,,2483.0,2483.0,,"{'rejected_isolated_frames': [2436], 'streak_lengths': {2483: 0, 2482: 0, 2481: 0, 2480: 0, 2479: 0, 2478: 0, 2477: 0, 2476: 0, 2475: 0, 2474: 0, 2473: 0, 2472: 0, 2471: 0, 2470: 0, 2469: 0, 2468: 0, 2467: 0, 2466: 0, 2465: 0, 2464: 0, 2463: 0, 2462: 0, 2461: 0, 2460: 0, 2459: 0, 2458: 0, 2457: 0, 2456: 0, 2455: 0, 2454: 0, 2453: 0, 2452: 0, 2451: 0, 2450: 0, 2449: 0, 2448: 0, 2447: 0, 2446: 0, 2445: 0, 2444: 0, 2443: 0, 2442: 0, 2441: 0, 2440: 0, 2439: 0, 2438: 0, 2437: 0, 2436: 1, 2435: 0, 2434: 6}, 'final_streak_start': 2429, 'final_streak_length': 6}",True,2484.0,2485.0,2486.0,0.0,2484.0,2480.0,2483.0,4.0,2480.0,2483.0,2124.0,2483.0,360.0,False,2124.0,2483.0,True,True,True,3.0,1,True,1.0,right,smoothed_contact_0_to_1,,,,,,,,,,,,False,record_only,new_contact_episode,new_contact_episode,P01_109_sub028_ep01_right,smoothed_contact_run_start_within_subaction,hand,['hand'],,,,,,,,8,1,2124.0,outputs/e15/experiments/E15/pipeline_outputs/subaction_28_P01_109_28/episode_01_right/frame_002484_right/reference_frame.png,outputs/e15/experiments/E15/pipeline_outputs/subaction_28_P01_109_28/episode_01_right/frame_002484_right/label_heatmap_merged.npy,outputs/e15/experiments/E15/pipeline_outputs/subaction_28_P01_109_28/episode_01_right/frame_002484_right/label_heatmap_merged.png,outputs/e15/experiments/E15/pipeline_outputs/subaction_28_P01_109_28/episode_01_right/frame_002484_right/label_heatmap_merged_overlay.png,outputs/e15/experiments/E15/pipeline_outputs/subaction_28_P01_109_28/episode_01_right/frame_002484_right/vrb_style_affordance.png,"(256, 456)",True,outputs/e15/experiments/E15/pipeline_outputs/subaction_28_P01_109_28/episode_01_right/frame_002484_right/diagnostics/problem3_ref_full_overlay.png,outputs/e15/experiments/E15/pipeline_outputs/subaction_28_P01_109_28/episode_01_right/frame_002484_right/diagnostics/problem3_ref_crop.png,315.0,0.974293059125964,647.0,652.0,,28:2484:right,False
E15,E15_paper_faithful_reference,first_new_contact_episode_first_timestep,paper_faithful_strict_humanless_reference,29,P01_109_29,P01_109,turn on tap,turn-on,tap,['tap'],2545,2575,2544,2574,0.0,2550.0,2551.0,right,keep,Cell4_label_heatmap,,,23,2434.0,2435.0,116.0,116.0,6,0.0,covariance,4.248586118251928,outputs/e15/experiments/E15/pipeline_outputs/subaction_29_P01_109_29/episode_01_right/frame_002550_right,strict_global_no_hand,strict_no_hand_streak_before_episode_start,360,{},False,0.13701221346855164,PORTABLE_OBJECT,0.0,0.0,,,,,2434.0,2434.0,116.0,116.0,0.0,True,False,False,False,False,False,False,False,"(177, 0, 327, 150)",0.0,,0,{},,,,2549.0,2537.0,,"{'rejected_isolated_frames': [2436], 'streak_lengths': {2549: 0, 2548: 0, 2547: 0, 2546: 0, 2545: 0, 2544: 0, 2543: 0, 2542: 0, 2541: 0, 2540: 0, 2539: 0, 2538: 0, 2537: 0, 2536: 0, 2535: 0, 2534: 0, 2533: 0, 2532: 0, 2531: 0, 2530: 0, 2529: 0, 2528: 0, 2527: 0, 2526: 0, 2525: 0, 2524: 0, 2523: 0, 2522: 0, 2521: 0, 2520: 0, 2519: 0, 2518: 0, 2517: 0, 2516: 0, 2515: 0, 2514: 0, 2513: 0, 2512: 0, 2511: 0, 2510: 0, 2509: 0, 2508: 0, 2507: 0, 2506: 0, 2505: 0, 2504: 0, 2503: 0, 2502: 0, 2501: 0, 2500: 0, 2499: 0, 2498: 0, 2497: 0, 2496: 0, 2495: 0, 2494: 0, 2493: 0, 2492: 0, 2491: 0, 2490: 0, 2489: 0, 2488: 0, 2487: 0, 2486: 0, 2485: 0, 2484: 0, 2483: 0, 2482: 0, 2481: 0, 2480: 0, 2479: 0, 2478: 0, 2477: 0, 2476: 0, 2475: 0, 2474: 0, 2473: 0, 2472: 0, 2471: 0, 2470: 0, 2469: 0, 2468: 0, 2467: 0, 2466: 0, 2465: 0, 2464: 0, 2463: 0, 2462: 0, 2461: 0, 2460: 0, 2459: 0, 2458: 0, 2457: 0, 2456: 0, 2455: 0, 2454: 0, 2453: 0, 2452: 0, 2451: 0, 2450: 0, 2449: 0, 2448: 0, 2447: 0, 2446: 0, 2445: 0, 2444: 0, 2443: 0, 2442: 0, 2441: 0, 2440: 0, 2439: 0, 2438: 0, 2437: 0, 2436: 1, 2435: 0, 2434: 6}, 'final_streak_start': 2429, 'final_streak_length': 6}",True,2550.0,2551.0,2562.0,0.0,2550.0,2487.0,2549.0,63.0,2487.0,2549.0,2190.0,2549.0,360.0,False,2190.0,2549.0,True,True,True,13.0,1,True,1.0,right,smoothed_contact_0_to_1,,,,,,,,,,,,False,record_only,new_contact_episode,new_contact_episode,P01_109_sub029_ep01_right,smoothed_contact_run_start_within_subaction,tap,['tap'],,,,,,,,38,1,2190.0,outputs/e15/experiments/E15/pipeline_outputs/subaction_29_P01_109_29/episode_01_right/frame_002550_right/reference_frame.png,outputs/e15/experiments/E15/pipeline_outputs/subaction_29_P01_109_29/episode_01_right/frame_002550_right/label_heatmap_merged.npy,outputs/e15/experiments/E15/pipeline_outputs/subaction_29_P01_109_29/episode_01_right/frame_002550_right/label_heatmap_merged.png,outputs/e15/experiments/E15/pipeline_outputs/subaction_29_P01_109_29/episode_01_right/frame_002550_right/label_heatmap_merged_overlay.png,outputs/e15/experiments/E15/pipeline_outputs/subaction_29_P01_109_29/episode_01_right/frame_002550_right/vrb_style_affordance.png,"(256, 456)",True,outputs/e15/experiments/E15/pipeline_outputs/subaction_29_P01_109_29/episode_01_right/frame_002550_right/diagnostics/problem3_ref_full_overlay.png,outputs/e15/experiments/E15/pipeline_outputs/subaction_29_P01_109_29/episode_01_right/frame_002550_right/diagnostics/problem3_ref_crop.png,711.0,0.974293059125964,450.0,454.0,,29:2550:right,False
E15,E15_paper_faithful_reference,first_new_contact_episode_first_timestep,paper_faithful_strict_humanless_reference,30,P01_109_30,P01_109,rinse hands,rinse,hand,['hand'],2579,2963,2578,2962,0.0,2708.0,2709.0,left,keep,Cell4_label_heatmap,,,26,2434.0,2435.0,274.0,274.0,6,0.0,covariance,2.7285861182519273,outputs/e15/experiments/E15/pipeline_outputs/subaction_30_P01_109_30/episode_01_left/frame_002708_left,strict_global_no_hand,strict_no_hand_streak_before_episode_start,360,{},False,,,0.0,0.0,,,,,2434.0,2434.0,274.0,274.0,0.0,True,False,False,False,False,False,False,False,"(168, 0, 318, 150)",0.0,,0,{},,,,2707.0,2707.0,,"{'rejected_isolated_frames': [2436], 'streak_lengths': {2707: 0, 2706: 0, 2705: 0, 2704: 0, 2703: 0, 2702: 0, 2701: 0, 2700: 0, 2699: 0, 2698: 0, 2697: 0, 2696: 0, 2695: 0, 2694: 0, 2693: 0, 2692: 0, 2691: 0, 2690: 0, 2689: 0, 2688: 0, 2687: 0, 2686: 0, 2685: 0, 2684: 0, 2683: 0, 2682: 0, 2681: 0, 2680: 0, 2679: 0, 2678: 0, 2677: 0, 2676: 0, 2675: 0, 2674: 0, 2673: 0, 2672: 0, 2671: 0, 2670: 0, 2669: 0, 2668: 0, 2667: 0, 2666: 0, 2665: 0, 2664: 0, 2663: 0, 2662: 0, 2661: 0, 2660: 0, 2659: 0, 2658: 0, 2657: 0, 2656: 0, 2655: 0, 2654: 0, 2653: 0, 2652: 0, 2651: 0, 2650: 0, 2649: 0, 2648: 0, 2647: 0, 2646: 0, 2645: 0, 2644: 0, 2643: 0, 2642: 0, 2641: 0, 2640: 0, 2639: 0, 2638: 0, 2637: 0, 2636: 0, 2635: 0, 2634: 0, 2633: 0, 2632: 0, 2631: 0, 2630: 0, 2629: 0, 2628: 0, 2627: 0, 2626: 0, 2625: 0, 2624: 0, 2623: 0, 2622: 0, 2621: 0, 2620: 0, 2619: 0, 2618: 0, 2617: 0, 2616: 0, 2615: 0, 2614: 0, 2613: 0, 2612: 0, 2611: 0, 2610: 0, 2609: 0, 2608: 0, 2607: 0, 2606: 0, 2605: 0, 2604: 0, 2603: 0, 2602: 0, 2601: 0, 2600: 0, 2599: 0, 2598: 0, 2597: 0, 2596: 0, 2595: 0, 2594: 0, 2593: 0, 2592: 0, 2591: 0, 2590: 0, 2589: 0, 2588: 0, 2587: 0, 2586: 0, 2585: 0, 2584: 0, 2583: 0, 2582: 0, 2581: 0, 2580: 0, 2579: 0, 2578: 0, 2577: 0, 2576: 0, 2575: 0, 2574: 0, 2573: 0, 2572: 0, 2571: 0, 2570: 0, 2569: 0, 2568: 0, 2567: 0, 2566: 0, 2565: 0, 2564: 0, 2563: 0, 2562: 0, 2561: 0, 2560: 0, 2559: 0, 2558: 0, 2557: 0, 2556: 0, 2555: 0, 2554: 0, 2553: 0, 2552: 0, 2551: 0, 2550: 0, 2549: 0, 2548: 0, 2547: 0, 2546: 0, 2545: 0, 2544: 0, 2543: 0, 2542: 0, 2541: 0, 2540: 0, 2539: 0, 2538: 0, 2537: 0, 2536: 0, 2535: 0, 2534: 0, 2533: 0, 2532: 0, 2531: 0, 2530: 0, 2529: 0, 2528: 0, 2527: 0, 2526: 0, 2525: 0, 2524: 0, 2523: 0, 2522: 0, 2521: 0, 2520: 0, 2519: 0, 2518: 0, 2517: 0, 2516: 0, 2515: 0, 2514: 0, 2513: 0, 2512: 0, 2511: 0, 2510: 0, 2509: 0, 2508: 0, 2507: 0, 2506: 0, 2505: 0, 2504: 0, 2503: 0, 2502: 0, 2501: 0, 2500: 0, 2499: 0, 2498: 0, 2497: 0, 2496: 0, 2495: 0, 2494: 0, 2493: 0, 2492: 0, 2491: 0, 2490: 0, 2489: 0, 2488: 0, 2487: 0, 2486: 0, 2485: 0, 2484: 0, 2483: 0, 2482: 0, 2481: 0, 2480: 0, 2479: 0, 2478: 0, 2477: 0, 2476: 0, 2475: 0, 2474: 0, 2473: 0, 2472: 0, 2471: 0, 2470: 0, 2469: 0, 2468: 0, 2467: 0, 2466: 0, 2465: 0, 2464: 0, 2463: 0, 2462: 0, 2461: 0, 2460: 0, 2459: 0, 2458: 0, 2457: 0, 2456: 0, 2455: 0, 2454: 0, 2453: 0, 2452: 0, 2451: 0, 2450: 0, 2449: 0, 2448: 0, 2447: 0, 2446: 0, 2445: 0, 2444: 0, 2443: 0, 2442: 0, 2441: 0, 2440: 0, 2439: 0, 2438: 0, 2437: 0, 2436: 1, 2435: 0, 2434: 6}, 'final_streak_start': 2429, 'final_streak_length': 6}",True,2708.0,2709.0,2710.0,0.0,2708.0,2563.0,2707.0,145.0,2563.0,2707.0,2348.0,2707.0,360.0,False,2348.0,2707.0,True,True,True,3.0,1,True,1.0,left,smoothed_contact_0_to_1,,,,,,,,,,,,False,record_only,new_contact_episode,new_contact_episode,P01_109_sub030_ep01_left,smoothed_contact_run_start_within_subaction,hand,['hand'],,,,,,,,164,1,2348.0,outputs/e15/experiments/E15/pipeline_outputs/subaction_30_P01_109_30/episode_01_left/frame_002708_left/reference_frame.png,outputs/e15/experiments/E15/pipeline_outputs/subaction_30_P01_109_30/episode_01_left/frame_002708_left/label_heatmap_merged.npy,outputs/e15/experiments/E15/pipeline_outputs/subaction_30_P01_109_30/episode_01_left/frame_002708_left/label_heatmap_merged.png,outputs/e15/experiments/E15/pipeline_outputs/subaction_30_P01_109_30/episode_01_left/frame_002708_left/label_heatmap_merged_overlay.png,outputs/e15/experiments/E15/pipeline_outputs/subaction_30_P01_109_30/episode_01_left/frame_002708_left/vrb_style_affordance.png,"(256, 456)",True,outputs/e15/experiments/E15/pipeline_outputs/subaction_30_P01_109_30/episode_01_left/frame_002708_left/diagnostics/problem3_ref_full_overlay.png,outputs/e15/experiments/E15/pipeline_outputs/subaction_30_P01_109_30/episode_01_left/frame_002708_left/diagnostics/problem3_ref_crop.png,1659.0,0.974293059125964,450.0,454.0,,30:2708:left,True
E15,E15_paper_faithful_reference,first_new_contact_episode_first_timestep,paper_faithful_strict_humanless_reference,35,P01_109_35,P01_109,put down cloth,put-down,cloth,['cloth'],3349,3372,3348,3371,0.0,3356.0,3357.0,left,keep,Cell4_label_heatmap,,,117,3330.0,3331.0,26.0,26.0,6,0.0,covariance,7.04,outputs/e15/experiments/E15/pipeline_outputs/subaction_35_P01_109_35/episode_01_left/frame_003356_left,strict_global_no_hand,strict_no_hand_streak_before_episode_start,360,{},False,0.04227301478385925,PORTABLE_OBJECT,0.0,0.0,,,,,3330.0,3330.0,26.0,26.0,0.0,True,False,False,False,False,False,False,False,"(137, 106, 287, 256)",0.0,,0,{},,,,3355.0,3337.0,,"{'rejected_isolated_frames': [3336, 3332], 'streak_lengths': {3355: 0, 3354: 0, 3353: 0, 3352: 0, 3351: 0, 3350: 0, 3349: 0, 3348: 0, 3347: 0, 3346: 0, 3345: 0, 3344: 0, 3343: 0, 3342: 0, 3341: 0, 3340: 0, 3339: 0, 3338: 0, 3337: 0, 3336: 1, 3335: 0, 3334: 0, 3333: 0, 3332: 1, 3331: 0, 3330: 5}, 'final_streak_start': 3326, 'final_streak_length': 5}",True,3356.0,3357.0,3360.0,0.0,3356.0,3221.0,3355.0,135.0,3221.0,3355.0,2996.0,3355.0,360.0,False,2996.0,3355.0,True,True,True,5.0,1,True,1.0,left,smoothed_contact_0_to_1,,,,,,,,,,,,False,record_only,new_contact_episode,new_contact_episode,P01_109_sub035_ep01_left,smoothed_contact_run_start_within_subaction,cloth,['cloth'],,,,,,,,35,1,2996.0,outputs/e15/experiments/E15/pipeline_outputs/subaction_35_P01_109_35/episode_01_left/frame_003356_left/reference_frame.png,outputs/e15/experiments/E15/pipeline_outputs/subaction_35_P01_109_35/episode_01_left/frame_003356_left/label_heatmap_merged.npy,outputs/e15/experiments/E15/pipeline_outputs/subaction_35_P01_109_35/episode_01_left/frame_003356_left/label_heatmap_merged.png,outputs/e15/experiments/E15/pipeline_outputs/subaction_35_P01_109_35/episode_01_left/frame_003356_left/label_heatmap_merged_overlay.png,outputs/e15/experiments/E15/pipeline_outputs/subaction_35_P01_109_35/episode_01_left/frame_003356_left/vrb_style_affordance.png,"(256, 456)",True,outputs/e15/experiments/E15/pipeline_outputs/subaction_35_P01_109_35/episode_01_left/frame_003356_left/diagnostics/problem3_ref_full_overlay.png,outputs/e15/experiments/E15/pipeline_outputs/subaction_35_P01_109_35/episode_01_left/frame_003356_left/diagnostics/problem3_ref_crop.png,171.0,0.98,736.0,749.0,,35:3356:left,False
E15,E15_paper_faithful_reference,first_new_contact_episode_first_timestep,paper_faithful_strict_humanless_reference,47,P01_109_47,P01_109,close cupboard,close,cupboard,['cupboard'],4621,4664,4620,4663,0.0,4648.0,4649.0,left,keep,Cell4_label_heatmap,,,65,4636.0,4637.0,12.0,12.0,6,0.0,covariance,6.09743119266055,outputs/e15/experiments/E15/pipeline_outputs/subaction_47_P01_109_47/episode_01_left/frame_004648_left,strict_global_no_hand,strict_no_hand_streak_before_episode_start,360,{},False,0.042531806975603104,PORTABLE_OBJECT,0.0,0.0,,,,,4636.0,4636.0,12.0,12.0,0.0,True,False,False,False,False,False,False,False,"(119, 97, 269, 247)",0.0,,0,{},,,,4647.0,4647.0,,"{'rejected_isolated_frames': [], 'streak_lengths': {4647: 0, 4646: 0, 4645: 0, 4644: 0, 4643: 0, 4642: 0, 4641: 0, 4640: 0, 4639: 0, 4638: 0, 4637: 0, 4636: 7}, 'final_streak_start': 4630, 'final_streak_length': 7}",True,4648.0,4649.0,4658.0,0.0,4648.0,4629.0,4647.0,19.0,4629.0,4647.0,4288.0,4647.0,360.0,False,4288.0,4647.0,True,True,True,11.0,1,True,1.0,left,smoothed_contact_0_to_1,,,,,,,,,,,,True,record_only,new_contact_episode,new_contact_episode,P01_109_sub047_ep01_left,smoothed_contact_run_start_within_subaction,cupboard,['cupboard'],,,,,,,,26,1,4288.0,outputs/e15/experiments/E15/pipeline_outputs/subaction_47_P01_109_47/episode_01_left/frame_004648_left/reference_frame.png,outputs/e15/experiments/E15/pipeline_outputs/subaction_47_P01_109_47/episode_01_left/frame_004648_left/label_heatmap_merged.npy,outputs/e15/experiments/E15/pipeline_outputs/subaction_47_P01_109_47/episode_01_left/frame_004648_left/label_heatmap_merged.png,outputs/e15/experiments/E15/pipeline_outputs/subaction_47_P01_109_47/episode_01_left/frame_004648_left/label_heatmap_merged_overlay.png,outputs/e15/experiments/E15/pipeline_outputs/subaction_47_P01_109_47/episode_01_left/frame_004648_left/vrb_style_affordance.png,"(256, 456)",True,outputs/e15/experiments/E15/pipeline_outputs/subaction_47_P01_109_47/episode_01_left/frame_004648_left/diagnostics/problem3_ref_full_overlay.png,outputs/e15/experiments/E15/pipeline_outputs/subaction_47_P01_109_47/episode_01_left/frame_004648_left/diagnostics/problem3_ref_crop.png,87.0,0.9587155963302753,427.0,437.0,,47:4648:left,True
E15,E15_paper_faithful_reference,first_new_contact_episode_first_timestep,paper_faithful_strict_humanless_reference,48,P01_109_48,P01_109,put down cutting board,put-down,board:cutting,['board:cutting'],4677,4724,4676,4723,0.0,4692.0,4693.0,left,keep,Cell4_label_heatmap,,,33,4636.0,4637.0,56.0,56.0,6,0.0,covariance,4.992857142857142,outputs/e15/experiments/E15/pipeline_outputs/subaction_48_P01_109_48/episode_01_left/frame_004692_left,strict_global_no_hand,strict_no_hand_streak_before_episode_start,360,{},False,0.042531806975603104,PORTABLE_OBJECT,0.0,0.0,,,,,4636.0,4636.0,56.0,56.0,0.0,True,False,False,False,False,False,False,False,"(261, 106, 411, 256)",0.0,,0,{},,,,4691.0,4660.0,,"{'rejected_isolated_frames': [], 'streak_lengths': {4691: 0, 4690: 0, 4689: 0, 4688: 0, 4687: 0, 4686: 0, 4685: 0, 4684: 0, 4683: 0, 4682: 0, 4681: 0, 4680: 0, 4679: 0, 4678: 0, 4677: 0, 4676: 0, 4675: 0, 4674: 0, 4673: 0, 4672: 0, 4671: 0, 4670: 0, 4669: 0, 4668: 0, 4667: 0, 4666: 0, 4665: 0, 4664: 0, 4663: 0, 4662: 0, 4661: 0, 4660: 0, 4659: 0, 4658: 0, 4657: 0, 4656: 0, 4655: 0, 4654: 0, 4653: 0, 4652: 0, 4651: 0, 4650: 0, 4649: 0, 4648: 0, 4647: 0, 4646: 0, 4645: 0, 4644: 0, 4643: 0, 4642: 0, 4641: 0, 4640: 0, 4639: 0, 4638: 0, 4637: 0, 4636: 7}, 'final_streak_start': 4630, 'final_streak_length': 7}",True,4692.0,4693.0,4705.0,0.0,4692.0,4664.0,4691.0,28.0,4664.0,4691.0,4332.0,4691.0,360.0,False,4332.0,4691.0,True,True,True,14.0,1,True,1.0,left,smoothed_contact_0_to_1,,,,,,,,,,,,False,record_only,new_contact_episode,new_contact_episode,P01_109_sub048_ep01_left,smoothed_contact_run_start_within_subaction,board:cutting,['board:cutting'],,,,,,,,53,1,4332.0,outputs/e15/experiments/E15/pipeline_outputs/subaction_48_P01_109_48/episode_01_left/frame_004692_left/reference_frame.png,outputs/e15/experiments/E15/pipeline_outputs/subaction_48_P01_109_48/episode_01_left/frame_004692_left/label_heatmap_merged.npy,outputs/e15/experiments/E15/pipeline_outputs/subaction_48_P01_109_48/episode_01_left/frame_004692_left/label_heatmap_merged.png,outputs/e15/experiments/E15/pipeline_outputs/subaction_48_P01_109_48/episode_01_left/frame_004692_left/label_heatmap_merged_overlay.png,outputs/e15/experiments/E15/pipeline_outputs/subaction_48_P01_109_48/episode_01_left/frame_004692_left/vrb_style_affordance.png,"(256, 456)",True,outputs/e15/experiments/E15/pipeline_outputs/subaction_48_P01_109_48/episode_01_left/frame_004692_left/diagnostics/problem3_ref_full_overlay.png,outputs/e15/experiments/E15/pipeline_outputs/subaction_48_P01_109_48/episode_01_left/frame_004692_left/diagnostics/problem3_ref_crop.png,351.0,0.9464285714285714,146.0,148.0,,48:4692:left,False
E15,E15_paper_faithful_reference,first_new_contact_episode_first_timestep,paper_faithful_strict_humanless_reference,50,P01_109_50,P01_109,put down eggs,put-down,egg,['egg'],4794,4827,4793,4826,0.0,4821.0,4822.0,right,keep,Cell4_label_heatmap,,,149,4636.0,4637.0,185.0,185.0,6,0.0,covariance,5.95051282051282,outputs/e15/experiments/E15/pipeline_outputs/subaction_50_P01_109_50/episode_01_right/frame_004821_right,strict_global_no_hand,strict_no_hand_streak_before_episode_start,360,{},False,,,0.0,0.0,,,,,4636.0,4636.0,185.0,185.0,0.0,True,False,False,False,False,False,False,False,"(267, 0, 417, 150)",0.0,,0,{},,,,4820.0,4751.0,,"{'rejected_isolated_frames': [], 'streak_lengths': {4820: 0, 4819: 0, 4818: 0, 4817: 0, 4816: 0, 4815: 0, 4814: 0, 4813: 0, 4812: 0, 4811: 0, 4810: 0, 4809: 0, 4808: 0, 4807: 0, 4806: 0, 4805: 0, 4804: 0, 4803: 0, 4802: 0, 4801: 0, 4800: 0, 4799: 0, 4798: 0, 4797: 0, 4796: 0, 4795: 0, 4794: 0, 4793: 0, 4792: 0, 4791: 0, 4790: 0, 4789: 0, 4788: 0, 4787: 0, 4786: 0, 4785: 0, 4784: 0, 4783: 0, 4782: 0, 4781: 0, 4780: 0, 4779: 0, 4778: 0, 4777: 0, 4776: 0, 4775: 0, 4774: 0, 4773: 0, 4772: 0, 4771: 0, 4770: 0, 4769: 0, 4768: 0, 4767: 0, 4766: 0, 4765: 0, 4764: 0, 4763: 0, 4762: 0, 4761: 0, 4760: 0, 4759: 0, 4758: 0, 4757: 0, 4756: 0, 4755: 0, 4754: 0, 4753: 0, 4752: 0, 4751: 0, 4750: 0, 4749: 0, 4748: 0, 4747: 0, 4746: 0, 4745: 0, 4744: 0, 4743: 0, 4742: 0, 4741: 0, 4740: 0, 4739: 0, 4738: 0, 4737: 0, 4736: 0, 4735: 0, 4734: 0, 4733: 0, 4732: 0, 4731: 0, 4730: 0, 4729: 0, 4728: 0, 4727: 0, 4726: 0, 4725: 0, 4724: 0, 4723: 0, 4722: 0, 4721: 0, 4720: 0, 4719: 0, 4718: 0, 4717: 0, 4716: 0, 4715: 0, 4714: 0, 4713: 0, 4712: 0, 4711: 0, 4710: 0, 4709: 0, 4708: 0, 4707: 0, 4706: 0, 4705: 0, 4704: 0, 4703: 0, 4702: 0, 4701: 0, 4700: 0, 4699: 0, 4698: 0, 4697: 0, 4696: 0, 4695: 0, 4694: 0, 4693: 0, 4692: 0, 4691: 0, 4690: 0, 4689: 0, 4688: 0, 4687: 0, 4686: 0, 4685: 0, 4684: 0, 4683: 0, 4682: 0, 4681: 0, 4680: 0, 4679: 0, 4678: 0, 4677: 0, 4676: 0, 4675: 0, 4674: 0, 4673: 0, 4672: 0, 4671: 0, 4670: 0, 4669: 0, 4668: 0, 4667: 0, 4666: 0, 4665: 0, 4664: 0, 4663: 0, 4662: 0, 4661: 0, 4660: 0, 4659: 0, 4658: 0, 4657: 0, 4656: 0, 4655: 0, 4654: 0, 4653: 0, 4652: 0, 4651: 0, 4650: 0, 4649: 0, 4648: 0, 4647: 0, 4646: 0, 4645: 0, 4644: 0, 4643: 0, 4642: 0, 4641: 0, 4640: 0, 4639: 0, 4638: 0, 4637: 0, 4636: 7}, 'final_streak_start': 4630, 'final_streak_length': 7}",True,4821.0,4822.0,4864.0,0.0,4821.0,4813.0,4820.0,8.0,4813.0,4820.0,4461.0,4820.0,360.0,False,4461.0,4820.0,True,True,True,44.0,1,True,1.0,right,smoothed_contact_0_to_1,,,,,,,,,,,,False,record_only,new_contact_episode,new_contact_episode,P01_109_sub050_ep01_right,smoothed_contact_run_start_within_subaction,egg,['egg'],,,,,,,,54,1,4461.0,outputs/e15/experiments/E15/pipeline_outputs/subaction_50_P01_109_50/episode_01_right/frame_004821_right/reference_frame.png,outputs/e15/experiments/E15/pipeline_outputs/subaction_50_P01_109_50/episode_01_right/frame_004821_right/label_heatmap_merged.npy,outputs/e15/experiments/E15/pipeline_outputs/subaction_50_P01_109_50/episode_01_right/frame_004821_right/label_heatmap_merged.png,outputs/e15/experiments/E15/pipeline_outputs/subaction_50_P01_109_50/episode_01_right/frame_004821_right/label_heatmap_merged_overlay.png,outputs/e15/experiments/E15/pipeline_outputs/subaction_50_P01_109_50/episode_01_right/frame_004821_right/vrb_style_affordance.png,"(256, 456)",True,outputs/e15/experiments/E15/pipeline_outputs/subaction_50_P01_109_50/episode_01_right/frame_004821_right/diagnostics/problem3_ref_full_overlay.png,outputs/e15/experiments/E15/pipeline_outputs/subaction_50_P01_109_50/episode_01_right/frame_004821_right/diagnostics/problem3_ref_crop.png,1125.0,0.9102564102564102,146.0,148.0,,50:4821:right,False
E15,E15_paper_faithful_reference,first_new_contact_episode_first_timestep,paper_faithful_strict_humanless_reference,53,P01_109_53,P01_109,pick up peeler,pick-up,peeler,['peeler'],4938,4981,4937,4980,0.0,4947.0,4948.0,right,keep,Cell4_label_heatmap,,,42,4937.0,4938.0,10.0,10.0,6,0.0,covariance,5.716435935198822,outputs/e15/experiments/E15/pipeline_outputs/subaction_53_P01_109_53/episode_01_right/frame_004947_right,strict_global_no_hand,strict_no_hand_streak_before_episode_start,360,{},False,,,0.0,0.0,,,,,4937.0,4937.0,10.0,10.0,0.0,True,False,False,False,False,False,False,False,"(125, 96, 275, 246)",0.0,,0,{},,,,4946.0,4946.0,,"{'rejected_isolated_frames': [], 'streak_lengths': {4946: 0, 4945: 0, 4944: 0, 4943: 0, 4942: 0, 4941: 0, 4940: 0, 4939: 0, 4938: 0, 4937: 3}, 'final_streak_start': 4935, 'final_streak_length': 3}",True,4947.0,4948.0,5115.0,0.0,4947.0,4921.0,4946.0,26.0,4921.0,4946.0,4587.0,4946.0,360.0,False,4587.0,4946.0,True,True,True,169.0,1,True,1.0,right,smoothed_contact_0_to_1,,,,,,,,,,,,False,record_only,new_contact_episode,new_contact_episode,P01_109_sub053_ep01_right,smoothed_contact_run_start_within_subaction,peeler,['peeler'],,,,,,,,47,1,4587.0,outputs/e15/experiments/E15/pipeline_outputs/subaction_53_P01_109_53/episode_01_right/frame_004947_right/reference_frame.png,outputs/e15/experiments/E15/pipeline_outputs/subaction_53_P01_109_53/episode_01_right/frame_004947_right/label_heatmap_merged.npy,outputs/e15/experiments/E15/pipeline_outputs/subaction_53_P01_109_53/episode_01_right/frame_004947_right/label_heatmap_merged.png,outputs/e15/experiments/E15/pipeline_outputs/subaction_53_P01_109_53/episode_01_right/frame_004947_right/label_heatmap_merged_overlay.png,outputs/e15/experiments/E15/pipeline_outputs/subaction_53_P01_109_53/episode_01_right/frame_004947_right/vrb_style_affordance.png,"(256, 456)",True,outputs/e15/experiments/E15/pipeline_outputs/subaction_53_P01_109_53/episode_01_right/frame_004947_right/diagnostics/problem3_ref_full_overlay.png,outputs/e15/experiments/E15/pipeline_outputs/subaction_53_P01_109_53/episode_01_right/frame_004947_right/diagnostics/problem3_ref_crop.png,75.0,0.9882179675994109,559.0,562.0,,53:4947:right,True
E15,E15_paper_faithful_reference,first_new_contact_episode_first_timestep,paper_faithful_strict_humanless_reference,55,P01_109_55,P01_109,move cutting board,move,board:cutting,['board:cutting'],5014,5049,5013,5048,0.0,5019.0,5020.0,left,keep,Cell4_label_heatmap,,,133,4937.0,4938.0,82.0,82.0,6,0.0,covariance,6.786031746031746,outputs/e15/experiments/E15/pipeline_outputs/subaction_55_P01_109_55/episode_01_left/frame_005019_left,strict_global_no_hand,strict_no_hand_streak_before_episode_start,360,{},False,,,0.0,0.0,,,,,4937.0,4937.0,82.0,82.0,0.0,True,False,False,False,False,False,False,False,"(38, 53, 188, 203)",0.0,,0,{},,,,5018.0,4946.0,,"{'rejected_isolated_frames': [], 'streak_lengths': {5018: 0, 5017: 0, 5016: 0, 5015: 0, 5014: 0, 5013: 0, 5012: 0, 5011: 0, 5010: 0, 5009: 0, 5008: 0, 5007: 0, 5006: 0, 5005: 0, 5004: 0, 5003: 0, 5002: 0, 5001: 0, 5000: 0, 4999: 0, 4998: 0, 4997: 0, 4996: 0, 4995: 0, 4994: 0, 4993: 0, 4992: 0, 4991: 0, 4990: 0, 4989: 0, 4988: 0, 4987: 0, 4986: 0, 4985: 0, 4984: 0, 4983: 0, 4982: 0, 4981: 0, 4980: 0, 4979: 0, 4978: 0, 4977: 0, 4976: 0, 4975: 0, 4974: 0, 4973: 0, 4972: 0, 4971: 0, 4970: 0, 4969: 0, 4968: 0, 4967: 0, 4966: 0, 4965: 0, 4964: 0, 4963: 0, 4962: 0, 4961: 0, 4960: 0, 4959: 0, 4958: 0, 4957: 0, 4956: 0, 4955: 0, 4954: 0, 4953: 0, 4952: 0, 4951: 0, 4950: 0, 4949: 0, 4948: 0, 4947: 0, 4946: 0, 4945: 0, 4944: 0, 4943: 0, 4942: 0, 4941: 0, 4940: 0, 4939: 0, 4938: 0, 4937: 3}, 'final_streak_start': 4935, 'final_streak_length': 3}",True,5019.0,5020.0,5026.0,0.0,5019.0,4982.0,5018.0,37.0,4982.0,5018.0,4659.0,5018.0,360.0,False,4659.0,5018.0,True,True,True,8.0,1,True,1.0,left,smoothed_contact_0_to_1,,,,,,,,,,,,False,record_only,new_contact_episode,new_contact_episode,P01_109_sub055_ep01_left,smoothed_contact_run_start_within_subaction,board:cutting,['board:cutting'],,,,,,,,54,1,4659.0,outputs/e15/experiments/E15/pipeline_outputs/subaction_55_P01_109_55/episode_01_left/frame_005019_left/reference_frame.png,outputs/e15/experiments/E15/pipeline_outputs/subaction_55_P01_109_55/episode_01_left/frame_005019_left/label_heatmap_merged.npy,outputs/e15/experiments/E15/pipeline_outputs/subaction_55_P01_109_55/episode_01_left/frame_005019_left/label_heatmap_merged.png,outputs/e15/experiments/E15/pipeline_outputs/subaction_55_P01_109_55/episode_01_left/frame_005019_left/label_heatmap_merged_overlay.png,outputs/e15/experiments/E15/pipeline_outputs/subaction_55_P01_109_55/episode_01_left/frame_005019_left/vrb_style_affordance.png,"(256, 456)",True,outputs/e15/experiments/E15/pipeline_outputs/subaction_55_P01_109_55/episode_01_left/frame_005019_left/diagnostics/problem3_ref_full_overlay.png,outputs/e15/experiments/E15/pipeline_outputs/subaction_55_P01_109_55/episode_01_left/frame_005019_left/diagnostics/problem3_ref_crop.png,507.0,0.973015873015873,365.0,368.0,,55:5019:left,False
E15,E15_paper_faithful_reference,first_new_contact_episode_first_timestep,paper_faithful_strict_humanless_reference,56,P01_109_56,P01_109,pick up potato,pick-up,potato,['potato'],5053,5122,5052,5121,0.0,5062.0,5063.0,left,keep,Cell4_label_heatmap,,,108,4937.0,4938.0,125.0,125.0,6,0.0,covariance,5.833404255319149,outputs/e15/experiments/E15/pipeline_outputs/subaction_56_P01_109_56/episode_01_left/frame_005062_left,strict_global_no_hand,strict_no_hand_streak_before_episode_start,360,{},False,,,0.0,0.0,,,,,4937.0,4937.0,125.0,125.0,0.0,True,False,False,False,False,False,False,False,"(45, 11, 195, 161)",0.0,,0,{},,,,5061.0,4946.0,,"{'rejected_isolated_frames': [], 'streak_lengths': {5061: 0, 5060: 0, 5059: 0, 5058: 0, 5057: 0, 5056: 0, 5055: 0, 5054: 0, 5053: 0, 5052: 0, 5051: 0, 5050: 0, 5049: 0, 5048: 0, 5047: 0, 5046: 0, 5045: 0, 5044: 0, 5043: 0, 5042: 0, 5041: 0, 5040: 0, 5039: 0, 5038: 0, 5037: 0, 5036: 0, 5035: 0, 5034: 0, 5033: 0, 5032: 0, 5031: 0, 5030: 0, 5029: 0, 5028: 0, 5027: 0, 5026: 0, 5025: 0, 5024: 0, 5023: 0, 5022: 0, 5021: 0, 5020: 0, 5019: 0, 5018: 0, 5017: 0, 5016: 0, 5015: 0, 5014: 0, 5013: 0, 5012: 0, 5011: 0, 5010: 0, 5009: 0, 5008: 0, 5007: 0, 5006: 0, 5005: 0, 5004: 0, 5003: 0, 5002: 0, 5001: 0, 5000: 0, 4999: 0, 4998: 0, 4997: 0, 4996: 0, 4995: 0, 4994: 0, 4993: 0, 4992: 0, 4991: 0, 4990: 0, 4989: 0, 4988: 0, 4987: 0, 4986: 0, 4985: 0, 4984: 0, 4983: 0, 4982: 0, 4981: 0, 4980: 0, 4979: 0, 4978: 0, 4977: 0, 4976: 0, 4975: 0, 4974: 0, 4973: 0, 4972: 0, 4971: 0, 4970: 0, 4969: 0, 4968: 0, 4967: 0, 4966: 0, 4965: 0, 4964: 0, 4963: 0, 4962: 0, 4961: 0, 4960: 0, 4959: 0, 4958: 0, 4957: 0, 4956: 0, 4955: 0, 4954: 0, 4953: 0, 4952: 0, 4951: 0, 4950: 0, 4949: 0, 4948: 0, 4947: 0, 4946: 0, 4945: 0, 4944: 0, 4943: 0, 4942: 0, 4941: 0, 4940: 0, 4939: 0, 4938: 0, 4937: 3}, 'final_streak_start': 4935, 'final_streak_length': 3}",True,5062.0,5063.0,5067.0,0.0,5062.0,5057.0,5061.0,5.0,5057.0,5061.0,4702.0,5061.0,360.0,False,4702.0,5061.0,True,True,True,6.0,1,True,1.0,left,smoothed_contact_0_to_1,,,,,,,,,,,,False,record_only,new_contact_episode,new_contact_episode,P01_109_sub056_ep01_left,smoothed_contact_run_start_within_subaction,potato,['potato'],,,,,,,,112,1,4702.0,outputs/e15/experiments/E15/pipeline_outputs/subaction_56_P01_109_56/episode_01_left/frame_005062_left/reference_frame.png,outputs/e15/experiments/E15/pipeline_outputs/subaction_56_P01_109_56/episode_01_left/frame_005062_left/label_heatmap_merged.npy,outputs/e15/experiments/E15/pipeline_outputs/subaction_56_P01_109_56/episode_01_left/frame_005062_left/label_heatmap_merged.png,outputs/e15/experiments/E15/pipeline_outputs/subaction_56_P01_109_56/episode_01_left/frame_005062_left/label_heatmap_merged_overlay.png,outputs/e15/experiments/E15/pipeline_outputs/subaction_56_P01_109_56/episode_01_left/frame_005062_left/vrb_style_affordance.png,"(256, 456)",True,outputs/e15/experiments/E15/pipeline_outputs/subaction_56_P01_109_56/episode_01_left/frame_005062_left/diagnostics/problem3_ref_full_overlay.png,outputs/e15/experiments/E15/pipeline_outputs/subaction_56_P01_109_56/episode_01_left/frame_005062_left/diagnostics/problem3_ref_crop.png,765.0,0.9617021276595744,226.0,229.0,,56:5062:left,False
