experiment_id,subaction_index,narration_id,narration,verb,noun,start_frame,stop_frame,raw_candidate_count,tried_candidate_count,final_status,final_fail_reason,best_candidate_frame_0_based,best_ref_idx,best_reference_gap,best_projection_source,best_projection_method,best_track_confidence,best_sample_score,best_sample_dir,contact_points,projected_contact_inside_count,reference_hand_overlap_ratio,best_mask_source_contact,best_mask_source_reference,best_tracker_backend,best_final_quality_score,best_affine_inlier_ratio,best_reference_handless_mode,best_inpaint_status,best_reference_hand_mask_area_ratio
E11,0,P01_109_0,grab rucksack,grab,rucksack,79,126,48,7,keep,,88.0,87.0,1.0,contact_part_local_affine,contact_part_local_affine,0.3419576826511731,6.3492560940186165,/Users/huhu/Documents/Code/bishe/vrb/vrbreproduction/outputs/e11/experiments/E11/pipeline_outputs/subaction_00_P01_109_0/candidate_00_frame_000088_left,87,5,0.0835555555555555,grabcut_fallback,bbox_fallback,cotracker,1.0,1.0,inpainted_bbox,success,0.06851356907894737
E11,1,P01_109_1,open rucksack,open,rucksack,153,226,97,12,keep,,170.0,169.0,1.0,contact_part_local_affine,contact_part_local_affine,0.3419576826511731,6.147504068549472,/Users/huhu/Documents/Code/bishe/vrb/vrbreproduction/outputs/e11/experiments/E11/pipeline_outputs/subaction_01_P01_109_1/candidate_04_frame_000170_left,36,5,0.2160444444444444,grabcut_fallback,bbox_fallback,cotracker,1.0,1.0,inpainted_bbox,success,0.12247293037280702
E11,2,P01_109_2,pick up eggs,pick-up,egg,252,319,133,3,discard,contact_points_lt5_after_object_boundary_filter,,,,,,,,,0,0,,,,,,,,,
E11,3,P01_109_3,put down eggs,put-down,egg,319,374,36,9,keep,,362.0,361.0,1.0,contact_part_local_affine,contact_part_local_affine,0.352451939139038,6.429987430274486,/Users/huhu/Documents/Code/bishe/vrb/vrbreproduction/outputs/e11/experiments/E11/pipeline_outputs/subaction_03_P01_109_3/candidate_00_frame_000362_left,98,5,0.0166666666666666,grabcut_fallback,bbox_fallback,cotracker,1.0,1.0,inpainted_bbox,success,0.02554481907894737
E11,4,P01_109_4,pick up onion and potato,pick-up,onion,424,475,104,4,keep,,423.0,409.0,14.0,contact_part_local_affine,contact_part_local_affine,0.6451351195242122,6.157472345054591,/Users/huhu/Documents/Code/bishe/vrb/vrbreproduction/outputs/e11/experiments/E11/pipeline_outputs/subaction_04_P01_109_4/candidate_02_frame_000423_left,59,5,0.1380444444444444,grabcut_fallback,bbox_fallback,cotracker,0.9951851851851852,0.9629629629629628,inpainted_bbox,success,0.1259251644736842
E11,5,P01_109_5,put down onion and potato,put-down,onion,480,523,31,4,keep,,480.0,470.0,10.0,contact_part_local_affine,contact_part_local_affine,0.6451351195242122,5.61677707751592,/Users/huhu/Documents/Code/bishe/vrb/vrbreproduction/outputs/e11/experiments/E11/pipeline_outputs/subaction_05_P01_109_5/candidate_03_frame_000480_left,47,4,0.1177777777777777,grabcut_fallback,bbox_fallback,cotracker,0.871875,0.6875,inpainted_bbox,success,0.39907140899122806
E11,6,P01_109_8,pick up potato,pick-up,potato,500,622,140,6,keep,,527.0,526.0,1.0,contact_part_local_affine,contact_part_local_affine,0.5371707625918725,6.11157916043202,/Users/huhu/Documents/Code/bishe/vrb/vrbreproduction/outputs/e11/experiments/E11/pipeline_outputs/subaction_06_P01_109_8/candidate_00_frame_000527_right,69,5,0.2295555555555555,grabcut_fallback,bbox_fallback,cotracker,1.0,1.0,inpainted_bbox,success,0.1318359375
E11,7,P01_109_6,pick up potatoes,pick-up,potato,543,579,74,4,keep,,543.0,542.0,1.0,contact_part_local_affine,contact_part_local_affine,0.5371707625918725,5.926714929302532,/Users/huhu/Documents/Code/bishe/vrb/vrbreproduction/outputs/e11/experiments/E11/pipeline_outputs/subaction_07_P01_109_6/candidate_03_frame_000543_left,18,4,0.0864444444444444,grabcut_fallback,bbox_fallback,cotracker,0.9125,1.0,inpainted_bbox,success,0.13635896381578946
E11,8,P01_109_7,put down potatoes,put-down,potato,550,734,190,12,keep,,645.0,644.0,1.0,contact_part_local_affine,contact_part_local_affine,0.5371707625918725,6.262564054489134,/Users/huhu/Documents/Code/bishe/vrb/vrbreproduction/outputs/e11/experiments/E11/pipeline_outputs/subaction_08_P01_109_7/candidate_07_frame_000645_left,84,5,0.142,grabcut_fallback,bbox_fallback,cotracker,1.0,1.0,inpainted_bbox,success,0.13647889254385964
E11,9,P01_109_9,put down potato,put-down,potato,625,752,136,12,keep,,645.0,644.0,1.0,contact_part_local_affine,contact_part_local_affine,0.5371707625918725,6.262564054489134,/Users/huhu/Documents/Code/bishe/vrb/vrbreproduction/outputs/e11/experiments/E11/pipeline_outputs/subaction_09_P01_109_9/candidate_07_frame_000645_left,84,5,0.142,grabcut_fallback,bbox_fallback,cotracker,1.0,1.0,inpainted_bbox,success,0.13647889254385964
E11,10,P01_109_10,pick up beers,pick-up,beer,738,845,174,9,keep,,776.0,775.0,1.0,contact_part_local_affine,contact_part_local_affine,0.5371707625918725,5.947204091811179,/Users/huhu/Documents/Code/bishe/vrb/vrbreproduction/outputs/e11/experiments/E11/pipeline_outputs/subaction_10_P01_109_10/candidate_02_frame_000776_left,8,4,0.0770666666666666,grabcut_fallback,bbox_fallback,cotracker,0.9125,1.0,inpainted_bbox,success,0.09389562774122807
E11,11,P01_109_11,open freezer,open,freezer,876,1022,141,6,discard,missing_hand_or_object_bbox,,,,,,,,,0,0,,,,,,,,,
E11,12,P01_109_12,open drawer,open,drawer,1045,1123,132,3,keep,,1070.0,1068.0,2.0,contact_part_local_affine,contact_part_local_affine,0.4161993224435197,6.450173744499684,/Users/huhu/Documents/Code/bishe/vrb/vrbreproduction/outputs/e11/experiments/E11/pipeline_outputs/subaction_12_P01_109_12/candidate_00_frame_001070_left,63,5,0.0,grabcut_fallback,bbox_fallback,cotracker,1.0,1.0,local_clean,success,0.09264494243421052
E11,13,P01_109_13,put beer into drawer,put-into,beer,1139,1353,278,12,keep,,1182.0,1179.0,3.0,contact_part_local_affine,contact_part_local_affine,0.6928464959274072,6.225941818640327,/Users/huhu/Documents/Code/bishe/vrb/vrbreproduction/outputs/e11/experiments/E11/pipeline_outputs/subaction_13_P01_109_13/candidate_02_frame_001182_right,26,5,0.0929333333333333,grabcut_fallback,bbox_fallback,cotracker,1.0,1.0,inpainted_bbox,success,0.07062945449561403
E11,14,P01_109_14,put beer into drawer,put-into,beer,1230,1283,71,12,keep,,1259.0,1257.0,2.0,contact_part_local_affine,contact_part_local_affine,0.4161993224435197,6.4729125224351876,/Users/huhu/Documents/Code/bishe/vrb/vrbreproduction/outputs/e11/experiments/E11/pipeline_outputs/subaction_14_P01_109_14/candidate_01_frame_001259_right,139,5,0.0,grabcut_fallback,bbox_fallback,cotracker,1.0,1.0,local_clean,success,0.08287931743421052
E11,15,P01_109_15,put beer into drawer,put-into,beer,1298,1335,67,4,keep,,1298.0,1297.0,1.0,contact_part_local_affine,contact_part_local_affine,0.4161993224435197,6.258241921043395,/Users/huhu/Documents/Code/bishe/vrb/vrbreproduction/outputs/e11/experiments/E11/pipeline_outputs/subaction_15_P01_109_15/candidate_03_frame_001298_left,76,5,0.1522666666666666,grabcut_fallback,bbox_fallback,cotracker,1.0,1.0,inpainted_bbox,success,0.18843373081140352
E11,16,P01_109_16,close drawer,close,drawer,1345,1401,60,12,keep,,1345.0,1344.0,1.0,contact_part_local_affine,contact_part_local_affine,0.4161993224435197,6.048533098244666,/Users/huhu/Documents/Code/bishe/vrb/vrbreproduction/outputs/e11/experiments/E11/pipeline_outputs/subaction_16_P01_109_16/candidate_00_frame_001345_left,101,5,0.2884,grabcut_fallback,bbox_fallback,cotracker,1.0,1.0,inpainted_bbox,success,0.16809724506578946
E11,17,P01_109_17,close freezer,close,freezer,1419,1464,35,3,keep,,1422.0,1421.0,1.0,contact_part_local_affine,contact_part_local_affine,0.442136579278882,6.2988258674144735,/Users/huhu/Documents/Code/bishe/vrb/vrbreproduction/outputs/e11/experiments/E11/pipeline_outputs/subaction_17_P01_109_17/candidate_00_frame_001422_left,121,5,0.11,grabcut_fallback,bbox_fallback,cotracker,1.0,1.0,inpainted_bbox,success,0.04941063596491228
E11,18,P01_109_18,pick up rucksack,pick-up,rucksack,1485,1527,36,8,keep,,1496.0,1495.0,1.0,contact_part_local_affine,contact_part_local_affine,0.442136579278882,6.322922251780827,/Users/huhu/Documents/Code/bishe/vrb/vrbreproduction/outputs/e11/experiments/E11/pipeline_outputs/subaction_18_P01_109_18/candidate_00_frame_001496_right,252,5,0.1031111111111111,grabcut_fallback,bbox_fallback,cotracker,1.0,1.0,inpainted_bbox,success,0.07661732456140351
E11,19,P01_109_19,put down rucksack,put-down,rucksack,1657,1698,27,2,discard,part_gate_failed,,,,,,,,,0,0,,,,,,,,,
E11,20,P01_109_20,close door,close,door,1812,1946,33,12,keep,,1827.0,1826.0,1.0,contact_part_local_affine,contact_part_local_affine,0.1839207374730339,6.327558646726607,/Users/huhu/Documents/Code/bishe/vrb/vrbreproduction/outputs/e11/experiments/E11/pipeline_outputs/subaction_20_P01_109_20/candidate_00_frame_001827_left,296,5,0.0914666666666666,grabcut_fallback,bbox_fallback,cotracker,1.0,1.0,inpainted_bbox,success,0.07161458333333333
E11,21,P01_109_21,pick up cup,pick-up,cup,2084,2120,6,6,discard,missing_hand_or_object_bbox,,,,,,,,,0,0,,,,,,,,,
E11,22,P01_109_22,put down cup,put-down,cup,2132,2193,25,6,discard,track_confidence_below_threshold,,,,,,,,,0,0,,,,,,,,,
E11,23,P01_109_23,pick up spoon,pick-up,spoon,2206,2236,11,3,keep,,2215.0,2204.0,11.0,contact_part_local_affine,contact_part_local_affine,0.2230009255272845,6.209421139281179,/Users/huhu/Documents/Code/bishe/vrb/vrbreproduction/outputs/e11/experiments/E11/pipeline_outputs/subaction_23_P01_109_23/candidate_02_frame_002215_right,125,5,0.0,grabcut_fallback,bbox_fallback,cotracker,1.0,1.0,strict_no_hand,not_needed,0.0
E11,24,P01_109_24,open drawer,open,drawer,2269,2332,47,3,discard,track_confidence_below_threshold,,,,,,,,,0,0,,,,,,,,,
E11,25,P01_109_25,put spoon into drawer,put-into,spoon,2336,2378,29,8,discard,track_confidence_below_threshold,,,,,,,,,0,0,,,,,,,,,
E11,26,P01_109_26,close drawer,close,drawer,2377,2410,0,0,discard,no_smoothed_contact_in_subaction,,,,,,,,,0,0,,,,,,,,,
E11,27,P01_109_27,pour hand wash,pour,wash:hand,2466,2505,10,9,keep,,2468.0,2467.0,1.0,contact_part_local_affine,contact_part_local_affine,0.2178205792357617,6.319532781219482,/Users/huhu/Documents/Code/bishe/vrb/vrbreproduction/outputs/e11/experiments/E11/pipeline_outputs/subaction_27_P01_109_27/candidate_00_frame_002468_right,19,5,0.0896,grabcut_fallback,bbox_fallback,cotracker,1.0,1.0,inpainted_bbox,success,0.07086074561403509
E11,28,P01_109_28,wash hands,wash,hand,2478,2540,8,5,keep,,2484.0,2483.0,1.0,contact_part_local_affine,contact_part_local_affine,0.2178205792357617,6.321192726302146,/Users/huhu/Documents/Code/bishe/vrb/vrbreproduction/outputs/e11/experiments/E11/pipeline_outputs/subaction_28_P01_109_28/candidate_00_frame_002484_right,69,5,0.0901333333333333,grabcut_fallback,bbox_fallback,cotracker,1.0,1.0,inpainted_bbox,success,0.10048314144736842
E11,29,P01_109_29,turn on tap,turn-on,tap,2545,2575,38,7,discard,track_confidence_below_threshold,,,,,,,,,0,0,,,,,,,,,
E11,30,P01_109_30,rinse hands,rinse,hand,2579,2963,164,12,discard,track_confidence_below_threshold,,,,,,,,,0,0,,,,,,,,,
E11,31,P01_109_31,turn off tap,turn-off,tap,2967,2989,10,6,keep,,2968.0,2967.0,1.0,contact_part_local_affine,contact_part_local_affine,0.773420926196382,6.368265079668164,/Users/huhu/Documents/Code/bishe/vrb/vrbreproduction/outputs/e11/experiments/E11/pipeline_outputs/subaction_31_P01_109_31/candidate_00_frame_002968_left,21,5,0.0816,grabcut_fallback,bbox_fallback,cotracker,1.0,1.0,inpainted_bbox,success,0.13075657894736842
E11,32,P01_109_32,shake hands,shake,hand,3001,3072,24,8,keep,,3009.0,3008.0,1.0,contact_part_local_affine,contact_part_local_affine,0.6057073726004573,5.709255076871599,/Users/huhu/Documents/Code/bishe/vrb/vrbreproduction/outputs/e11/experiments/E11/pipeline_outputs/subaction_32_P01_109_32/candidate_00_frame_003009_left,142,5,0.4972,grabcut_fallback,bbox_fallback,cotracker,0.9962857142857144,0.9714285714285714,inpainted_bbox,success,0.28555886787280704
E11,33,P01_109_33,pick up cloth,pick-up,cloth,3084,3140,26,9,keep,,3089.0,3086.0,3.0,contact_part_local_affine,contact_part_local_affine,0.1893668724703333,6.430289379835129,/Users/huhu/Documents/Code/bishe/vrb/vrbreproduction/outputs/e11/experiments/E11/pipeline_outputs/subaction_33_P01_109_33/candidate_01_frame_003089_left,48,5,0.0,grabcut_fallback,bbox_fallback,cotracker,1.0,1.0,strict_no_hand,not_needed,0.0
E11,34,P01_109_34,dry hands,dry,hand,3094,3349,112,12,keep,,3122.0,3119.0,3.0,contact_part_local_affine,contact_part_local_affine,0.1893668724703333,6.372986643622016,/Users/huhu/Documents/Code/bishe/vrb/vrbreproduction/outputs/e11/experiments/E11/pipeline_outputs/subaction_34_P01_109_34/candidate_01_frame_003122_left,89,5,0.0,grabcut_fallback,bbox_fallback,cotracker,1.0,1.0,strict_no_hand,not_needed,0.0
E11,35,P01_109_35,put down cloth,put-down,cloth,3349,3372,35,6,discard,track_confidence_below_threshold,,,,,,,,,0,0,,,,,,,,,
E11,36,P01_109_36,pick up potatoes,pick-up,potato,3374,3496,214,7,discard,track_confidence_below_threshold,,,,,,,,,0,0,,,,,,,,,
E11,37,P01_109_37,put down potatoes,put-down,potato,3517,3552,56,2,keep,,3550.0,3548.0,2.0,contact_part_local_affine,contact_part_local_affine,0.6259262213403788,6.010706267791667,/Users/huhu/Documents/Code/bishe/vrb/vrbreproduction/outputs/e11/experiments/E11/pipeline_outputs/subaction_37_P01_109_37/candidate_01_frame_003550_left,28,5,0.2592444444444444,grabcut_fallback,bbox_fallback,cotracker,0.9958064516129032,0.967741935483871,inpainted_bbox,success,0.19598924067982457
E11,38,P01_109_38,move potatoes,move,potato,3640,3706,42,3,keep,,3654.0,3650.0,4.0,contact_part_local_affine,contact_part_local_affine,0.2015598386027201,5.945046842166355,/Users/huhu/Documents/Code/bishe/vrb/vrbreproduction/outputs/e11/experiments/E11/pipeline_outputs/subaction_38_P01_109_38/candidate_00_frame_003654_left,49,5,0.2026666666666666,grabcut_fallback,bbox_fallback,cotracker,0.9665714285714286,0.7428571428571429,inpainted_bbox,success,0.1811694764254386
E11,39,P01_109_39,open cupboard,open,cupboard,3719,3799,55,12,keep,,3739.0,3735.0,4.0,contact_part_local_affine,contact_part_local_affine,0.2015598386027201,5.918392440468284,/Users/huhu/Documents/Code/bishe/vrb/vrbreproduction/outputs/e11/experiments/E11/pipeline_outputs/subaction_39_P01_109_39/candidate_05_frame_003739_left,103,5,0.0762666666666666,grabcut_fallback,bbox_fallback,cotracker,0.9287096774193548,0.4516129032258064,inpainted_bbox,success,0.16246916118421054
E11,40,P01_109_40,move pans,move,pan,3826,4048,301,12,keep,,3856.0,3854.0,2.0,contact_part_local_affine,contact_part_local_affine,0.2015598386027201,5.889431403355069,/Users/huhu/Documents/Code/bishe/vrb/vrbreproduction/outputs/e11/experiments/E11/pipeline_outputs/subaction_40_P01_109_40/candidate_09_frame_003856_right,232,5,0.2478222222222222,grabcut_fallback,bbox_fallback,cotracker,0.9711111111111111,0.7777777777777778,inpainted_bbox,success,0.1044921875
E11,41,P01_109_41,pick up pan,pick-up,pan,4038,4098,122,4,keep,,4037.0,4036.0,1.0,contact_part_local_affine,contact_part_local_affine,0.2337451171875,5.989835061486561,/Users/huhu/Documents/Code/bishe/vrb/vrbreproduction/outputs/e11/experiments/E11/pipeline_outputs/subaction_41_P01_109_41/candidate_00_frame_004037_right,107,5,0.3280444444444444,grabcut_fallback,bbox_fallback,cotracker,1.0,1.0,inpainted_bbox,success,0.16942502741228072
E11,42,P01_109_42,put down pan,put-down,pan,4209,4280,107,3,keep,,4273.0,4270.0,3.0,contact_part_local_affine,contact_part_local_affine,0.5457515625,5.843268151682394,/Users/huhu/Documents/Code/bishe/vrb/vrbreproduction/outputs/e11/experiments/E11/pipeline_outputs/subaction_42_P01_109_42/candidate_00_frame_004273_left,194,5,0.2061777777777777,grabcut_fallback,bbox_fallback,cotracker,0.9374074074074076,0.5185185185185185,inpainted_bbox,success,0.2522443804824561
E11,43,P01_109_44,put down pan,put-down,pan,4269,4353,142,3,keep,,4273.0,4270.0,3.0,contact_part_local_affine,contact_part_local_affine,0.5457515625,5.843268151682394,/Users/huhu/Documents/Code/bishe/vrb/vrbreproduction/outputs/e11/experiments/E11/pipeline_outputs/subaction_43_P01_109_44/candidate_00_frame_004273_left,194,5,0.2061777777777777,grabcut_fallback,bbox_fallback,cotracker,0.9374074074074076,0.5185185185185185,inpainted_bbox,success,0.2522443804824561
E11,44,P01_109_43,pick up pan,pick-up,pan,4330,4386,36,6,keep,,4381.0,4376.0,5.0,contact_part_local_affine,contact_part_local_affine,0.5457515625,6.29275613378289,/Users/huhu/Documents/Code/bishe/vrb/vrbreproduction/outputs/e11/experiments/E11/pipeline_outputs/subaction_44_P01_109_43/candidate_03_frame_004381_left,107,5,0.0,grabcut_fallback,bbox_fallback,cotracker,1.0,1.0,strict_no_hand,not_needed,0.0
E11,45,P01_109_45,put down pan,put-down,pan,4379,4432,56,9,keep,,4381.0,4376.0,5.0,contact_part_local_affine,contact_part_local_affine,0.5457515625,6.29275613378289,/Users/huhu/Documents/Code/bishe/vrb/vrbreproduction/outputs/e11/experiments/E11/pipeline_outputs/subaction_45_P01_109_45/candidate_03_frame_004381_left,107,5,0.0,grabcut_fallback,bbox_fallback,cotracker,1.0,1.0,strict_no_hand,not_needed,0.0
E11,46,P01_109_46,pick up cutting board,pick-up,board:cutting,4510,4604,70,12,keep,,4539.0,4537.0,2.0,contact_part_local_affine,contact_part_local_affine,0.1901458878648625,6.224438607539335,/Users/huhu/Documents/Code/bishe/vrb/vrbreproduction/outputs/e11/experiments/E11/pipeline_outputs/subaction_46_P01_109_46/candidate_07_frame_004539_left,44,5,0.1267555555555555,grabcut_fallback,bbox_fallback,cotracker,1.0,1.0,inpainted_bbox,success,0.07171737938596491
E11,47,P01_109_47,close cupboard,close,cupboard,4621,4664,26,9,keep,,4648.0,4647.0,1.0,contact_part_local_affine,contact_part_local_affine,0.1824251440742389,6.3682846213976525,/Users/huhu/Documents/Code/bishe/vrb/vrbreproduction/outputs/e11/experiments/E11/pipeline_outputs/subaction_47_P01_109_47/candidate_00_frame_004648_left,65,5,0.0675555555555555,grabcut_fallback,bbox_fallback,cotracker,1.0,1.0,inpainted_bbox,success,0.06188322368421053
E11,48,P01_109_48,put down cutting board,put-down,board:cutting,4677,4724,53,3,keep,,4693.0,4692.0,1.0,contact_part_local_affine,contact_part_local_affine,0.1824251440742389,6.190859386161962,/Users/huhu/Documents/Code/bishe/vrb/vrbreproduction/outputs/e11/experiments/E11/pipeline_outputs/subaction_48_P01_109_48/candidate_01_frame_004693_left,37,5,0.1971555555555555,grabcut_fallback,bbox_fallback,cotracker,1.0,1.0,inpainted_bbox,success,0.1205883360745614
E11,49,P01_109_49,pick up eggs,pick-up,egg,4764,4797,68,4,discard,track_confidence_below_threshold,,,,,,,,,0,0,,,,,,,,,
E11,50,P01_109_50,put down eggs,put-down,egg,4794,4827,54,3,discard,track_confidence_below_threshold,,,,,,,,,0,0,,,,,,,,,
E11,51,P01_109_51,move kettle,move,kettle,4832,4867,35,1,discard,contact_points_lt5_after_object_boundary_filter,,,,,,,,,0,0,,,,,,,,,
E11,52,P01_109_52,open drawer,open,drawer,4904,4942,13,5,discard,contact_points_lt5_after_object_boundary_filter,,,,,,,,,0,0,,,,,,,,,
E11,53,P01_109_53,pick up peeler,pick-up,peeler,4938,4981,47,12,keep,,4948.0,4946.0,2.0,contact_part_local_affine,contact_part_local_affine,0.1997391252408633,6.265369184454283,/Users/huhu/Documents/Code/bishe/vrb/vrbreproduction/outputs/e11/experiments/E11/pipeline_outputs/subaction_53_P01_109_53/candidate_01_frame_004948_right,72,5,0.1244444444444444,grabcut_fallback,bbox_fallback,cotracker,1.0,1.0,inpainted_bbox,success,0.08388157894736842
E11,54,P01_109_54,close drawer,close,drawer,4977,5004,31,2,discard,contact_points_lt5_after_object_boundary_filter,,,,,,,,,0,0,,,,,,,,,
E11,55,P01_109_55,move cutting board,move,board:cutting,5014,5049,54,9,keep,,5019.0,5018.0,1.0,contact_part_local_affine,contact_part_local_affine,0.1997391252408633,6.3261380700667695,/Users/huhu/Documents/Code/bishe/vrb/vrbreproduction/outputs/e11/experiments/E11/pipeline_outputs/subaction_55_P01_109_55/candidate_00_frame_005019_left,133,5,0.1044444444444444,grabcut_fallback,bbox_fallback,cotracker,1.0,1.0,inpainted_bbox,success,0.13886890076754385
E11,56,P01_109_56,pick up potato,pick-up,potato,5053,5122,112,12,keep,,5062.0,5061.0,1.0,contact_part_local_affine,contact_part_local_affine,0.1997391252408633,6.29333758039673,/Users/huhu/Documents/Code/bishe/vrb/vrbreproduction/outputs/e11/experiments/E11/pipeline_outputs/subaction_56_P01_109_56/candidate_00_frame_005062_left,108,5,0.1301777777777777,grabcut_fallback,bbox_fallback,cotracker,1.0,1.0,inpainted_bbox,success,0.13902309484649122
E11,57,P01_109_57,move potato,move,potato,5082,5094,24,4,keep,,5082.0,5081.0,1.0,contact_part_local_affine,contact_part_local_affine,0.1997391252408633,5.574721576905249,/Users/huhu/Documents/Code/bishe/vrb/vrbreproduction/outputs/e11/experiments/E11/pipeline_outputs/subaction_57_P01_109_57/candidate_03_frame_005082_left,70,4,0.1082666666666666,grabcut_fallback,bbox_fallback,cotracker,0.75,1.0,inpainted_bbox,success,0.14174719024122806
E11,58,P01_109_58,peel potato,peel,potato,5182,9529,8679,12,keep,,7134.0,7133.0,1.0,contact_part_local_affine,contact_part_local_affine,1.0,6.11970460940202,/Users/huhu/Documents/Code/bishe/vrb/vrbreproduction/outputs/e11/experiments/E11/pipeline_outputs/subaction_58_P01_109_58/candidate_02_frame_007134_right,252,5,0.2352444444444444,grabcut_fallback,bbox_fallback,cotracker,1.0,1.0,inpainted_bbox,success,0.20521518640350878
E11,59,P01_109_59,put down potato,put-down,potato,9494,9582,178,4,keep,,9493.0,9492.0,1.0,contact_part_local_affine,contact_part_local_affine,1.0,6.124997237030664,/Users/huhu/Documents/Code/bishe/vrb/vrbreproduction/outputs/e11/experiments/E11/pipeline_outputs/subaction_59_P01_109_59/candidate_02_frame_009493_right,120,5,0.2432888888888889,grabcut_fallback,bbox_fallback,cotracker,1.0,1.0,inpainted_bbox,success,0.21851870888157895
E11,60,P01_109_60,put down peeler,put-down,peeler,9586,9607,31,4,keep,,9586.0,9585.0,1.0,contact_part_local_affine,contact_part_local_affine,1.0,6.296461140851179,/Users/huhu/Documents/Code/bishe/vrb/vrbreproduction/outputs/e11/experiments/E11/pipeline_outputs/subaction_60_P01_109_60/candidate_03_frame_009586_right,47,5,0.1288888888888889,grabcut_fallback,bbox_fallback,cotracker,1.0,1.0,inpainted_bbox,success,0.17550712719298245
E11,61,P01_109_61,pick up knife,pick-up,knife,9668,9762,3,3,discard,missing_hand_or_object_bbox,,,,,,,,,0,0,,,,,,,,,
E11,62,P01_109_62,grab potato,grab,potato,9805,9835,62,4,keep,,9805.0,9798.0,7.0,contact_part_local_affine,contact_part_local_affine,0.2364804748428484,5.669866830786792,/Users/huhu/Documents/Code/bishe/vrb/vrbreproduction/outputs/e11/experiments/E11/pipeline_outputs/subaction_62_P01_109_62/candidate_03_frame_009805_left,36,4,0.1699111111111111,grabcut_fallback,bbox_fallback,cotracker,0.8928030303030303,0.8484848484848485,inpainted_bbox,success,0.21224814967105263
E11,63,P01_109_63,cut potato,cut,potato,9831,10125,590,4,keep,,9831.0,9830.0,1.0,contact_part_local_affine,contact_part_local_affine,0.2364804748428484,6.159859209338823,/Users/huhu/Documents/Code/bishe/vrb/vrbreproduction/outputs/e11/experiments/E11/pipeline_outputs/subaction_63_P01_109_63/candidate_03_frame_009831_left,58,5,0.2195555555555555,grabcut_fallback,bbox_fallback,cotracker,1.0,1.0,inpainted_bbox,success,0.2313767817982456
E11,64,P01_109_64,pick up potato bit,pick-up,bit:potato,10119,10183,95,7,keep,,10144.0,10143.0,1.0,contact_part_local_affine,contact_part_local_affine,0.970225,6.280884952102103,/Users/huhu/Documents/Code/bishe/vrb/vrbreproduction/outputs/e11/experiments/E11/pipeline_outputs/subaction_64_P01_109_64/candidate_00_frame_010144_left,42,5,0.1399555555555555,grabcut_fallback,bbox_fallback,cotracker,1.0,1.0,inpainted_bbox,success,0.18541837993421054
E11,65,P01_109_65,put down potato bit,put-down,bit:potato,10148,10191,59,7,keep,,10184.0,10183.0,1.0,contact_part_local_affine,contact_part_local_affine,1.0,6.354850578852494,/Users/huhu/Documents/Code/bishe/vrb/vrbreproduction/outputs/e11/experiments/E11/pipeline_outputs/subaction_65_P01_109_65/candidate_04_frame_010184_left,153,5,0.0879111111111111,grabcut_fallback,bbox_fallback,cotracker,1.0,1.0,inpainted_bbox,success,0.16851699561403508
E11,66,P01_109_66,move cutting board,move,board:cutting,10196,10232,41,4,keep,,10197.0,10196.0,1.0,contact_part_local_affine,contact_part_local_affine,1.0,6.320535943474371,/Users/huhu/Documents/Code/bishe/vrb/vrbreproduction/outputs/e11/experiments/E11/pipeline_outputs/subaction_66_P01_109_66/candidate_00_frame_010197_left,186,5,0.1107111111111111,grabcut_fallback,bbox_fallback,cotracker,1.0,1.0,inpainted_bbox,success,0.16907380756578946
E11,67,P01_109_67,put down knife,put-down,knife,10237,10267,21,2,keep,,10261.0,10260.0,1.0,contact_part_local_affine,contact_part_local_affine,0.941336550625,6.2283109336495395,/Users/huhu/Documents/Code/bishe/vrb/vrbreproduction/outputs/e11/experiments/E11/pipeline_outputs/subaction_67_P01_109_67/candidate_00_frame_010261_right,92,5,0.1733333333333333,grabcut_fallback,bbox_fallback,cotracker,1.0,1.0,inpainted_bbox,success,0.1914576480263158
E11,68,P01_109_68,pick up knife,pick-up,knife,10264,10300,55,6,keep,,10270.0,10268.0,2.0,contact_part_local_affine,contact_part_local_affine,0.941336550625,6.234252168736854,/Users/huhu/Documents/Code/bishe/vrb/vrbreproduction/outputs/e11/experiments/E11/pipeline_outputs/subaction_68_P01_109_68/candidate_01_frame_010270_right,90,5,0.1667555555555555,grabcut_fallback,bbox_fallback,cotracker,1.0,1.0,inpainted_bbox,success,0.20397306743421054
E11,69,P01_109_69,slice potato,slice,potato,10297,11900,3179,12,keep,,10374.0,10373.0,1.0,contact_part_local_affine,contact_part_local_affine,0.941336550625,5.874353676728406,/Users/huhu/Documents/Code/bishe/vrb/vrbreproduction/outputs/e11/experiments/E11/pipeline_outputs/subaction_69_P01_109_69/candidate_00_frame_010374_left,61,5,0.4080888888888889,grabcut_fallback,bbox_fallback,cotracker,1.0,1.0,inpainted_bbox,success,0.21609443530701755
E11,70,P01_109_70,put down knife,put-down,knife,11914,11935,37,4,keep,,11913.0,11911.0,2.0,contact_part_local_affine,contact_part_local_affine,0.8996086310076885,6.284128599827488,/Users/huhu/Documents/Code/bishe/vrb/vrbreproduction/outputs/e11/experiments/E11/pipeline_outputs/subaction_70_P01_109_70/candidate_02_frame_011913_left,97,5,0.1337777777777777,grabcut_fallback,bbox_fallback,cotracker,1.0,1.0,inpainted_bbox,success,0.20142029879385964
E11,71,P01_109_71,put down potato slices,put-down,slice:potato,11963,11994,23,4,keep,,11983.0,11982.0,1.0,contact_part_local_affine,contact_part_local_affine,0.8996086310076885,6.110028009414672,/Users/huhu/Documents/Code/bishe/vrb/vrbreproduction/outputs/e11/experiments/E11/pipeline_outputs/subaction_71_P01_109_71/candidate_02_frame_011983_right,82,5,0.246,grabcut_fallback,bbox_fallback,cotracker,1.0,1.0,inpainted_bbox,success,0.1742478755482456
E11,72,P01_109_72,pick up potato slices,pick-up,slice:potato,12007,12071,130,4,keep,,12006.0,11990.0,16.0,contact_part_local_affine,contact_part_local_affine,0.5100594460712041,6.097186117789294,/Users/huhu/Documents/Code/bishe/vrb/vrbreproduction/outputs/e11/experiments/E11/pipeline_outputs/subaction_72_P01_109_72/candidate_02_frame_012006_right,26,5,0.048,grabcut_fallback,bbox_fallback,cotracker,0.9752380952380952,0.8095238095238095,inpainted_bbox,success,0.18670333059210525
E11,73,P01_109_73,put down potato slices,put-down,slice:potato,12070,12186,194,12,keep,,12104.0,12096.0,8.0,contact_part_local_affine,contact_part_local_affine,0.5100594460712041,6.171200729608535,/Users/huhu/Documents/Code/bishe/vrb/vrbreproduction/outputs/e11/experiments/E11/pipeline_outputs/subaction_73_P01_109_73/candidate_00_frame_012104_right,85,5,0.1646666666666666,grabcut_fallback,bbox_fallback,cotracker,1.0,1.0,inpainted_bbox,success,0.18908477247807018
E11,74,P01_109_74,pick up potato slices,pick-up,slice:potato,12181,12263,131,11,keep,,12200.0,12199.0,1.0,contact_part_local_affine,contact_part_local_affine,0.2291606176807648,6.19315255929364,/Users/huhu/Documents/Code/bishe/vrb/vrbreproduction/outputs/e11/experiments/E11/pipeline_outputs/subaction_74_P01_109_74/candidate_04_frame_012200_left,78,5,0.1808888888888888,grabcut_fallback,bbox_fallback,cotracker,0.9963888888888888,0.9722222222222222,inpainted_bbox,success,0.15931674890350878
E11,75,P01_109_75,put down potato slices,put-down,slice:potato,12267,12332,71,6,keep,,12295.0,12287.0,8.0,contact_part_local_affine,contact_part_local_affine,0.2291606176807648,6.158349275128047,/Users/huhu/Documents/Code/bishe/vrb/vrbreproduction/outputs/e11/experiments/E11/pipeline_outputs/subaction_75_P01_109_75/candidate_01_frame_012295_right,78,5,0.1469333333333333,grabcut_fallback,bbox_fallback,cotracker,0.9891666666666667,0.9166666666666666,inpainted_bbox,success,0.17372532894736842
E11,76,P01_109_76,pick up potato slice,pick-up,slice:potato,12325,12391,65,12,keep,,12326.0,12324.0,2.0,contact_part_local_affine,contact_part_local_affine,0.2291606176807648,6.252726967763901,/Users/huhu/Documents/Code/bishe/vrb/vrbreproduction/outputs/e11/experiments/E11/pipeline_outputs/subaction_76_P01_109_76/candidate_01_frame_012326_right,122,5,0.1525333333333333,grabcut_fallback,bbox_fallback,cotracker,1.0,1.0,inpainted_bbox,success,0.17312568530701755
E11,77,P01_109_78,pick up potato slice,pick-up,slice:potato,12336,12390,60,12,keep,,12341.0,12338.0,3.0,contact_part_local_affine,contact_part_local_affine,0.2291606176807648,6.14655549207823,/Users/huhu/Documents/Code/bishe/vrb/vrbreproduction/outputs/e11/experiments/E11/pipeline_outputs/subaction_77_P01_109_78/candidate_04_frame_012341_left,86,5,0.1856,grabcut_fallback,bbox_fallback,cotracker,0.9963888888888888,0.9722222222222222,inpainted_bbox,success,0.18947882401315788
E11,78,P01_109_79,put down potato slice,put-down,slice:potato,12389,12411,16,2,keep,,12388.0,12387.0,1.0,contact_part_local_affine,contact_part_local_affine,0.2291606176807648,6.165940292101436,/Users/huhu/Documents/Code/bishe/vrb/vrbreproduction/outputs/e11/experiments/E11/pipeline_outputs/subaction_78_P01_109_79/candidate_00_frame_012388_right,77,5,0.1663555555555555,grabcut_fallback,bbox_fallback,cotracker,0.9855555555555556,0.8888888888888888,inpainted_bbox,success,0.1943188048245614
E11,79,P01_109_77,put down potato slice,put-down,slice:potato,12390,12417,21,3,keep,,12412.0,12410.0,2.0,contact_part_local_affine,contact_part_local_affine,0.2291606176807648,6.071571795806885,/Users/huhu/Documents/Code/bishe/vrb/vrbreproduction/outputs/e11/experiments/E11/pipeline_outputs/subaction_79_P01_109_77/candidate_01_frame_012412_left,110,5,0.2232,grabcut_fallback,bbox_fallback,cotracker,1.0,1.0,inpainted_bbox,success,0.22666529605263158
E11,80,P01_109_80,pick up potato slices,pick-up,slice:potato,12416,12455,54,6,keep,,12425.0,12424.0,1.0,contact_part_local_affine,contact_part_local_affine,0.2291606176807648,6.054070115561285,/Users/huhu/Documents/Code/bishe/vrb/vrbreproduction/outputs/e11/experiments/E11/pipeline_outputs/subaction_80_P01_109_80/candidate_01_frame_012425_right,91,5,0.2915555555555555,grabcut_fallback,bbox_fallback,cotracker,1.0,1.0,inpainted_bbox,success,0.18553830866228072
E11,81,P01_109_81,put down potato slices,put-down,slice:potato,12458,12480,17,3,keep,,12468.0,12465.0,3.0,contact_part_local_affine,contact_part_local_affine,0.278913148170925,6.3418329380234075,/Users/huhu/Documents/Code/bishe/vrb/vrbreproduction/outputs/e11/experiments/E11/pipeline_outputs/subaction_81_P01_109_81/candidate_00_frame_012468_right,108,5,0.0879111111111111,grabcut_fallback,bbox_fallback,cotracker,1.0,1.0,inpainted_bbox,success,0.169921875
E11,82,P01_109_82,pick up potato slice,pick-up,slice:potato,12484,12562,143,6,keep,,12493.0,12455.0,38.0,contact_part_local_affine,contact_part_local_affine,0.352451939139038,5.5291065974890286,/Users/huhu/Documents/Code/bishe/vrb/vrbreproduction/outputs/e11/experiments/E11/pipeline_outputs/subaction_82_P01_109_82/candidate_00_frame_012493_right,75,5,0.2083555555555555,grabcut_fallback,bbox_fallback,cotracker,1.0,1.0,inpainted_bbox,success,0.19495271381578946
E11,83,P01_109_83,put down potato slice,put-down,slice:potato,12562,12585,45,3,keep,,12578.0,12577.0,1.0,contact_part_local_affine,contact_part_local_affine,0.352451939139038,6.28835009124279,/Users/huhu/Documents/Code/bishe/vrb/vrbreproduction/outputs/e11/experiments/E11/pipeline_outputs/subaction_83_P01_109_83/candidate_00_frame_012578_right,116,5,0.1110666666666666,grabcut_fallback,bbox_fallback,cotracker,1.0,1.0,inpainted_bbox,success,0.17158374451754385
E11,84,P01_109_84,pick up potato slice,pick-up,slice:potato,12634,12667,38,12,keep,,12634.0,12633.0,1.0,contact_part_local_affine,contact_part_local_affine,0.3977498828034974,6.270333164660135,/Users/huhu/Documents/Code/bishe/vrb/vrbreproduction/outputs/e11/experiments/E11/pipeline_outputs/subaction_84_P01_109_84/candidate_00_frame_012634_right,107,5,0.1436888888888889,grabcut_fallback,bbox_fallback,cotracker,1.0,1.0,inpainted_bbox,success,0.18785121984649122
E11,85,P01_109_85,put down potato slice,put-down,slice:potato,12670,12692,21,4,keep,,12680.0,12679.0,1.0,contact_part_local_affine,contact_part_local_affine,0.7363975911830737,6.194544531941412,/Users/huhu/Documents/Code/bishe/vrb/vrbreproduction/outputs/e11/experiments/E11/pipeline_outputs/subaction_85_P01_109_85/candidate_01_frame_012680_left,112,5,0.1933333333333333,grabcut_fallback,bbox_fallback,cotracker,1.0,1.0,inpainted_bbox,success,0.1786595394736842
E11,86,P01_109_86,pick up potato slice,pick-up,slice:potato,12723,12753,54,5,keep,,12724.0,12650.0,74.0,contact_part_local_affine,contact_part_local_affine,0.7363975911830737,5.798602243630091,/Users/huhu/Documents/Code/bishe/vrb/vrbreproduction/outputs/e11/experiments/E11/pipeline_outputs/subaction_86_P01_109_86/candidate_00_frame_012724_left,34,5,0.1301333333333333,grabcut_fallback,bbox_fallback,cotracker,0.9891666666666667,0.9166666666666666,inpainted_bbox,success,0.17782003837719298
E11,87,P01_109_87,put down potato slice,put-down,slice:potato,12758,12786,30,6,discard,missing_hand_or_object_bbox,,,,,,,,,0,0,,,,,,,,,
E11,88,P01_109_88,pick up knife,pick-up,knife,12876,12926,98,3,keep,,12881.0,12880.0,1.0,contact_part_local_affine,contact_part_local_affine,0.4961090437133778,6.1253747419953335,/Users/huhu/Documents/Code/bishe/vrb/vrbreproduction/outputs/e11/experiments/E11/pipeline_outputs/subaction_88_P01_109_88/candidate_02_frame_012881_right,80,5,0.2417333333333333,grabcut_fallback,bbox_fallback,cotracker,1.0,1.0,inpainted_bbox,success,0.18461314418859648
E11,89,P01_109_89,cut potato slice,cut,slice:potato,12915,13036,241,3,keep,,12999.0,12998.0,1.0,contact_part_local_affine,contact_part_local_affine,0.4961090437133778,5.3093315845131865,/Users/huhu/Documents/Code/bishe/vrb/vrbreproduction/outputs/e11/experiments/E11/pipeline_outputs/subaction_89_P01_109_89/candidate_00_frame_012999_left,33,3,0.2133333333333333,grabcut_fallback,bbox_fallback,cotracker,0.825,1.0,inpainted_bbox,success,0.20279947916666666
E11,90,P01_109_90,put down knife,put-down,knife,13025,13055,58,3,discard,missing_hand_or_object_bbox,,,,,,,,,0,0,,,,,,,,,
E11,91,P01_109_91,put down potato slice,put-down,slice:potato,13065,13090,34,3,keep,,13081.0,13080.0,1.0,contact_part_local_affine,contact_part_local_affine,0.4961090437133778,6.33941696183284,/Users/huhu/Documents/Code/bishe/vrb/vrbreproduction/outputs/e11/experiments/E11/pipeline_outputs/subaction_91_P01_109_91/candidate_02_frame_013081_left,73,5,0.0981777777777777,grabcut_fallback,bbox_fallback,cotracker,1.0,1.0,inpainted_bbox,success,0.17566988760964913
E11,92,P01_109_92,pick up potato,pick-up,potato,13096,13121,32,8,keep,,13110.0,13109.0,1.0,contact_part_local_affine,contact_part_local_affine,0.4961090437133778,6.228485459180672,/Users/huhu/Documents/Code/bishe/vrb/vrbreproduction/outputs/e11/experiments/E11/pipeline_outputs/subaction_92_P01_109_92/candidate_02_frame_013110_left,37,5,0.1543111111111111,grabcut_fallback,bbox_fallback,cotracker,1.0,1.0,inpainted_bbox,success,0.16414816337719298
E11,93,P01_109_93,pick up peeler,pick-up,peeler,13126,13155,56,3,keep,,13134.0,13133.0,1.0,contact_part_local_affine,contact_part_local_affine,0.6542882604752328,6.302501603647072,/Users/huhu/Documents/Code/bishe/vrb/vrbreproduction/outputs/e11/experiments/E11/pipeline_outputs/subaction_93_P01_109_93/candidate_00_frame_013134_right,96,5,0.1201777777777777,grabcut_fallback,bbox_fallback,cotracker,1.0,1.0,inpainted_bbox,success,0.18155496162280702
E11,94,P01_109_94,peel potato,peel,potato,13152,15461,4620,4,keep,,13151.0,13140.0,11.0,contact_part_local_affine,contact_part_local_affine,0.6542882604752328,6.197875228261947,/Users/huhu/Documents/Code/bishe/vrb/vrbreproduction/outputs/e11/experiments/E11/pipeline_outputs/subaction_94_P01_109_94/candidate_02_frame_013151_right,125,5,0.1416,grabcut_fallback,bbox_fallback,cotracker,1.0,1.0,inpainted_bbox,success,0.18310546875
E11,95,P01_109_95,put down potato,put-down,potato,15463,15503,80,3,keep,,15464.0,15463.0,1.0,contact_part_local_affine,contact_part_local_affine,1.0,5.872106049531697,/Users/huhu/Documents/Code/bishe/vrb/vrbreproduction/outputs/e11/experiments/E11/pipeline_outputs/subaction_95_P01_109_95/candidate_00_frame_015464_right,147,5,0.4097333333333333,grabcut_fallback,bbox_fallback,cotracker,1.0,1.0,inpainted_bbox,success,0.22290467379385964
E11,96,P01_109_96,pick up peeler blade,pick-up,blade:peeler,15508,15575,132,6,discard,contact_points_lt5_after_object_boundary_filter,,,,,,,,,0,0,,,,,,,,,
E11,97,P01_109_97,fix peeler blade,fix,blade:peeler,15574,15772,389,3,keep,,15762.0,15761.0,1.0,contact_part_local_affine,contact_part_local_affine,0.955671625,5.4792782954957735,/Users/huhu/Documents/Code/bishe/vrb/vrbreproduction/outputs/e11/experiments/E11/pipeline_outputs/subaction_97_P01_109_97/candidate_02_frame_015762_left,112,4,0.2236444444444444,grabcut_fallback,bbox_fallback,cotracker,0.7978210422727797,1.0,inpainted_bbox,success,0.25249280427631576
E11,98,P01_109_98,pick up potato,pick-up,potato,15772,15799,56,4,keep,,15771.0,15769.0,2.0,contact_part_local_affine,contact_part_local_affine,0.955671625,6.268401681154966,/Users/huhu/Documents/Code/bishe/vrb/vrbreproduction/outputs/e11/experiments/E11/pipeline_outputs/subaction_98_P01_109_98/candidate_02_frame_015771_left,106,5,0.144,grabcut_fallback,bbox_fallback,cotracker,1.0,1.0,inpainted_bbox,success,0.21761067708333334
E11,99,P01_109_99,peel potato,peel,potato,15883,16103,442,4,keep,,15883.0,15882.0,1.0,contact_part_local_affine,contact_part_local_affine,0.955671625,5.807225448203086,/Users/huhu/Documents/Code/bishe/vrb/vrbreproduction/outputs/e11/experiments/E11/pipeline_outputs/subaction_99_P01_109_99/candidate_03_frame_015883_left,97,5,0.4545333333333333,grabcut_fallback,bbox_fallback,cotracker,1.0,1.0,inpainted_bbox,success,0.22001781798245615
